state,city,water_system,zip_code,zip_codes,pfas_type,concentration_ppt,epa_limit_ppt,exceeds_limit,population_served,system_size,pwsid
AK,"BARROW UTILITIES & ELEC. COOP., INC. (BU","BARROW UTILITIES & ELEC. COOP., INC. (BU",99723,99723,PFHxS,18.5,10.0,True,3300,S,AK2320078
AK,"BARROW UTILITIES & ELEC. COOP., INC. (BU","BARROW UTILITIES & ELEC. COOP., INC. (BU",99723,99723,PFOS,46.3,4.0,True,3300,S,AK2320078
AK,COLLEGE UTILITIES CORPORATION,COLLEGE UTILITIES CORPORATION,99701,99701|99705|99706|99707|99708|99709|99710|99711|99712|99716|99775,PFHxS,10.5,10.0,True,10000,L,AK2310900
AK,COLLEGE UTILITIES CORPORATION,COLLEGE UTILITIES CORPORATION,99701,99701|99705|99706|99707|99708|99709|99710|99711|99712|99716|99775,PFOA,6.4,4.0,True,10000,L,AK2310900
AK,FT WAINWRIGHT - MAIN POST,FT WAINWRIGHT - MAIN POST,99703,99703,PFHxS,4.3,10.0,False,10000,L,AK2310918
AK,GOLDEN HEART UTILITIES,GOLDEN HEART UTILITIES,99701,99701|99702|99705|99706|99707|99708|99709|99710|99711|99712|99714|99716|99767|99775|99790,PFHxS,8.8,10.0,False,10000,L,AK2310730
AK,GOLDEN HEART UTILITIES,GOLDEN HEART UTILITIES,99701,99701|99702|99705|99706|99707|99708|99709|99710|99711|99712|99714|99716|99767|99775|99790,PFOA,5.4,4.0,True,10000,L,AK2310730
AK,MOA MUNICIPALITY OF ANCHORAGE,MOA MUNICIPALITY OF ANCHORAGE,99501,99501|99502|99503|99504|99507|99508|99515|99516|99517|99567|99577,PFHxS,11.2,10.0,True,10000,L,AK2210906
AK,MOA MUNICIPALITY OF ANCHORAGE,MOA MUNICIPALITY OF ANCHORAGE,99501,99501|99502|99503|99504|99507|99508|99515|99516|99517|99567|99577,PFOA,9.1,4.0,True,10000,L,AK2210906
AK,UNIVERSITY OF ALASKA - FAIRBANKS,UNIVERSITY OF ALASKA - FAIRBANKS,99775,99775,PFHxS,5.7,10.0,False,3300,S,AK2310683
AK,WASILLA WATER SYSTEM,WASILLA WATER SYSTEM,99654,99654,PFHxS,4.2,10.0,False,10000,L,AK2224646
AL,ALABASTER WATER BOARD,ALABASTER WATER BOARD,35007,35007|35040|35080|35114|35115,PFBS,85.0,2000.0,False,10000,L,AL0001148
AL,ALABASTER WATER BOARD,ALABASTER WATER BOARD,35007,35007|35040|35080|35114|35115,PFHxS,3.4,10.0,False,10000,L,AL0001148
AL,ALABASTER WATER BOARD,ALABASTER WATER BOARD,35007,35007|35040|35080|35114|35115,PFOA,21.0,4.0,True,10000,L,AL0001148
AL,ALABASTER WATER BOARD,ALABASTER WATER BOARD,35007,35007|35040|35080|35114|35115,PFOS,19.0,4.0,True,10000,L,AL0001148
AL,ALBERTVILLE UTILITIES BOARD,ALBERTVILLE UTILITIES BOARD,35950,35950|35951,PFOA,11.0,4.0,True,10000,L,AL0000933
AL,ALBERTVILLE UTILITIES BOARD,ALBERTVILLE UTILITIES BOARD,35950,35950|35951,PFOS,4.8,4.0,True,10000,L,AL0000933
AL,ARAB WATER WORKS BOARD,ARAB WATER WORKS BOARD,35016,35016|35175|35670|35754|35976,PFBS,3.2,2000.0,False,10000,L,AL0000934
AL,ARDMORE WATER SYSTEM,ARDMORE WATER SYSTEM,35739,35739|38449,PFBS,3.5,2000.0,False,3300,S,AL0001420
AL,ARDMORE WATER SYSTEM,ARDMORE WATER SYSTEM,35739,35739|38449,PFHxS,3.1,10.0,False,3300,S,AL0001420
AL,ARDMORE WATER SYSTEM,ARDMORE WATER SYSTEM,35739,35739|38449,PFOA,5.9,4.0,True,3300,S,AL0001420
AL,ARDMORE WATER SYSTEM,ARDMORE WATER SYSTEM,35739,35739|38449,PFOS,12.9,4.0,True,3300,S,AL0001420
AL,ASBURY WATER SYSTEM,ASBURY WATER SYSTEM,35951,35951|35962,PFBS,6.2,2000.0,False,3300,S,AL0000935
AL,ASBURY WATER SYSTEM,ASBURY WATER SYSTEM,35951,35951|35962,PFOA,9.1,4.0,True,3300,S,AL0000935
AL,ASBURY WATER SYSTEM,ASBURY WATER SYSTEM,35951,35951|35962,PFOS,5.8,4.0,True,3300,S,AL0000935
AL,AUBURN WATER WORKS,AUBURN WATER WORKS,36832,36832,PFOA,12.0,4.0,True,10000,L,AL0000804
AL,BELFOREST WATER SYSTEM,BELFOREST WATER SYSTEM,36526,36526|36532|36551,PFBS,5.1,2000.0,False,10000,L,AL0000025
AL,BELFOREST WATER SYSTEM,BELFOREST WATER SYSTEM,36526,36526|36532|36551,PFHxS,4.1,10.0,False,10000,L,AL0000025
AL,BELFOREST WATER SYSTEM,BELFOREST WATER SYSTEM,36526,36526|36532|36551,PFOA,4.5,4.0,True,10000,L,AL0000025
AL,BELFOREST WATER SYSTEM,BELFOREST WATER SYSTEM,36526,36526|36532|36551,PFOS,4.2,4.0,True,10000,L,AL0000025
AL,BESSEMER WATER SERVICE,BESSEMER WATER SERVICE,35020,35020|35023,PFBS,3.6,2000.0,False,10000,L,AL0000737
AL,BESSEMER WATER SERVICE,BESSEMER WATER SERVICE,35020,35020|35023,PFOS,5.9,4.0,True,10000,L,AL0000737
AL,BEULAH UTILITIES DISTRICT,BEULAH UTILITIES DISTRICT,36801,36801|36854,PFBS,3.2,2000.0,False,3300,S,AL0000180
AL,BEULAH UTILITIES DISTRICT,BEULAH UTILITIES DISTRICT,36801,36801|36854,PFOA,8.8,4.0,True,3300,S,AL0000180
AL,BEULAH UTILITIES DISTRICT,BEULAH UTILITIES DISTRICT,36801,36801|36854,PFOS,6.2,4.0,True,3300,S,AL0000180
AL,BIRMINGHAM WATER WORKS BOARD,BIRMINGHAM WATER WORKS BOARD,35004,35004|35005|35023|35060|35061|35062|35064|35068|35071|35073|35080|35091|35094|35116|35118|35126|35127|35133|35172|35180|35203|35204|35205|35206|35207|35208|35209|35210|35211|35212|35213|35214|35215|35216|35217|35218|35221|35222|35223|35224|35226|35228|35233|35234|35235|35242|35243|35244|35294,PFBS,7.9,2000.0,False,10000,L,AL0000738
AL,BOAZ WATER & SEWER BOARD,BOAZ WATER & SEWER BOARD,35957,35957,PFBS,3.7,2000.0,False,10000,L,AL0000936
AL,BOAZ WATER & SEWER BOARD,BOAZ WATER & SEWER BOARD,35957,35957,PFOA,10.0,4.0,True,10000,L,AL0000936
AL,BOAZ WATER & SEWER BOARD,BOAZ WATER & SEWER BOARD,35957,35957,PFOS,4.6,4.0,True,10000,L,AL0000936
AL,BRIDGEPORT UTILITIES BOARD,BRIDGEPORT UTILITIES BOARD,35740,35740,PFBS,3.1,2000.0,False,3300,S,AL0000713
AL,CENTRE WATER & SEWER BOARD,CENTRE WATER & SEWER BOARD,,,PFBS,77.0,2000.0,False,3300,S,AL0000188
AL,CENTRE WATER & SEWER BOARD,CENTRE WATER & SEWER BOARD,,,PFOA,5.2,4.0,True,3300,S,AL0000188
AL,CHILDERSBURG WATER & SEWER  BOARD,CHILDERSBURG WATER & SEWER  BOARD,35014,35014|35032|35044|35150|35151,PFBS,3.1,2000.0,False,3300,S,AL0001228
AL,CHILDERSBURG WATER & SEWER  BOARD,CHILDERSBURG WATER & SEWER  BOARD,35014,35014|35032|35044|35150|35151,PFHxS,6.0,10.0,False,3300,S,AL0001228
AL,CHILDERSBURG WATER & SEWER  BOARD,CHILDERSBURG WATER & SEWER  BOARD,35014,35014|35032|35044|35150|35151,PFOS,15.1,4.0,True,3300,S,AL0001228
AL,CHISHOLM HEIGHTS WATER & F P AUTHORITY,CHISHOLM HEIGHTS WATER & F P AUTHORITY,35630,35630,PFBS,4.3,2000.0,False,3300,S,AL0000777
AL,CHISHOLM HEIGHTS WATER & F P AUTHORITY,CHISHOLM HEIGHTS WATER & F P AUTHORITY,35630,35630,PFOA,5.2,4.0,True,3300,S,AL0000777
AL,CHISHOLM HEIGHTS WATER & F P AUTHORITY,CHISHOLM HEIGHTS WATER & F P AUTHORITY,35630,35630,PFOS,9.6,4.0,True,3300,S,AL0000777
AL,CLANTON WATER DEPARTMENT,CLANTON WATER DEPARTMENT,35045,35045|35046,PFBS,85.0,2000.0,False,10000,L,AL0000213
AL,CLANTON WATER DEPARTMENT,CLANTON WATER DEPARTMENT,35045,35045|35046,PFHxS,3.3,10.0,False,10000,L,AL0000213
AL,CLANTON WATER DEPARTMENT,CLANTON WATER DEPARTMENT,35045,35045|35046,PFOA,26.0,4.0,True,10000,L,AL0000213
AL,CLANTON WATER DEPARTMENT,CLANTON WATER DEPARTMENT,35045,35045|35046,PFOS,28.0,4.0,True,10000,L,AL0000213
AL,COLBERT COUNTY RURAL WATER SYSTEM,COLBERT COUNTY RURAL WATER SYSTEM,35616,35616|35646|35653|35661|35672|35674,PFBS,8.5,2000.0,False,10000,L,AL0000314
AL,COLBERT COUNTY RURAL WATER SYSTEM,COLBERT COUNTY RURAL WATER SYSTEM,35616,35616|35646|35653|35661|35672|35674,PFHxS,3.8,10.0,False,10000,L,AL0000314
AL,COLBERT COUNTY RURAL WATER SYSTEM,COLBERT COUNTY RURAL WATER SYSTEM,35616,35616|35646|35653|35661|35672|35674,PFOA,19.8,4.0,True,10000,L,AL0000314
AL,COLBERT COUNTY RURAL WATER SYSTEM,COLBERT COUNTY RURAL WATER SYSTEM,35616,35616|35646|35653|35661|35672|35674,PFOS,29.5,4.0,True,10000,L,AL0000314
AL,COLLINSVILLE WATER WORKS,COLLINSVILLE WATER WORKS,35951,35951|35954|35961|35962|35963,PFOA,52.5,4.0,True,3300,S,AL0000506
AL,COLLINSVILLE WATER WORKS,COLLINSVILLE WATER WORKS,35951,35951|35954|35961|35962|35963,PFOS,6.6,4.0,True,3300,S,AL0000506
AL,COOK SPRINGS WATER AUTHORITY,COOK SPRINGS WATER AUTHORITY,35094,35094|35120|35125|35128,PFBS,24.1,2000.0,False,3300,S,AL0001434
AL,COOK SPRINGS WATER AUTHORITY,COOK SPRINGS WATER AUTHORITY,35094,35094|35120|35125|35128,PFOA,4.0,4.0,False,3300,S,AL0001434
AL,CUMBERLAND MOUNTAIN WATER,CUMBERLAND MOUNTAIN WATER,35746,35746|35768|35776,PFBS,3.1,2000.0,False,3300,S,AL0000717
AL,DECATUR (MUNICIPAL UTILITIES BOARD OF),DECATUR (MUNICIPAL UTILITIES BOARD OF),35601,35601|35603|35622|35670|35671|35673,PFBS,3.4,2000.0,False,10000,L,AL0001084
AL,DEKALB-JACKSON WATER SUPPLY DISTRICT,DEKALB-JACKSON WATER SUPPLY DISTRICT,35772,35772,PFBS,7.7,2000.0,False,10000,L,AL0001796
AL,EAST ALABAMA WATER & FIRE PRO DISTRICT,EAST ALABAMA WATER & FIRE PRO DISTRICT,36274,36274|36852|36854|36855|36862|36863,PFBS,3.9,2000.0,False,10000,L,AL0000174
AL,ECLECTIC WATER WORKS & SEWER BOARD,ECLECTIC WATER WORKS & SEWER BOARD,36024,36024|36078,PFOS,5.0,4.0,True,3300,S,AL0000533
AL,FAIRHOPE WATER SYSTEM (CITY OF),FAIRHOPE WATER SYSTEM (CITY OF),36532,36532,PFOA,5.7,4.0,True,10000,L,AL0000035
AL,FAIRHOPE WATER SYSTEM (CITY OF),FAIRHOPE WATER SYSTEM (CITY OF),36532,36532,PFOS,15.0,4.0,True,10000,L,AL0000035
AL,FLORENCE WATER-WASTEWATER DEPARTMENT,FLORENCE WATER-WASTEWATER DEPARTMENT,35630,35630|35631|35633|35634|35645,PFBS,5.1,2000.0,False,10000,L,AL0000783
AL,FLORENCE WATER-WASTEWATER DEPARTMENT,FLORENCE WATER-WASTEWATER DEPARTMENT,35630,35630|35631|35633|35634|35645,PFOA,9.7,4.0,True,10000,L,AL0000783
AL,FLORENCE WATER-WASTEWATER DEPARTMENT,FLORENCE WATER-WASTEWATER DEPARTMENT,35630,35630|35631|35633|35634|35645,PFOS,17.0,4.0,True,10000,L,AL0000783
AL,FRIENDSHIP WATER WORKS,FRIENDSHIP WATER WORKS,36078,36078,PFOS,4.5,4.0,True,3300,S,AL0000537
AL,GADSDEN WATER WORKS AND SEWER BOARD,GADSDEN WATER WORKS AND SEWER BOARD,35901,35901|35902|35903|35904|35905|35906|35907,PFBS,155.4,2000.0,False,10000,L,AL0000577
AL,GADSDEN WATER WORKS AND SEWER BOARD,GADSDEN WATER WORKS AND SEWER BOARD,35901,35901|35902|35903|35904|35905|35906|35907,PFHxS,4.2,10.0,False,10000,L,AL0000577
AL,GADSDEN WATER WORKS AND SEWER BOARD,GADSDEN WATER WORKS AND SEWER BOARD,35901,35901|35902|35903|35904|35905|35906|35907,PFOA,32.0,4.0,True,10000,L,AL0000577
AL,GADSDEN WATER WORKS AND SEWER BOARD,GADSDEN WATER WORKS AND SEWER BOARD,35901,35901|35902|35903|35904|35905|35906|35907,PFOS,32.4,4.0,True,10000,L,AL0000577
AL,GRAND BAY WATER WORKS BOARD,GRAND BAY WATER WORKS BOARD,36541,36541,PFOA,31.4,4.0,True,10000,L,AL0000983
AL,GRAND BAY WATER WORKS BOARD,GRAND BAY WATER WORKS BOARD,36541,36541,PFOS,26.9,4.0,True,10000,L,AL0000983
AL,GREENHILL WATER & FIRE PRO AUTHORITY,GREENHILL WATER & FIRE PRO AUTHORITY,35634,35634,PFBS,4.3,2000.0,False,3300,S,AL0001423
AL,GREENHILL WATER & FIRE PRO AUTHORITY,GREENHILL WATER & FIRE PRO AUTHORITY,35634,35634,PFOA,10.6,4.0,True,3300,S,AL0001423
AL,GREENHILL WATER & FIRE PRO AUTHORITY,GREENHILL WATER & FIRE PRO AUTHORITY,35634,35634,PFOS,22.3,4.0,True,3300,S,AL0001423
AL,GROVE HILL WATER WORKS,GROVE HILL WATER WORKS,36451,36451,PFBS,6.0,2000.0,False,3300,S,AL0000255
AL,GROVE HILL WATER WORKS,GROVE HILL WATER WORKS,36451,36451,PFHxS,14.0,10.0,True,3300,S,AL0000255
AL,GROVE HILL WATER WORKS,GROVE HILL WATER WORKS,36451,36451,PFOA,5.0,4.0,True,3300,S,AL0000255
AL,GROVE HILL WATER WORKS,GROVE HILL WATER WORKS,36451,36451,PFOS,19.0,4.0,True,3300,S,AL0000255
AL,GUNTERSVILLE WATER WORKS & SEWER BOARD,GUNTERSVILLE WATER WORKS & SEWER BOARD,35976,35976,PFBS,3.3,2000.0,False,10000,L,AL0000943
AL,GUNTERSVILLE WATER WORKS & SEWER BOARD,GUNTERSVILLE WATER WORKS & SEWER BOARD,35976,35976,PFOA,6.8,4.0,True,10000,L,AL0000943
AL,GUNTERSVILLE WATER WORKS & SEWER BOARD,GUNTERSVILLE WATER WORKS & SEWER BOARD,35976,35976,PFOS,4.8,4.0,True,10000,L,AL0000943
AL,HANCEVILLE (THE WWSB OF THE CITY OF),HANCEVILLE (THE WWSB OF THE CITY OF),35077,35077,PFBS,3.3,2000.0,False,3300,S,AL0000406
AL,HARTSELLE UTILITY BOARD,HARTSELLE UTILITY BOARD,35640,35640,PFBS,4.4,2000.0,False,10000,L,AL0001086
AL,HARVEST-MONROVIA WATER SYSTEM,HARVEST-MONROVIA WATER SYSTEM,35742,35742|35749|35757|35773|35806,PFBS,4.7,2000.0,False,10000,L,AL0000878
AL,HARVEST-MONROVIA WATER SYSTEM,HARVEST-MONROVIA WATER SYSTEM,35742,35742|35749|35757|35773|35806,PFOA,4.8,4.0,True,10000,L,AL0000878
AL,HARVEST-MONROVIA WATER SYSTEM,HARVEST-MONROVIA WATER SYSTEM,35742,35742|35749|35757|35773|35806,PFOS,4.3,4.0,True,10000,L,AL0000878
AL,HAWK PRIDE MT WATER SYSTEM,HAWK PRIDE MT WATER SYSTEM,35674,35674,PFBS,6.3,2000.0,False,3300,S,AL0000316
AL,HAWK PRIDE MT WATER SYSTEM,HAWK PRIDE MT WATER SYSTEM,35674,35674,PFOA,5.5,4.0,True,3300,S,AL0000316
AL,HAWK PRIDE MT WATER SYSTEM,HAWK PRIDE MT WATER SYSTEM,35674,35674,PFOS,9.2,4.0,True,3300,S,AL0000316
AL,HELENA UTILITY BOARD,HELENA UTILITY BOARD,35022,35022|35080,PFBS,13.0,2000.0,False,10000,L,AL0001157
AL,HELENA UTILITY BOARD,HELENA UTILITY BOARD,35022,35022|35080,PFHxS,5.3,10.0,False,10000,L,AL0001157
AL,HELENA UTILITY BOARD,HELENA UTILITY BOARD,35022,35022|35080,PFOA,4.0,4.0,False,10000,L,AL0001157
AL,HELENA UTILITY BOARD,HELENA UTILITY BOARD,35022,35022|35080,PFOS,7.0,4.0,True,10000,L,AL0001157
AL,HIGHLAND WATER AUTHORITY,HIGHLAND WATER AUTHORITY,35904,35904|35954|35961,PFBS,134.3,2000.0,False,3300,S,AL0000580
AL,HIGHLAND WATER AUTHORITY,HIGHLAND WATER AUTHORITY,35904,35904|35954|35961,PFHxS,3.1,10.0,False,3300,S,AL0000580
AL,HIGHLAND WATER AUTHORITY,HIGHLAND WATER AUTHORITY,35904,35904|35954|35961,PFOA,26.7,4.0,True,3300,S,AL0000580
AL,HIGHLAND WATER AUTHORITY,HIGHLAND WATER AUTHORITY,35904,35904|35954|35961,PFOS,27.8,4.0,True,3300,S,AL0000580
AL,HOLTVILLE WATER SYSTEM,HOLTVILLE WATER SYSTEM,36022,36022|36051|36092,PFBS,62.0,2000.0,False,3300,S,AL0000540
AL,HOLTVILLE WATER SYSTEM,HOLTVILLE WATER SYSTEM,36022,36022|36051|36092,PFOA,17.0,4.0,True,3300,S,AL0000540
AL,HOLTVILLE WATER SYSTEM,HOLTVILLE WATER SYSTEM,36022,36022|36051|36092,PFOS,18.0,4.0,True,3300,S,AL0000540
AL,HUGULEY WATER AUTHORITY,HUGULEY WATER AUTHORITY,36863,36863,PFBS,5.4,2000.0,False,3300,S,AL0000177
AL,HUGULEY WATER AUTHORITY,HUGULEY WATER AUTHORITY,36863,36863,PFOS,4.2,4.0,True,3300,S,AL0000177
AL,HUNTSVILLE UTILITIES,HUNTSVILLE UTILITIES,35801,35801|35802|35803|35804|35805|35806|35807|35809|35810|35811|35812|35813|35814|35815|35816|35824|35893|35894|35895|35896|35897|35899,PFBS,6.2,2000.0,False,10000,L,AL0000882
AL,HUNTSVILLE UTILITIES,HUNTSVILLE UTILITIES,35801,35801|35802|35803|35804|35805|35806|35807|35809|35810|35811|35812|35813|35814|35815|35816|35824|35893|35894|35895|35896|35897|35899,PFOA,4.7,4.0,True,10000,L,AL0000882
AL,HUNTSVILLE UTILITIES,HUNTSVILLE UTILITIES,35801,35801|35802|35803|35804|35805|35806|35807|35809|35810|35811|35812|35813|35814|35815|35816|35824|35893|35894|35895|35896|35897|35899,PFOS,9.0,4.0,True,10000,L,AL0000882
AL,IRONDALE WATER SYSTEM,IRONDALE WATER SYSTEM,35094,35094|35210|35213,PFBS,3.5,2000.0,False,10000,L,AL0000751
AL,IRONDALE WATER SYSTEM,IRONDALE WATER SYSTEM,35094,35094|35210|35213,PFHxS,7.9,10.0,False,10000,L,AL0000751
AL,IRONDALE WATER SYSTEM,IRONDALE WATER SYSTEM,35094,35094|35210|35213,PFOA,5.1,4.0,True,10000,L,AL0000751
AL,IRONDALE WATER SYSTEM,IRONDALE WATER SYSTEM,35094,35094|35210|35213,PFOS,59.4,4.0,True,10000,L,AL0000751
AL,JACKSON COUNTY WATER AUTHORITY,JACKSON COUNTY WATER AUTHORITY,35745,35745|35746|35748|35751|35752|35764|35766|35768|35769|35772|35774|35776,PFBS,4.1,2000.0,False,3300,S,AL0001748
AL,JACKSON WATER WORKS & SEWER BOARD,JACKSON WATER WORKS & SEWER BOARD,36545,36545,PFOS,6.2,4.0,True,10000,L,AL0000256
AL,"JOPPA, HULACO & RYAN WATER AUTHORITY","JOPPA, HULACO & RYAN WATER AUTHORITY",35087,35087,PFBS,3.3,2000.0,False,3300,S,AL0000409
AL,LANETT WATER WORKS,LANETT WATER WORKS,36863,36863,PFBS,8.6,2000.0,False,3300,S,AL0000179
AL,LIMESTONE COUNTY WATER SYSTEM,LIMESTONE COUNTY WATER SYSTEM,35611,35611|35612|35613|35614|35620|35647|35652|35671|35742|35749|35756|35758,PFBS,12.4,2000.0,False,10000,L,AL0000833
AL,LIMESTONE COUNTY WATER SYSTEM,LIMESTONE COUNTY WATER SYSTEM,35611,35611|35612|35613|35614|35620|35647|35652|35671|35742|35749|35756|35758,PFHxS,6.8,10.0,False,10000,L,AL0000833
AL,LIMESTONE COUNTY WATER SYSTEM,LIMESTONE COUNTY WATER SYSTEM,35611,35611|35612|35613|35614|35620|35647|35652|35671|35742|35749|35756|35758,PFOA,8.7,4.0,True,10000,L,AL0000833
AL,LIMESTONE COUNTY WATER SYSTEM,LIMESTONE COUNTY WATER SYSTEM,35611,35611|35612|35613|35614|35620|35647|35652|35671|35742|35749|35756|35758,PFOS,11.1,4.0,True,10000,L,AL0000833
AL,LINCOLN (CITY OF),LINCOLN (CITY OF),35096,35096,PFBS,3.3,2000.0,False,10000,L,AL0001245
AL,LITTLEVILLE WATERWORKS,LITTLEVILLE WATERWORKS,35654,35654|35674,PFBS,6.6,2000.0,False,3300,S,AL0000320
AL,LITTLEVILLE WATERWORKS,LITTLEVILLE WATERWORKS,35654,35654|35674,PFOA,7.1,4.0,True,3300,S,AL0000320
AL,LITTLEVILLE WATERWORKS,LITTLEVILLE WATERWORKS,35654,35654|35674,PFOS,17.0,4.0,True,3300,S,AL0000320
AL,LOACHAPOKA WATER AUTHORITY,LOACHAPOKA WATER AUTHORITY,36830,36830|36832|36850|36860|36865|36879,PFBS,3.2,2000.0,False,10000,L,AL0000814
AL,LOACHAPOKA WATER AUTHORITY,LOACHAPOKA WATER AUTHORITY,36830,36830|36832|36850|36860|36865|36879,PFHxS,3.0,10.0,False,10000,L,AL0000814
AL,LOACHAPOKA WATER AUTHORITY,LOACHAPOKA WATER AUTHORITY,36830,36830|36832|36850|36860|36865|36879,PFOA,16.0,4.0,True,10000,L,AL0000814
AL,MACON COUNTY WATER AUTHORITY,MACON COUNTY WATER AUTHORITY,36029,36029|36031|36039|36064|36075|36078|36083|36087|36089|36444|36801|36802|36803|36804|36830|36831|36832|36849|36860|36865|36866|36867,PFOA,4.8,4.0,True,3300,S,AL0000867
AL,MADISON COUNTY WATER DEPARTMENT,MADISON COUNTY WATER DEPARTMENT,35739,35739|35741|35748|35749|35750|35759|35760|35761|35763|35773|35776|35810|35811,PFBS,4.7,2000.0,False,10000,L,AL0000888
AL,MADISON COUNTY WATER DEPARTMENT,MADISON COUNTY WATER DEPARTMENT,35739,35739|35741|35748|35749|35750|35759|35760|35761|35763|35773|35776|35810|35811,PFOS,5.0,4.0,True,10000,L,AL0000888
AL,MADISON WATER WORKS & SEWER,MADISON WATER WORKS & SEWER,35756,35756|35757|35758,PFBS,3.9,2000.0,False,10000,L,AL0000885
AL,"MARBURY WATER SYSTEM, INC.","MARBURY WATER SYSTEM, INC.",36051,36051,PFBS,73.0,2000.0,False,3300,S,AL0000013
AL,"MARBURY WATER SYSTEM, INC.","MARBURY WATER SYSTEM, INC.",36051,36051,PFOA,16.1,4.0,True,3300,S,AL0000013
AL,"MARBURY WATER SYSTEM, INC.","MARBURY WATER SYSTEM, INC.",36051,36051,PFOS,20.2,4.0,True,3300,S,AL0000013
AL,MARGARET WATER WORKS,MARGARET WATER WORKS,35112,35112|35120,PFBS,23.8,2000.0,False,3300,S,AL0001199
AL,MILLBROOK UTILITIES,MILLBROOK UTILITIES,36054,36054,PFBS,65.0,2000.0,False,3300,S,AL0000539
AL,MILLBROOK UTILITIES,MILLBROOK UTILITIES,36054,36054,PFOA,15.2,4.0,True,3300,S,AL0000539
AL,MILLBROOK UTILITIES,MILLBROOK UTILITIES,36054,36054,PFOS,18.1,4.0,True,3300,S,AL0000539
AL,MONTEVALLO WATER WORKS & SEWER,MONTEVALLO WATER WORKS & SEWER,35115,35115,PFBS,3.0,2000.0,False,3300,S,AL0001160
AL,MONTEVALLO WATER WORKS & SEWER,MONTEVALLO WATER WORKS & SEWER,35115,35115,PFHxS,5.9,10.0,False,3300,S,AL0001160
AL,MONTEVALLO WATER WORKS & SEWER,MONTEVALLO WATER WORKS & SEWER,35115,35115,PFOS,16.7,4.0,True,3300,S,AL0001160
AL,MOULTON WATER WORKS BOARD,MOULTON WATER WORKS BOARD,35650,35650,PFBS,5.4,2000.0,False,3300,S,AL0000798
AL,MUSCLE SHOALS UTILITY BOARD,MUSCLE SHOALS UTILITY BOARD,35661,35661|35662|35674,PFBS,5.1,2000.0,False,10000,L,AL0000321
AL,MUSCLE SHOALS UTILITY BOARD,MUSCLE SHOALS UTILITY BOARD,35661,35661|35662|35674,PFOA,9.6,4.0,True,10000,L,AL0000321
AL,MUSCLE SHOALS UTILITY BOARD,MUSCLE SHOALS UTILITY BOARD,35661,35661|35662|35674,PFOS,16.8,4.0,True,10000,L,AL0000321
AL,Mashantucket Pequot Water System,Mashantucket Pequot Water System,06338,06338,PFBS,3.6,2000.0,False,10000,L,010106001
AL,Mashantucket Pequot Water System,Mashantucket Pequot Water System,06338,06338,PFOA,7.4,4.0,True,10000,L,010106001
AL,NE MORGAN CO WATER AND SEWER AUTHORITY,NE MORGAN CO WATER AND SEWER AUTHORITY,35670,35670,PFBS,3.2,2000.0,False,10000,L,AL0001088
AL,NORTH BALDWIN UTILITIES,NORTH BALDWIN UTILITIES,36507,36507|36550|36578,PFHxS,8.6,10.0,False,10000,L,AL0000023
AL,NORTH BALDWIN UTILITIES,NORTH BALDWIN UTILITIES,36507,36507|36550|36578,PFOS,11.0,4.0,True,10000,L,AL0000023
AL,NORTHEAST ALABAMA WATER SYSTEM,NORTHEAST ALABAMA WATER SYSTEM,35755,35755|35950|35951|35956|35957|35959|35960|35961|35962|35963|35967|35968|35971|35973|35974|35975|35976|35978|35981|35983|35986|35988|35989|36775,PFBS,5.7,2000.0,False,10000,L,AL0001422
AL,NORTHEAST ALABAMA WATER SYSTEM,NORTHEAST ALABAMA WATER SYSTEM,35755,35755|35950|35951|35956|35957|35959|35960|35961|35962|35963|35967|35968|35971|35973|35974|35975|35976|35978|35981|35983|35986|35988|35989|36775,PFOA,11.9,4.0,True,10000,L,AL0001422
AL,NORTHEAST ALABAMA WATER SYSTEM,NORTHEAST ALABAMA WATER SYSTEM,35755,35755|35950|35951|35956|35957|35959|35960|35961|35962|35963|35967|35968|35971|35973|35974|35975|35976|35978|35981|35983|35986|35988|35989|36775,PFOS,5.6,4.0,True,10000,L,AL0001422
AL,NORTHEAST ETOWAH COUNTY WATER CO-OP,NORTHEAST ETOWAH COUNTY WATER CO-OP,35901,35901,PFBS,140.0,2000.0,False,3300,S,AL0000587
AL,NORTHEAST ETOWAH COUNTY WATER CO-OP,NORTHEAST ETOWAH COUNTY WATER CO-OP,35901,35901,PFHxS,3.0,10.0,False,3300,S,AL0000587
AL,NORTHEAST ETOWAH COUNTY WATER CO-OP,NORTHEAST ETOWAH COUNTY WATER CO-OP,35901,35901,PFOA,27.0,4.0,True,3300,S,AL0000587
AL,NORTHEAST ETOWAH COUNTY WATER CO-OP,NORTHEAST ETOWAH COUNTY WATER CO-OP,35901,35901,PFOS,20.0,4.0,True,3300,S,AL0000587
AL,ODENVILLE (UTIL BOARD OF THE TOWN OF),ODENVILLE (UTIL BOARD OF THE TOWN OF),35004,35004|35120|35146|35173|35953,PFBS,24.3,2000.0,False,10000,L,AL0001203
AL,ODENVILLE (UTIL BOARD OF THE TOWN OF),ODENVILLE (UTIL BOARD OF THE TOWN OF),35004,35004|35120|35146|35173|35953,PFOA,4.9,4.0,True,10000,L,AL0001203
AL,OPELIKA UTILITIES,OPELIKA UTILITIES,36801,36801,PFOA,11.0,4.0,True,10000,L,AL0000816
AL,OPELIKA UTILITIES,OPELIKA UTILITIES,36801,36801,PFOS,6.4,4.0,True,10000,L,AL0000816
AL,OXFORD WATER WORKS & SEWER BOARD,OXFORD WATER WORKS & SEWER BOARD,35096,35096|35160|36201|36203|36207|36257|36260|36268,PFHxS,3.1,10.0,False,10000,L,AL0000162
AL,OXFORD WATER WORKS & SEWER BOARD,OXFORD WATER WORKS & SEWER BOARD,35096,35096|35160|36201|36203|36207|36257|36260|36268,PFOS,6.1,4.0,True,10000,L,AL0000162
AL,PELHAM WATER WORKS,PELHAM WATER WORKS,35124,35124,PFBS,64.3,2000.0,False,10000,L,AL0001163
AL,PELHAM WATER WORKS,PELHAM WATER WORKS,35124,35124,PFOA,11.6,4.0,True,10000,L,AL0001163
AL,PELHAM WATER WORKS,PELHAM WATER WORKS,35124,35124,PFOS,5.6,4.0,True,10000,L,AL0001163
AL,PELL CITY WATER WORKS,PELL CITY WATER WORKS,35125,35125|35128,PFBS,94.0,2000.0,False,10000,L,AL0001204
AL,PELL CITY WATER WORKS,PELL CITY WATER WORKS,35125,35125|35128,PFOA,15.0,4.0,True,10000,L,AL0001204
AL,PELL CITY WATER WORKS,PELL CITY WATER WORKS,35125,35125|35128,PFOS,5.5,4.0,True,10000,L,AL0001204
AL,PHENIX CITY UTILITIES,PHENIX CITY UTILITIES,36867,36867,PFBS,5.3,2000.0,False,10000,L,AL0001142
AL,PHENIX CITY UTILITIES,PHENIX CITY UTILITIES,36867,36867,PFOA,7.5,4.0,True,10000,L,AL0001142
AL,PHENIX CITY UTILITIES,PHENIX CITY UTILITIES,36867,36867,PFOS,6.8,4.0,True,10000,L,AL0001142
AL,PINE HILL WATER DEPARTMENT,PINE HILL WATER DEPARTMENT,36769,36769,PFBS,39.6,2000.0,False,3300,S,AL0001393
AL,PINE HILL WATER DEPARTMENT,PINE HILL WATER DEPARTMENT,36769,36769,PFOA,8.4,4.0,True,3300,S,AL0001393
AL,PINE HILL WATER DEPARTMENT,PINE HILL WATER DEPARTMENT,36769,36769,PFOS,13.7,4.0,True,3300,S,AL0001393
AL,PRATTVILLE (WATER WORKS BOARD OF),PRATTVILLE (WATER WORKS BOARD OF),36066,36066|36067|36068,PFBS,88.3,2000.0,False,10000,L,AL0000017
AL,PRATTVILLE (WATER WORKS BOARD OF),PRATTVILLE (WATER WORKS BOARD OF),36066,36066|36067|36068,PFOA,19.2,4.0,True,10000,L,AL0000017
AL,PRATTVILLE (WATER WORKS BOARD OF),PRATTVILLE (WATER WORKS BOARD OF),36066,36066|36067|36068,PFOS,22.8,4.0,True,10000,L,AL0000017
AL,ROGERSVILLE WATER WORKS & SEWER BOARD,ROGERSVILLE WATER WORKS & SEWER BOARD,35652,35652,PFBS,19.9,2000.0,False,3300,S,AL0000789
AL,ROGERSVILLE WATER WORKS & SEWER BOARD,ROGERSVILLE WATER WORKS & SEWER BOARD,35652,35652,PFHxS,6.9,10.0,False,3300,S,AL0000789
AL,ROGERSVILLE WATER WORKS & SEWER BOARD,ROGERSVILLE WATER WORKS & SEWER BOARD,35652,35652,PFOA,10.2,4.0,True,3300,S,AL0000789
AL,ROGERSVILLE WATER WORKS & SEWER BOARD,ROGERSVILLE WATER WORKS & SEWER BOARD,35652,35652,PFOS,12.3,4.0,True,3300,S,AL0000789
AL,RUSSELL COUNTY WATER AUTHORITY,RUSSELL COUNTY WATER AUTHORITY,36804,36804|36858|36860|36869|36870|36871|36874|36875,PFBS,4.6,2000.0,False,10000,L,AL0001145
AL,RUSSELL COUNTY WATER AUTHORITY,RUSSELL COUNTY WATER AUTHORITY,36804,36804|36858|36860|36869|36870|36871|36874|36875,PFOA,5.8,4.0,True,10000,L,AL0001145
AL,RUSSELL COUNTY WATER AUTHORITY,RUSSELL COUNTY WATER AUTHORITY,36804,36804|36858|36860|36869|36870|36871|36874|36875,PFOS,5.6,4.0,True,10000,L,AL0001145
AL,SARALAND WATER SERVICE,SARALAND WATER SERVICE,36571,36571|36572,PFOA,4.5,4.0,True,10000,L,AL0001021
AL,SARALAND WATER SERVICE,SARALAND WATER SERVICE,36571,36571|36572,PFOS,12.0,4.0,True,10000,L,AL0001021
AL,SARDIS CITY WATER BOARD,SARDIS CITY WATER BOARD,35956,35956|35957,PFBS,3.5,2000.0,False,3300,S,AL0000947
AL,SARDIS CITY WATER BOARD,SARDIS CITY WATER BOARD,35956,35956|35957,PFOA,5.6,4.0,True,3300,S,AL0000947
AL,SCOTTSBORO WATER WORKS,SCOTTSBORO WATER WORKS,35768,35768|35769,PFBS,3.7,2000.0,False,10000,L,AL0000729
AL,SECTION-DUTTON WATER SYSTEM,SECTION-DUTTON WATER SYSTEM,35755,35755|35765|35769|35967,PFBS,5.4,2000.0,False,10000,L,AL0000728
AL,SHEFFIELD UTILITIES DEPARTMENT,SHEFFIELD UTILITIES DEPARTMENT,35660,35660,PFBS,4.7,2000.0,False,10000,L,AL0000327
AL,SHEFFIELD UTILITIES DEPARTMENT,SHEFFIELD UTILITIES DEPARTMENT,35660,35660,PFOA,13.0,4.0,True,10000,L,AL0000327
AL,SHEFFIELD UTILITIES DEPARTMENT,SHEFFIELD UTILITIES DEPARTMENT,35660,35660,PFOS,20.0,4.0,True,10000,L,AL0000327
AL,SHELBY COUNTY WATER SYSTEM,SHELBY COUNTY WATER SYSTEM,35043,35043|35051|35078|35147|35178|35186|35242,PFBS,113.5,2000.0,False,10000,L,AL0001671
AL,SHELBY COUNTY WATER SYSTEM,SHELBY COUNTY WATER SYSTEM,35043,35043|35051|35078|35147|35178|35186|35242,PFHxS,3.4,10.0,False,10000,L,AL0001671
AL,SHELBY COUNTY WATER SYSTEM,SHELBY COUNTY WATER SYSTEM,35043,35043|35051|35078|35147|35178|35186|35242,PFOA,26.1,4.0,True,10000,L,AL0001671
AL,SHELBY COUNTY WATER SYSTEM,SHELBY COUNTY WATER SYSTEM,35043,35043|35051|35078|35147|35178|35186|35242,PFOS,27.7,4.0,True,10000,L,AL0001671
AL,SMITHS WATER AND SEWER AUTHORITY,SMITHS WATER AND SEWER AUTHORITY,36801,36801|36804|36867|36868|36870|36874|36877,PFBS,4.4,2000.0,False,10000,L,AL0000820
AL,SMITHS WATER AND SEWER AUTHORITY,SMITHS WATER AND SEWER AUTHORITY,36801,36801|36804|36867|36868|36870|36874|36877,PFOA,5.9,4.0,True,10000,L,AL0000820
AL,SMITHS WATER AND SEWER AUTHORITY,SMITHS WATER AND SEWER AUTHORITY,36801,36801|36804|36867|36868|36870|36874|36877,PFOS,6.3,4.0,True,10000,L,AL0000820
AL,SOUTH MARENGO CO WATER & FIRE PRO AUTH,SOUTH MARENGO CO WATER & FIRE PRO AUTH,36722,36722|36736|36748|36754|36769|36782|36783|36784,PFBS,33.0,2000.0,False,3300,S,AL0001439
AL,SOUTH MARENGO CO WATER & FIRE PRO AUTH,SOUTH MARENGO CO WATER & FIRE PRO AUTH,36722,36722|36736|36748|36754|36769|36782|36783|36784,PFOA,9.2,4.0,True,3300,S,AL0001439
AL,SOUTH MARENGO CO WATER & FIRE PRO AUTH,SOUTH MARENGO CO WATER & FIRE PRO AUTH,36722,36722|36736|36748|36754|36769|36782|36783|36784,PFOS,15.0,4.0,True,3300,S,AL0001439
AL,SOUTHSIDE WATER WORKS,SOUTHSIDE WATER WORKS,35907,35907,PFBS,50.0,2000.0,False,10000,L,AL0000591
AL,SOUTHSIDE WATER WORKS,SOUTHSIDE WATER WORKS,35907,35907,PFOA,14.0,4.0,True,10000,L,AL0000591
AL,SOUTHSIDE WATER WORKS,SOUTHSIDE WATER WORKS,35907,35907,PFOS,8.1,4.0,True,10000,L,AL0000591
AL,SPRING VALLEY WATER AUTHORITY,SPRING VALLEY WATER AUTHORITY,35646,35646|35654|35661|35674,PFBS,9.0,2000.0,False,3300,S,AL0000329
AL,SPRING VALLEY WATER AUTHORITY,SPRING VALLEY WATER AUTHORITY,35646,35646|35654|35661|35674,PFOA,11.0,4.0,True,3300,S,AL0000329
AL,SPRING VALLEY WATER AUTHORITY,SPRING VALLEY WATER AUTHORITY,35646,35646|35654|35661|35674,PFOS,19.0,4.0,True,3300,S,AL0000329
AL,SPRINGVILLE WATER WORKS,SPRINGVILLE WATER WORKS,35146,35146,PFBS,36.0,2000.0,False,3300,S,AL0001211
AL,SPRINGVILLE WATER WORKS,SPRINGVILLE WATER WORKS,35146,35146,PFOA,4.1,4.0,True,3300,S,AL0001211
AL,STERRETT-VANDIVER WATER SYSTEM,STERRETT-VANDIVER WATER SYSTEM,35128,35128|35147|35176|35178,PFBS,110.0,2000.0,False,3300,S,AL0001164
AL,STERRETT-VANDIVER WATER SYSTEM,STERRETT-VANDIVER WATER SYSTEM,35128,35128|35147|35176|35178,PFOA,21.0,4.0,True,3300,S,AL0001164
AL,STERRETT-VANDIVER WATER SYSTEM,STERRETT-VANDIVER WATER SYSTEM,35128,35128|35147|35176|35178,PFOS,31.0,4.0,True,3300,S,AL0001164
AL,STEVENSON (UTIL. BOARD OF THE TOWN OF),STEVENSON (UTIL. BOARD OF THE TOWN OF),35772,35772,PFOA,4.0,4.0,False,3300,S,AL0000732
AL,STEVENSON (UTIL. BOARD OF THE TOWN OF),STEVENSON (UTIL. BOARD OF THE TOWN OF),35772,35772,PFOS,5.6,4.0,True,3300,S,AL0000732
AL,TALLADEGA COUNTY WATER SYSTEM,TALLADEGA COUNTY WATER SYSTEM,35014,35014|35044|35160,PFBS,15.0,2000.0,False,3300,S,AL0001685
AL,"TALLADEGA WATER AND SEWER BOARD, CITY OF","TALLADEGA WATER AND SEWER BOARD, CITY OF",35160,35160,PFHxS,3.7,10.0,False,10000,L,AL0001260
AL,"TALLADEGA WATER AND SEWER BOARD, CITY OF","TALLADEGA WATER AND SEWER BOARD, CITY OF",35160,35160,PFOS,5.9,4.0,True,10000,L,AL0001260
AL,TALLASSEE WATER WORKS,TALLASSEE WATER WORKS,36078,36078,PFOS,4.9,4.0,True,3300,S,AL0000548
AL,THOMASVILLE WATER WORKS & SEWER BOARD,THOMASVILLE WATER WORKS & SEWER BOARD,36784,36784,PFBS,41.0,2000.0,False,3300,S,AL0000262
AL,THOMASVILLE WATER WORKS & SEWER BOARD,THOMASVILLE WATER WORKS & SEWER BOARD,36784,36784,PFOA,8.9,4.0,True,3300,S,AL0000262
AL,THOMASVILLE WATER WORKS & SEWER BOARD,THOMASVILLE WATER WORKS & SEWER BOARD,36784,36784,PFOS,14.0,4.0,True,3300,S,AL0000262
AL,TRI COMMUNITY WATER SYSTEM,TRI COMMUNITY WATER SYSTEM,36054,36054,PFBS,73.0,2000.0,False,10000,L,AL0000549
AL,TRI COMMUNITY WATER SYSTEM,TRI COMMUNITY WATER SYSTEM,36054,36054,PFOA,19.0,4.0,True,10000,L,AL0000549
AL,TRI COMMUNITY WATER SYSTEM,TRI COMMUNITY WATER SYSTEM,36054,36054,PFOS,19.0,4.0,True,10000,L,AL0000549
AL,TRIANA WATER WORKS,TRIANA WATER WORKS,35756,35756,PFBS,4.0,2000.0,False,3300,S,AL0000905
AL,TUSCUMBIA WATER WORKS,TUSCUMBIA WATER WORKS,35674,35674,PFBS,7.2,2000.0,False,10000,L,AL0000331
AL,TUSCUMBIA WATER WORKS,TUSCUMBIA WATER WORKS,35674,35674,PFHxS,3.4,10.0,False,10000,L,AL0000331
AL,TUSCUMBIA WATER WORKS,TUSCUMBIA WATER WORKS,35674,35674,PFOA,5.0,4.0,True,10000,L,AL0000331
AL,TUSCUMBIA WATER WORKS,TUSCUMBIA WATER WORKS,35674,35674,PFOS,6.3,4.0,True,10000,L,AL0000331
AL,TUSKEGEE UTILITIES BOARD,TUSKEGEE UTILITIES BOARD,36083,36083|36087|36088,PFOA,5.5,4.0,True,10000,L,AL0000870
AL,UNION SPRINGS UTIL BOARD,UNION SPRINGS UTIL BOARD,36089,36089,PFOA,5.8,4.0,True,3300,S,AL0000118
AL,US ARMY GARRISON-REDSTONE ARSENAL,US ARMY GARRISON-REDSTONE ARSENAL,35898,35898,PFBS,4.3,2000.0,False,10000,L,AL0000899
AL,VERNON WATER AND SEWER BOARD,VERNON WATER AND SEWER BOARD,35544,35544|35552|35563|35574|35576|35586|35592,PFHxS,5.9,10.0,False,3300,S,AL0000773
AL,WARRIOR RIVER WATER AUTHORITY,WARRIOR RIVER WATER AUTHORITY,35023,35023|35111,PFBS,3.0,2000.0,False,10000,L,AL0000763
AL,WARRIOR RIVER WATER AUTHORITY,WARRIOR RIVER WATER AUTHORITY,35023,35023|35111,PFOA,4.2,4.0,True,10000,L,AL0000763
AL,WARRIOR RIVER WATER AUTHORITY,WARRIOR RIVER WATER AUTHORITY,35023,35023|35111,PFOS,5.7,4.0,True,10000,L,AL0000763
AL,WEAVER WATER SYSTEM,WEAVER WATER SYSTEM,36250,36250|36277,PFBS,3.8,2000.0,False,3300,S,AL0000168
AL,WEAVER WATER SYSTEM,WEAVER WATER SYSTEM,36250,36250|36277,PFHxS,8.7,10.0,False,3300,S,AL0000168
AL,WEAVER WATER SYSTEM,WEAVER WATER SYSTEM,36250,36250|36277,PFOA,5.0,4.0,True,3300,S,AL0000168
AL,WEAVER WATER SYSTEM,WEAVER WATER SYSTEM,36250,36250|36277,PFOS,15.3,4.0,True,3300,S,AL0000168
AL,WEST ETOWAH WATER & FIRE PRO AUTHORITY,WEST ETOWAH WATER & FIRE PRO AUTHORITY,35952,35952|35954|35956|35957|35972,PFBS,120.0,2000.0,False,3300,S,AL0000582
AL,WEST ETOWAH WATER & FIRE PRO AUTHORITY,WEST ETOWAH WATER & FIRE PRO AUTHORITY,35952,35952|35954|35956|35957|35972,PFOA,17.0,4.0,True,3300,S,AL0000582
AL,WEST ETOWAH WATER & FIRE PRO AUTHORITY,WEST ETOWAH WATER & FIRE PRO AUTHORITY,35952,35952|35954|35956|35957|35972,PFOS,21.0,4.0,True,3300,S,AL0000582
AL,WEST LAUDERDALE CO WATER & FPA,WEST LAUDERDALE CO WATER & FPA,35617,35617|35633|35634|35677,PFBS,4.4,2000.0,False,10000,L,AL0000794
AL,WEST LAUDERDALE CO WATER & FPA,WEST LAUDERDALE CO WATER & FPA,35617,35617|35633|35634|35677,PFOA,13.0,4.0,True,10000,L,AL0000794
AL,WEST LAUDERDALE CO WATER & FPA,WEST LAUDERDALE CO WATER & FPA,35617,35617|35633|35634|35677,PFOS,17.0,4.0,True,10000,L,AL0000794
AL,WEST LAWRENCE WATER COOP,WEST LAWRENCE WATER COOP,35618,35618|35650|35651|35654|35672,PFBS,7.5,2000.0,False,10000,L,AL0000801
AL,WETUMPKA WATER WORKS & SEWER BOARD,WETUMPKA WATER WORKS & SEWER BOARD,36092,36092,PFBS,82.0,2000.0,False,3300,S,AL0000551
AL,WETUMPKA WATER WORKS & SEWER BOARD,WETUMPKA WATER WORKS & SEWER BOARD,36092,36092,PFOA,19.0,4.0,True,3300,S,AL0000551
AL,WETUMPKA WATER WORKS & SEWER BOARD,WETUMPKA WATER WORKS & SEWER BOARD,36092,36092,PFOS,29.0,4.0,True,3300,S,AL0000551
AL,WILCOX COUNTY WATER AUTHORITY,WILCOX COUNTY WATER AUTHORITY,36726,36726,PFBS,40.0,2000.0,False,3300,S,AL0001371
AL,WILCOX COUNTY WATER AUTHORITY,WILCOX COUNTY WATER AUTHORITY,36726,36726,PFOA,10.4,4.0,True,3300,S,AL0001371
AL,WILCOX COUNTY WATER AUTHORITY,WILCOX COUNTY WATER AUTHORITY,36726,36726,PFOS,16.2,4.0,True,3300,S,AL0001371
AR,DARDANELLE WATERWORKS,DARDANELLE WATERWORKS,72802,72802|72834,PFHxS,5.3,10.0,False,3300,S,AR0000601
AR,DARDANELLE WATERWORKS,DARDANELLE WATERWORKS,72802,72802|72834,PFOS,4.4,4.0,True,3300,S,AR0000601
AR,LAC DU FLAMBEAU,LAC DU FLAMBEAU,54538,54538,PFBS,8.2,2000.0,False,3300,S,055295401
AR,SILOAM SPRINGS WATERWORKS,SILOAM SPRINGS WATERWORKS,72734,72734|72761,PFBS,7.0,2000.0,False,10000,L,AR0000056
AS,Central ASG,Central ASG,96799,96799,PFBS,3.2,2000.0,False,10000,L,AS9711948
AZ,ARIZONA WATER CO - BISBEE,ARIZONA WATER CO - BISBEE,85603,85603,PFBS,10.0,2000.0,False,3300,S,AZ0402001
AZ,ARIZONA WATER CO - BISBEE,ARIZONA WATER CO - BISBEE,85603,85603,PFOA,9.7,4.0,True,3300,S,AZ0402001
AZ,ARIZONA WATER CO - LAKESIDE,ARIZONA WATER CO - LAKESIDE,85929,85929,PFBS,3.4,2000.0,False,10000,L,AZ0409003
AZ,ARIZONA WATER CO - MIAMI CLAYPOOL,ARIZONA WATER CO - MIAMI CLAYPOOL,85539,85539,PFBS,37.0,2000.0,False,3300,S,AZ0404002
AZ,ARIZONA WATER CO - MIAMI CLAYPOOL,ARIZONA WATER CO - MIAMI CLAYPOOL,85539,85539,PFHxS,12.0,10.0,True,3300,S,AZ0404002
AZ,ARIZONA WATER CO - PINAL VALLEY,ARIZONA WATER CO - PINAL VALLEY,85122,85122,PFBS,91.1,2000.0,False,10000,L,AZ0411009
AZ,ARIZONA WATER CO - PINAL VALLEY,ARIZONA WATER CO - PINAL VALLEY,85122,85122,PFHxS,6.1,10.0,False,10000,L,AZ0411009
AZ,ARIZONA WATER CO - SEDONA,ARIZONA WATER CO - SEDONA,86336,86336,PFBS,30.0,2000.0,False,10000,L,AZ0403003
AZ,ARIZONA WATER CO - SEDONA,ARIZONA WATER CO - SEDONA,86336,86336,PFHxS,7.0,10.0,False,10000,L,AZ0403003
AZ,ARIZONA WATER CO - SEDONA,ARIZONA WATER CO - SEDONA,86336,86336,PFOA,10.0,4.0,True,10000,L,AZ0403003
AZ,ARIZONA WATER CO - SEDONA,ARIZONA WATER CO - SEDONA,86336,86336,PFOS,6.0,4.0,True,10000,L,AZ0403003
AZ,BERMUDA WATER COMPANY INC,BERMUDA WATER COMPANY INC,86426,86426|86440|86442,PFBS,5.6,2000.0,False,10000,L,AZ0408063
AZ,BIG PARK WATER COMPANY,BIG PARK WATER COMPANY,86351,86351,PFBS,28.0,2000.0,False,3300,S,AZ0413012
AZ,BIG PARK WATER COMPANY,BIG PARK WATER COMPANY,86351,86351,PFHxS,3.3,10.0,False,3300,S,AZ0413012
AZ,BIG PARK WATER COMPANY,BIG PARK WATER COMPANY,86351,86351,PFOA,21.0,4.0,True,3300,S,AZ0413012
AZ,BIG PARK WATER COMPANY,BIG PARK WATER COMPANY,86351,86351,PFOS,4.1,4.0,True,3300,S,AZ0413012
AZ,CHANDLER CITY OF,CHANDLER CITY OF,85224,85224|85225|85226|85248|85249|85286,PFBS,12.0,2000.0,False,10000,L,AZ0407090
AZ,City of Avondale,City of Avondale,85323,85323|85353|85392,PFBS,15.6,2000.0,False,10000,L,AZ0407088
AZ,City of Avondale,City of Avondale,85323,85323|85353|85392,PFHxS,9.4,10.0,False,10000,L,AZ0407088
AZ,City of Avondale,City of Avondale,85323,85323|85353|85392,PFOA,13.5,4.0,True,10000,L,AZ0407088
AZ,City of Avondale,City of Avondale,85323,85323|85353|85392,PFOS,11.7,4.0,True,10000,L,AZ0407088
AZ,City of Lake Havasu,City of Lake Havasu,86403,86403|86404|86405|86406,PFBS,3.0,2000.0,False,10000,L,AZ0408022
AZ,EAGAR TOWN OF,EAGAR TOWN OF,85925,85925,PFBS,3.2,2000.0,False,3300,S,AZ0401004
AZ,EL MIRAGE CITY OF,EL MIRAGE CITY OF,85335,85335|85378,PFBS,9.0,2000.0,False,10000,L,AZ0407091
AZ,EL MIRAGE CITY OF,EL MIRAGE CITY OF,85335,85335|85378,PFOA,4.0,4.0,False,10000,L,AZ0407091
AZ,EPCOR WATER - MOHAVE,EPCOR WATER - MOHAVE,86442,86442,PFBS,3.1,2000.0,False,10000,L,AZ0408032
AZ,EPCOR WATER - MOHAVE,EPCOR WATER - MOHAVE,86442,86442,PFHxS,7.0,10.0,False,10000,L,AZ0408032
AZ,EPCOR WATER - MOHAVE,EPCOR WATER - MOHAVE,86442,86442,PFOA,5.3,4.0,True,10000,L,AZ0408032
AZ,EPCOR WATER - MOHAVE,EPCOR WATER - MOHAVE,86442,86442,PFOS,7.3,4.0,True,10000,L,AZ0408032
AZ,EPCOR WATER - NORTH MOHAVE VALLEY,EPCOR WATER - NORTH MOHAVE VALLEY,86429,86429|86442,PFBS,3.6,2000.0,False,3300,S,AZ0408068
AZ,EPCOR WATER - NORTH MOHAVE VALLEY,EPCOR WATER - NORTH MOHAVE VALLEY,86429,86429|86442,PFHxS,3.4,10.0,False,3300,S,AZ0408068
AZ,EPCOR WATER - NORTH MOHAVE VALLEY,EPCOR WATER - NORTH MOHAVE VALLEY,86429,86429|86442,PFOS,5.5,4.0,True,3300,S,AZ0408068
AZ,FARMERS WATER CO SANTA RITA SPRINGS,FARMERS WATER CO SANTA RITA SPRINGS,85614,85614,PFBS,5.8,2000.0,False,3300,S,AZ0410213
AZ,FARMERS WATER CO SANTA RITA SPRINGS,FARMERS WATER CO SANTA RITA SPRINGS,85614,85614,PFHxS,4.0,10.0,False,3300,S,AZ0410213
AZ,FARMERS WATER CO SANTA RITA SPRINGS,FARMERS WATER CO SANTA RITA SPRINGS,85614,85614,PFOS,5.0,4.0,True,3300,S,AZ0410213
AZ,FLORENCE WATER COMPANY,FLORENCE WATER COMPANY,85132,85132,PFBS,60.0,2000.0,False,10000,L,AZ0411017
AZ,FLORENCE WATER COMPANY,FLORENCE WATER COMPANY,85132,85132,PFHxS,7.0,10.0,False,10000,L,AZ0411017
AZ,FLOWING WELLS IRRIGATION DISTRICT,FLOWING WELLS IRRIGATION DISTRICT,85705,85705,PFBS,4.0,2000.0,False,10000,L,AZ0410051
AZ,FLOWING WELLS IRRIGATION DISTRICT,FLOWING WELLS IRRIGATION DISTRICT,85705,85705,PFHxS,9.0,10.0,False,10000,L,AZ0410051
AZ,FLOWING WELLS IRRIGATION DISTRICT,FLOWING WELLS IRRIGATION DISTRICT,85705,85705,PFOA,5.0,4.0,True,10000,L,AZ0410051
AZ,FLOWING WELLS IRRIGATION DISTRICT,FLOWING WELLS IRRIGATION DISTRICT,85705,85705,PFOS,6.0,4.0,True,10000,L,AZ0410051
AZ,"GILBERT, TOWN OF","GILBERT, TOWN OF",85142,85142|85206|85212|85233|85234|85236|85295|85296|85297|85298|85299,PFBS,18.1,2000.0,False,10000,L,AZ0407092
AZ,"GILBERT, TOWN OF","GILBERT, TOWN OF",85142,85142|85206|85212|85233|85234|85236|85295|85296|85297|85298|85299,PFOA,6.5,4.0,True,10000,L,AZ0407092
AZ,"GILBERT, TOWN OF","GILBERT, TOWN OF",85142,85142|85206|85212|85233|85234|85236|85295|85296|85297|85298|85299,PFOS,9.8,4.0,True,10000,L,AZ0407092
AZ,GLENDALE CITY OF,GLENDALE CITY OF,85301,85301|85302|85303|85304|85305|85306|85307|85308|85310|85382,PFBS,11.7,2000.0,False,10000,L,AZ0407093
AZ,GLOBE CITY OF,GLOBE CITY OF,85501,85501|85532|85539,PFBS,113.3,2000.0,False,3300,S,AZ0404008
AZ,GLOBE CITY OF,GLOBE CITY OF,85501,85501|85532|85539,PFHxS,23.7,10.0,True,3300,S,AZ0404008
AZ,GLOBE CITY OF,GLOBE CITY OF,85501,85501|85532|85539,PFOS,9.5,4.0,True,3300,S,AZ0404008
AZ,GOODYEAR WATER DEPARTMENT,GOODYEAR WATER DEPARTMENT,85338,85338,PFBS,13.0,2000.0,False,10000,L,AZ0407094
AZ,GOODYEAR WATER DEPARTMENT,GOODYEAR WATER DEPARTMENT,85338,85338,PFHxS,6.1,10.0,False,10000,L,AZ0407094
AZ,GOODYEAR WATER DEPARTMENT,GOODYEAR WATER DEPARTMENT,85338,85338,PFNA,4.3,10.0,False,10000,L,AZ0407094
AZ,GOODYEAR WATER DEPARTMENT,GOODYEAR WATER DEPARTMENT,85338,85338,PFOA,4.8,4.0,True,10000,L,AZ0407094
AZ,GOODYEAR WATER DEPARTMENT,GOODYEAR WATER DEPARTMENT,85338,85338,PFOS,7.9,4.0,True,10000,L,AZ0407094
AZ,JOHNSON UTIL - ANTHEM AT MERRILL RANCH,JOHNSON UTIL - ANTHEM AT MERRILL RANCH,85132,85132,PFBS,24.0,2000.0,False,3300,S,AZ0411136
AZ,JOHNSON UTIL - ANTHEM AT MERRILL RANCH,JOHNSON UTIL - ANTHEM AT MERRILL RANCH,85132,85132,PFOA,19.0,4.0,True,3300,S,AZ0411136
AZ,LIBERTY WATER LPSCO,LIBERTY WATER LPSCO,85307,85307|85309|85340|85392|85395,PFBS,8.4,2000.0,False,10000,L,AZ0407046
AZ,LIBERTY WATER LPSCO,LIBERTY WATER LPSCO,85307,85307|85309|85340|85392|85395,PFHxS,18.9,10.0,True,10000,L,AZ0407046
AZ,LIBERTY WATER LPSCO,LIBERTY WATER LPSCO,85307,85307|85309|85340|85392|85395,PFOA,10.2,4.0,True,10000,L,AZ0407046
AZ,LIBERTY WATER LPSCO,LIBERTY WATER LPSCO,85307,85307|85309|85340|85392|85395,PFOS,14.1,4.0,True,10000,L,AZ0407046
AZ,LIBERTY WATER RIO RICO,LIBERTY WATER RIO RICO,85648,85648,PFBS,20.0,2000.0,False,10000,L,AZ0412011
AZ,LIBERTY WATER RIO RICO,LIBERTY WATER RIO RICO,85648,85648,PFHxS,10.9,10.0,True,10000,L,AZ0412011
AZ,LIBERTY WATER RIO RICO,LIBERTY WATER RIO RICO,85648,85648,PFOA,10.0,4.0,True,10000,L,AZ0412011
AZ,LIBERTY WATER RIO RICO,LIBERTY WATER RIO RICO,85648,85648,PFOS,40.9,4.0,True,10000,L,AZ0412011
AZ,MARANA MUNICIPAL - HARTMAN VISTAS,MARANA MUNICIPAL - HARTMAN VISTAS,85741,85741|85742|85743,PFHxS,15.0,10.0,True,3300,S,AZ0410329
AZ,MARANA MUNICIPAL - HARTMAN VISTAS,MARANA MUNICIPAL - HARTMAN VISTAS,85741,85741|85742|85743,PFOS,23.0,4.0,True,3300,S,AZ0410329
AZ,MARANA MUNICIPAL - MARANA,MARANA MUNICIPAL - MARANA,85653,85653|85658,PFBS,3.1,2000.0,False,10000,L,AZ0410150
AZ,MARANA MUNICIPAL - MARANA,MARANA MUNICIPAL - MARANA,85653,85653|85658,PFHxS,20.7,10.0,True,10000,L,AZ0410150
AZ,MARANA MUNICIPAL - MARANA,MARANA MUNICIPAL - MARANA,85653,85653|85658,PFOA,6.3,4.0,True,10000,L,AZ0410150
AZ,MARANA MUNICIPAL - MARANA,MARANA MUNICIPAL - MARANA,85653,85653|85658,PFOS,17.9,4.0,True,10000,L,AZ0410150
AZ,MARANA MUNICIPAL - PICTURE ROCKS,MARANA MUNICIPAL - PICTURE ROCKS,85743,85743,PFBS,7.8,2000.0,False,3300,S,AZ0410092
AZ,MESA CITY OF,MESA CITY OF,85201,85201|85202|85203|85204|85205|85206|85207|85208|85209|85210|85211|85212|85213|85214|85215|85234,PFBS,15.2,2000.0,False,10000,L,AZ0407095
AZ,MESA CITY OF,MESA CITY OF,85201,85201|85202|85203|85204|85205|85206|85207|85208|85209|85210|85211|85212|85213|85214|85215|85234,PFHxS,9.3,10.0,False,10000,L,AZ0407095
AZ,METROPOLITAN DWID,METROPOLITAN DWID,85704,85704|85737|85741|85742,PFBS,4.8,2000.0,False,10000,L,AZ0410076
AZ,METROPOLITAN DWID,METROPOLITAN DWID,85704,85704|85737|85741|85742,PFHxS,3.9,10.0,False,10000,L,AZ0410076
AZ,MORENCI WATER ELEC CO MAIN,MORENCI WATER ELEC CO MAIN,85540,85540,PFBS,23.0,2000.0,False,3300,S,AZ0406003
AZ,PAYSON TOWN OF,PAYSON TOWN OF,85541,85541,PFBS,54.8,2000.0,False,10000,L,AZ0404032
AZ,PAYSON TOWN OF,PAYSON TOWN OF,85541,85541,PFHxS,22.7,10.0,True,10000,L,AZ0404032
AZ,PAYSON TOWN OF,PAYSON TOWN OF,85541,85541,PFOA,40.9,4.0,True,10000,L,AZ0404032
AZ,PAYSON TOWN OF,PAYSON TOWN OF,85541,85541,PFOS,42.2,4.0,True,10000,L,AZ0404032
AZ,PEORIA CITY OF,PEORIA CITY OF,85345,85345|85381|85382|85383,PFBS,14.8,2000.0,False,10000,L,AZ0407096
AZ,PEORIA CITY OF,PEORIA CITY OF,85345,85345|85381|85382|85383,PFHxS,3.7,10.0,False,10000,L,AZ0407096
AZ,PEORIA CITY OF,PEORIA CITY OF,85345,85345|85381|85382|85383,PFOA,5.6,4.0,True,10000,L,AZ0407096
AZ,PHOENIX CITY OF,PHOENIX CITY OF,80306,80306|85001|85003|85004|85005|85006|85007|85008|85009|85012|85013|85014|85015|85016|85017|85018|85019|85020|85021|85022|85023|85024|85027|85028|85029|85031|85032|85033|85034|85035|85036|85037|85040|85041|85042|85043|85044|85045|85048|85050|85051|85053|85054|85058|85083|85085|85086|85087|85098|85250|85251|85253|85254|85255|85256|85257|85262|85304|85305|85307|85308|85310|85331|85339|85353,PFBS,16.0,2000.0,False,10000,L,AZ0407025
AZ,PHOENIX INTERNATIONAL RACEWAY,PHOENIX INTERNATIONAL RACEWAY,85323,85323,PFOS,10.0,4.0,True,3300,S,AZ0407406
AZ,PONDEROSA DWID,PONDEROSA DWID,85935,85935,PFBS,12.1,2000.0,False,3300,S,AZ0409023
AZ,PONDEROSA PARK DWID,PONDEROSA PARK DWID,86303,86303,PFBS,24.0,2000.0,False,3300,S,AZ0413044
AZ,PONDEROSA PARK DWID,PONDEROSA PARK DWID,86303,86303,PFHxS,6.1,10.0,False,3300,S,AZ0413044
AZ,PONDEROSA PARK DWID,PONDEROSA PARK DWID,86303,86303,PFOA,7.0,4.0,True,3300,S,AZ0413044
AZ,PONDEROSA PARK DWID,PONDEROSA PARK DWID,86303,86303,PFOS,4.7,4.0,True,3300,S,AZ0413044
AZ,PRESCOTT CITY OF,PRESCOTT CITY OF,86301,86301|86303|86305|86313|86323,PFBS,7.5,2000.0,False,10000,L,AZ0413045
AZ,PRESCOTT CITY OF,PRESCOTT CITY OF,86301,86301|86303|86305|86313|86323,PFHxS,6.5,10.0,False,10000,L,AZ0413045
AZ,PRESCOTT CITY OF,PRESCOTT CITY OF,86301,86301|86303|86305|86313|86323,PFOA,11.4,4.0,True,10000,L,AZ0413045
AZ,PRESCOTT CITY OF,PRESCOTT CITY OF,86301,86301|86303|86305|86313|86323,PFOS,8.7,4.0,True,10000,L,AZ0413045
AZ,SAFFORD CITY OF,SAFFORD CITY OF,85546,85546|85551|85552,PFBS,144.0,2000.0,False,10000,L,AZ0405005
AZ,SCOTTSDALE CITY OF,SCOTTSDALE CITY OF,85018,85018|85250|85251|85252|85253|85254|85255|85256|85257|85258|85259|85260|85261|85262|85266|85267|85268|85281|85282|85331|85377,PFBS,3.2,2000.0,False,10000,L,AZ0407098
AZ,TEMPE CITY OF,TEMPE CITY OF,85280,85280|85281|85282|85283|85284|85288,PFBS,25.7,2000.0,False,10000,L,AZ0407100
AZ,TEMPE CITY OF,TEMPE CITY OF,85280,85280|85281|85282|85283|85284|85288,PFHxS,70.5,10.0,True,10000,L,AZ0407100
AZ,TEMPE CITY OF,TEMPE CITY OF,85280,85280|85281|85282|85283|85284|85288,PFOA,38.7,4.0,True,10000,L,AZ0407100
AZ,TEMPE CITY OF,TEMPE CITY OF,85280,85280|85281|85282|85283|85284|85288,PFOS,55.8,4.0,True,10000,L,AZ0407100
AZ,TOLLESON CITY OF,TOLLESON CITY OF,85353,85353,PFBS,14.2,2000.0,False,3300,S,AZ0407101
AZ,US ARMY FORT HUACHUCA,US ARMY FORT HUACHUCA,85613,85613,PFHxS,14.7,10.0,True,10000,L,AZ0402078
AZ,US ARMY FORT HUACHUCA,US ARMY FORT HUACHUCA,85613,85613,PFOA,7.0,4.0,True,10000,L,AZ0402078
AZ,US ARMY FORT HUACHUCA,US ARMY FORT HUACHUCA,85613,85613,PFOS,6.5,4.0,True,10000,L,AZ0402078
AZ,USAF LUKE AIR FORCE BASE,USAF LUKE AIR FORCE BASE,85309,85309,PFBS,6.5,2000.0,False,3300,S,AZ0407305
AZ,USAF LUKE AIR FORCE BASE,USAF LUKE AIR FORCE BASE,85309,85309,PFHxS,8.7,10.0,False,3300,S,AZ0407305
AZ,USAF LUKE AIR FORCE BASE,USAF LUKE AIR FORCE BASE,85309,85309,PFOA,10.0,4.0,True,3300,S,AZ0407305
AZ,USAF LUKE AIR FORCE BASE,USAF LUKE AIR FORCE BASE,85309,85309,PFOS,11.7,4.0,True,3300,S,AZ0407305
AZ,USMC YUMA MAIN SYSTEM,USMC YUMA MAIN SYSTEM,85369,85369,PFHxS,3.1,10.0,False,3300,S,AZ0414082
CA,"ADELANTO, CITY OF","ADELANTO, CITY OF",92301,92301,PFHxS,4.7,10.0,False,10000,L,CA3610001
CA,"ADELANTO, CITY OF","ADELANTO, CITY OF",92301,92301,PFOS,4.5,4.0,True,10000,L,CA3610001
CA,"ARROYO GRANDE, WATER DEPARTMENT","ARROYO GRANDE, WATER DEPARTMENT",93420,93420,PFBS,11.0,2000.0,False,10000,L,CA4010001
CA,"ARROYO GRANDE, WATER DEPARTMENT","ARROYO GRANDE, WATER DEPARTMENT",93420,93420,PFHxS,5.5,10.0,False,10000,L,CA4010001
CA,"ARROYO GRANDE, WATER DEPARTMENT","ARROYO GRANDE, WATER DEPARTMENT",93420,93420,PFOA,5.8,4.0,True,10000,L,CA4010001
CA,"ARROYO GRANDE, WATER DEPARTMENT","ARROYO GRANDE, WATER DEPARTMENT",93420,93420,PFOS,6.8,4.0,True,10000,L,CA4010001
CA,ATASCADERO MUTUAL WATER CO,ATASCADERO MUTUAL WATER CO,93422,93422,PFBS,9.4,2000.0,False,10000,L,CA4010002
CA,ATASCADERO MUTUAL WATER CO,ATASCADERO MUTUAL WATER CO,93422,93422,PFHxS,7.6,10.0,False,10000,L,CA4010002
CA,ATASCADERO MUTUAL WATER CO,ATASCADERO MUTUAL WATER CO,93422,93422,PFOA,8.4,4.0,True,10000,L,CA4010002
CA,ATASCADERO MUTUAL WATER CO,ATASCADERO MUTUAL WATER CO,93422,93422,PFOS,22.3,4.0,True,10000,L,CA4010002
CA,ATASCADERO STATE HOSPITAL,ATASCADERO STATE HOSPITAL,93423,93423,PFBS,5.5,2000.0,False,3300,S,CA4010832
CA,ATASCADERO STATE HOSPITAL,ATASCADERO STATE HOSPITAL,93423,93423,PFHxS,34.0,10.0,True,3300,S,CA4010832
CA,ATASCADERO STATE HOSPITAL,ATASCADERO STATE HOSPITAL,93423,93423,PFOS,33.0,4.0,True,3300,S,CA4010832
CA,AZUSA LIGHT AND WATER,AZUSA LIGHT AND WATER,91702,91702|91706|91722|91723|91740|91741|91790|91791,PFOA,7.7,4.0,True,10000,L,CA1910007
CA,AZUSA LIGHT AND WATER,AZUSA LIGHT AND WATER,91702,91702|91706|91722|91723|91740|91741|91790|91791,PFOS,5.8,4.0,True,10000,L,CA1910007
CA,"BAKERSFIELD, CITY OF","BAKERSFIELD, CITY OF",93301,93301|93308|93309|93311|93312|93313|93314,PFHxS,4.2,10.0,False,10000,L,CA1510031
CA,"BAKERSFIELD, CITY OF","BAKERSFIELD, CITY OF",93301,93301|93308|93309|93311|93312|93313|93314,PFNA,4.7,10.0,False,10000,L,CA1510031
CA,"BAKERSFIELD, CITY OF","BAKERSFIELD, CITY OF",93301,93301|93308|93309|93311|93312|93313|93314,PFOS,7.6,4.0,True,10000,L,CA1510031
CA,BEAR VALLEY CSD,BEAR VALLEY CSD,93561,93561,PFOA,5.7,4.0,True,3300,S,CA1510038
CA,BELLFLOWER - SOMERSET MWC,BELLFLOWER - SOMERSET MWC,90706,90706,PFHxS,5.1,10.0,False,10000,L,CA1910013
CA,BELLFLOWER - SOMERSET MWC,BELLFLOWER - SOMERSET MWC,90706,90706,PFOS,17.0,4.0,True,10000,L,CA1910013
CA,BELLFLOWER MUNICIPAL WATER SYSTEM,BELLFLOWER MUNICIPAL WATER SYSTEM,90706,90706,PFHxS,5.6,10.0,False,3300,S,CA1910018
CA,BELLFLOWER MUNICIPAL WATER SYSTEM,BELLFLOWER MUNICIPAL WATER SYSTEM,90706,90706,PFOA,7.6,4.0,True,3300,S,CA1910018
CA,BELLFLOWER MUNICIPAL WATER SYSTEM,BELLFLOWER MUNICIPAL WATER SYSTEM,90706,90706,PFOS,32.6,4.0,True,3300,S,CA1910018
CA,BIG BEAR CITY CSD,BIG BEAR CITY CSD,92314,92314,PFBS,9.2,2000.0,False,10000,L,CA3610008
CA,BIG BEAR CITY CSD,BIG BEAR CITY CSD,92314,92314,PFHxS,36.0,10.0,True,10000,L,CA3610008
CA,BIG BEAR CITY CSD,BIG BEAR CITY CSD,92314,92314,PFOA,4.5,4.0,True,10000,L,CA3610008
CA,BIG BEAR CITY CSD,BIG BEAR CITY CSD,92314,92314,PFOS,9.9,4.0,True,10000,L,CA3610008
CA,BIG BEAR LAKE DWP - BIG BEAR SYSTEM,BIG BEAR LAKE DWP - BIG BEAR SYSTEM,92315,92315|92386,PFBS,9.6,2000.0,False,10000,L,CA3610044
CA,BIG BEAR LAKE DWP - BIG BEAR SYSTEM,BIG BEAR LAKE DWP - BIG BEAR SYSTEM,92315,92315|92386,PFHxS,6.6,10.0,False,10000,L,CA3610044
CA,BIG BEAR LAKE DWP - BIG BEAR SYSTEM,BIG BEAR LAKE DWP - BIG BEAR SYSTEM,92315,92315|92386,PFOA,5.5,4.0,True,10000,L,CA3610044
CA,BIG BEAR LAKE DWP - BIG BEAR SYSTEM,BIG BEAR LAKE DWP - BIG BEAR SYSTEM,92315,92315|92386,PFOS,6.1,4.0,True,10000,L,CA3610044
CA,CAL AM - MEADOWBROOK,CAL AM - MEADOWBROOK,95348,95348,PFOS,8.3,4.0,True,3300,S,CA2410008
CA,CAL AM WATER COMPANY - MONTEREY,CAL AM WATER COMPANY - MONTEREY,93921,93921|93923|93924|93940|93943|93944|93950|93953|93955,PFBS,13.2,2000.0,False,10000,L,CA2710004
CA,CAL AM WATER COMPANY - MONTEREY,CAL AM WATER COMPANY - MONTEREY,93921,93921|93923|93924|93940|93943|93944|93950|93953|93955,PFHxS,8.7,10.0,False,10000,L,CA2710004
CA,CAL AM WATER COMPANY - MONTEREY,CAL AM WATER COMPANY - MONTEREY,93921,93921|93923|93924|93940|93943|93944|93950|93953|93955,PFOA,8.1,4.0,True,10000,L,CA2710004
CA,CAL AM WATER COMPANY - MONTEREY,CAL AM WATER COMPANY - MONTEREY,93921,93921|93923|93924|93940|93943|93944|93950|93953|93955,PFOS,7.3,4.0,True,10000,L,CA2710004
CA,CAL-AM WATER COMPANY - DUARTE,CAL-AM WATER COMPANY - DUARTE,91008,91008|91010|91016|91706,PFOS,5.1,4.0,True,10000,L,CA1910186
CA,CAL-WATER SERVICE CO.-CHICO,CAL-WATER SERVICE CO.-CHICO,95926,95926|95928|95951|95963|95973,PFBS,9.6,2000.0,False,10000,L,CA0410002
CA,CAL-WATER SERVICE CO.-CHICO,CAL-WATER SERVICE CO.-CHICO,95926,95926|95928|95951|95963|95973,PFHxS,22.1,10.0,True,10000,L,CA0410002
CA,CAL-WATER SERVICE CO.-CHICO,CAL-WATER SERVICE CO.-CHICO,95926,95926|95928|95951|95963|95973,PFOA,6.8,4.0,True,10000,L,CA0410002
CA,CAL-WATER SERVICE CO.-CHICO,CAL-WATER SERVICE CO.-CHICO,95926,95926|95928|95951|95963|95973,PFOS,22.5,4.0,True,10000,L,CA0410002
CA,CALAM - ARDEN,CALAM - ARDEN,95815,95815|95825,PFHxS,7.9,10.0,False,3300,S,CA3410045
CA,CALAM - ARDEN,CALAM - ARDEN,95815,95815|95825,PFOA,6.0,4.0,True,3300,S,CA3410045
CA,CALAM - ARDEN,CALAM - ARDEN,95815,95815|95825,PFOS,6.0,4.0,True,3300,S,CA3410045
CA,CALAM - PARKWAY,CALAM - PARKWAY,95624,95624|95823|95828|95829,PFHxS,9.8,10.0,False,10000,L,CA3410017
CA,CALAM - PARKWAY,CALAM - PARKWAY,95624,95624|95823|95828|95829,PFOA,4.3,4.0,True,10000,L,CA3410017
CA,CALAM - PARKWAY,CALAM - PARKWAY,95624,95624|95823|95828|95829,PFOS,14.7,4.0,True,10000,L,CA3410017
CA,CALIFORNIA REHABILITATION CENTER - NORCO,CALIFORNIA REHABILITATION CENTER - NORCO,92860,92860,PFHxS,3.5,10.0,False,3300,S,CA3310800
CA,CALIFORNIA STATE FAIR,CALIFORNIA STATE FAIR,95815,95815,PFBS,4.3,2000.0,False,3300,S,CA3410026
CA,CALIFORNIA STATE FAIR,CALIFORNIA STATE FAIR,95815,95815,PFOS,14.0,4.0,True,3300,S,CA3410026
CA,CALIFORNIA STATE UNIVERSITY FRESNO,CALIFORNIA STATE UNIVERSITY FRESNO,93740,93740,PFBS,13.0,2000.0,False,10000,L,CA1010339
CA,CALIFORNIA STATE UNIVERSITY FRESNO,CALIFORNIA STATE UNIVERSITY FRESNO,93740,93740,PFOA,12.0,4.0,True,10000,L,CA1010339
CA,CALIFORNIA WATER SERVICE - LIVERMORE,CALIFORNIA WATER SERVICE - LIVERMORE,94550,94550|94551|94566,PFBS,4.2,2000.0,False,10000,L,CA0110003
CA,CALIFORNIA WATER SERVICE - LIVERMORE,CALIFORNIA WATER SERVICE - LIVERMORE,94550,94550|94551|94566,PFHxS,9.8,10.0,False,10000,L,CA0110003
CA,CALIFORNIA WATER SERVICE - LIVERMORE,CALIFORNIA WATER SERVICE - LIVERMORE,94550,94550|94551|94566,PFOA,4.8,4.0,True,10000,L,CA0110003
CA,CALIFORNIA WATER SERVICE - LIVERMORE,CALIFORNIA WATER SERVICE - LIVERMORE,94550,94550|94551|94566,PFOS,12.0,4.0,True,10000,L,CA0110003
CA,CALIFORNIA WATER SERVICE - STOCKTON,CALIFORNIA WATER SERVICE - STOCKTON,95202,95202|95203|95204|95205|95206|95207|95210|95211|95212|95215|95219|95231,PFOS,5.2,4.0,True,10000,L,CA3910001
CA,CALIFORNIA WATER SERVICE CO. - DOMINGUEZ,CALIFORNIA WATER SERVICE CO. - DOMINGUEZ,90220,90220|90221|90248|90277|90501|90502|90503|90504|90505|90710|90744|90745|90746|90747|90805|90810,PFHxS,3.5,10.0,False,10000,L,CA1910033
CA,CALIFORNIA WATER SERVICE CO. - ELA,CALIFORNIA WATER SERVICE CO. - ELA,90022,90022|90023|90032|90033|90040|90058|90063|90201|90640|91754,PFBS,4.9,2000.0,False,10000,L,CA1910036
CA,CALIFORNIA WATER SERVICE CO. - ELA,CALIFORNIA WATER SERVICE CO. - ELA,90022,90022|90023|90032|90033|90040|90058|90063|90201|90640|91754,PFOS,8.6,4.0,True,10000,L,CA1910036
CA,"CALISTOGA, CITY OF","CALISTOGA, CITY OF",94515,94515,PFOA,6.4,4.0,True,3300,S,CA2810002
CA,"CALISTOGA, CITY OF","CALISTOGA, CITY OF",94515,94515,PFOS,12.2,4.0,True,3300,S,CA2810002
CA,CAMP PENDLETON (SOUTH),CAMP PENDLETON (SOUTH),92055,92055,PFBS,3.2,2000.0,False,10000,L,CA3710702
CA,CAMP PENDLETON (SOUTH),CAMP PENDLETON (SOUTH),92055,92055,PFHxS,5.4,10.0,False,10000,L,CA3710702
CA,CAMROSA WATER DISTRICT,CAMROSA WATER DISTRICT,93012,93012,PFOS,17.0,4.0,True,10000,L,CA5610063
CA,"CERES, CITY OF","CERES, CITY OF",95307,95307,PFBS,6.6,2000.0,False,10000,L,CA5010028
CA,"CERES, CITY OF","CERES, CITY OF",95307,95307,PFHxS,5.7,10.0,False,10000,L,CA5010028
CA,"CERES, CITY OF","CERES, CITY OF",95307,95307,PFOA,12.0,4.0,True,10000,L,CA5010028
CA,"CERES, CITY OF","CERES, CITY OF",95307,95307,PFOS,24.0,4.0,True,10000,L,CA5010028
CA,"CERRITOS - CITY, WATER DEPT.","CERRITOS - CITY, WATER DEPT.",90703,90703,PFOS,4.8,4.0,True,10000,L,CA1910019
CA,CHOWCHILLA CITY WATER DEPT,CHOWCHILLA CITY WATER DEPT,93610,93610,PFOA,4.5,4.0,True,10000,L,CA2010001
CA,CITY OF ALTURAS,CITY OF ALTURAS,,,PFHxS,3.5,10.0,False,3300,S,CA2510001
CA,CITY OF ANAHEIM,CITY OF ANAHEIM,92801,92801|92802|92803|92804|92805|92806|92807|92808,PFBS,3.4,2000.0,False,10000,L,CA3010001
CA,CITY OF ANAHEIM,CITY OF ANAHEIM,92801,92801|92802|92803|92804|92805|92806|92807|92808,PFHxS,10.9,10.0,True,10000,L,CA3010001
CA,CITY OF ANAHEIM,CITY OF ANAHEIM,92801,92801|92802|92803|92804|92805|92806|92807|92808,PFOA,10.1,4.0,True,10000,L,CA3010001
CA,CITY OF ANAHEIM,CITY OF ANAHEIM,92801,92801|92802|92803|92804|92805|92806|92807|92808,PFOS,29.0,4.0,True,10000,L,CA3010001
CA,CITY OF ARCADIA,CITY OF ARCADIA,91006,91006,PFHxS,4.8,10.0,False,10000,L,CA1910003
CA,CITY OF ARCADIA,CITY OF ARCADIA,91006,91006,PFOS,10.0,4.0,True,10000,L,CA1910003
CA,CITY OF ATWATER,CITY OF ATWATER,95301,95301,PFBS,7.8,2000.0,False,10000,L,CA2410001
CA,CITY OF ATWATER,CITY OF ATWATER,95301,95301,PFHxS,59.0,10.0,True,10000,L,CA2410001
CA,CITY OF ATWATER,CITY OF ATWATER,95301,95301,PFOA,33.0,4.0,True,10000,L,CA2410001
CA,CITY OF ATWATER,CITY OF ATWATER,95301,95301,PFOS,45.0,4.0,True,10000,L,CA2410001
CA,CITY OF BELL GARDENS,CITY OF BELL GARDENS,90201,90201,PFBS,5.9,2000.0,False,10000,L,CA1910108
CA,CITY OF BELL GARDENS,CITY OF BELL GARDENS,90201,90201,PFHxS,3.9,10.0,False,10000,L,CA1910108
CA,CITY OF BELL GARDENS,CITY OF BELL GARDENS,90201,90201,PFOA,14.0,4.0,True,10000,L,CA1910108
CA,CITY OF BELL GARDENS,CITY OF BELL GARDENS,90201,90201,PFOS,23.0,4.0,True,10000,L,CA1910108
CA,CITY OF BENICIA,CITY OF BENICIA,94510,94510,PFBS,3.3,2000.0,False,10000,L,CA4810001
CA,CITY OF BUENA PARK,CITY OF BUENA PARK,90620,90620|90621,PFHxS,3.9,10.0,False,10000,L,CA3010003
CA,CITY OF BUENA PARK,CITY OF BUENA PARK,90620,90620|90621,PFOS,6.8,4.0,True,10000,L,CA3010003
CA,CITY OF CLOVIS,CITY OF CLOVIS,93611,93611|93612|93619|93727,PFBS,7.9,2000.0,False,10000,L,CA1010003
CA,CITY OF CLOVIS,CITY OF CLOVIS,93611,93611|93612|93619|93727,PFHxS,8.8,10.0,False,10000,L,CA1010003
CA,CITY OF CLOVIS,CITY OF CLOVIS,93611,93611|93612|93619|93727,PFNA,6.9,10.0,False,10000,L,CA1010003
CA,CITY OF CLOVIS,CITY OF CLOVIS,93611,93611|93612|93619|93727,PFOA,18.0,4.0,True,10000,L,CA1010003
CA,CITY OF CLOVIS,CITY OF CLOVIS,93611,93611|93612|93619|93727,PFOS,41.0,4.0,True,10000,L,CA1010003
CA,CITY OF FOUNTAIN VALLEY,CITY OF FOUNTAIN VALLEY,92708,92708,PFHxS,3.5,10.0,False,10000,L,CA3010069
CA,CITY OF FRESNO,CITY OF FRESNO,93701,93701|93702|93703|93704|93705|93706|93710|93711|93720|93721|93722|93723|93725|93726|93727|93728|93730,PFBS,8.6,2000.0,False,10000,L,CA1010007
CA,CITY OF FRESNO,CITY OF FRESNO,93701,93701|93702|93703|93704|93705|93706|93710|93711|93720|93721|93722|93723|93725|93726|93727|93728|93730,PFHxS,30.0,10.0,True,10000,L,CA1010007
CA,CITY OF FRESNO,CITY OF FRESNO,93701,93701|93702|93703|93704|93705|93706|93710|93711|93720|93721|93722|93723|93725|93726|93727|93728|93730,PFNA,8.0,10.0,False,10000,L,CA1010007
CA,CITY OF FRESNO,CITY OF FRESNO,93701,93701|93702|93703|93704|93705|93706|93710|93711|93720|93721|93722|93723|93725|93726|93727|93728|93730,PFOA,16.0,4.0,True,10000,L,CA1010007
CA,CITY OF FRESNO,CITY OF FRESNO,93701,93701|93702|93703|93704|93705|93706|93710|93711|93720|93721|93722|93723|93725|93726|93727|93728|93730,PFOS,30.0,4.0,True,10000,L,CA1010007
CA,CITY OF FULLERTON,CITY OF FULLERTON,92831,92831|92832|92833|92835,PFBS,7.6,2000.0,False,10000,L,CA3010010
CA,CITY OF FULLERTON,CITY OF FULLERTON,92831,92831|92832|92833|92835,PFHxS,6.2,10.0,False,10000,L,CA3010010
CA,CITY OF FULLERTON,CITY OF FULLERTON,92831,92831|92832|92833|92835,PFOA,10.8,4.0,True,10000,L,CA3010010
CA,CITY OF FULLERTON,CITY OF FULLERTON,92831,92831|92832|92833|92835,PFOS,13.3,4.0,True,10000,L,CA3010010
CA,CITY OF GARDEN GROVE,CITY OF GARDEN GROVE,92840,92840|92841|92842|92843|92844|92845|92846,PFHxS,9.6,10.0,False,10000,L,CA3010062
CA,CITY OF GARDEN GROVE,CITY OF GARDEN GROVE,92840,92840|92841|92842|92843|92844|92845|92846,PFOA,8.1,4.0,True,10000,L,CA3010062
CA,CITY OF GARDEN GROVE,CITY OF GARDEN GROVE,92840,92840|92841|92842|92843|92844|92845|92846,PFOS,19.0,4.0,True,10000,L,CA3010062
CA,CITY OF GILROY,CITY OF GILROY,95020,95020,PFBS,9.4,2000.0,False,10000,L,CA4310004
CA,CITY OF GILROY,CITY OF GILROY,95020,95020,PFHxS,3.5,10.0,False,10000,L,CA4310004
CA,CITY OF GILROY,CITY OF GILROY,95020,95020,PFOA,8.0,4.0,True,10000,L,CA4310004
CA,CITY OF GILROY,CITY OF GILROY,95020,95020,PFOS,5.8,4.0,True,10000,L,CA4310004
CA,CITY OF GRIDLEY,CITY OF GRIDLEY,95948,95948,PFHxS,12.8,10.0,True,3300,S,CA0410004
CA,CITY OF GRIDLEY,CITY OF GRIDLEY,95948,95948,PFNA,9.9,10.0,False,3300,S,CA0410004
CA,CITY OF GRIDLEY,CITY OF GRIDLEY,95948,95948,PFOS,10.5,4.0,True,3300,S,CA0410004
CA,CITY OF HUNTINGTON BEACH,CITY OF HUNTINGTON BEACH,90742,90742|92646|92647|92648|92649,PFHxS,3.3,10.0,False,10000,L,CA3010053
CA,CITY OF HUNTINGTON BEACH,CITY OF HUNTINGTON BEACH,90742,90742|92646|92647|92648|92649,PFOS,6.1,4.0,True,10000,L,CA3010053
CA,CITY OF LATHROP,CITY OF LATHROP,95330,95330,PFBS,5.0,2000.0,False,10000,L,CA3910015
CA,CITY OF LATHROP,CITY OF LATHROP,95330,95330,PFHxS,3.5,10.0,False,10000,L,CA3910015
CA,CITY OF LATHROP,CITY OF LATHROP,95330,95330,PFOS,17.0,4.0,True,10000,L,CA3910015
CA,CITY OF LINCOLN,CITY OF LINCOLN,95648,95648,PFHxS,8.5,10.0,False,10000,L,CA3110004
CA,CITY OF LINCOLN,CITY OF LINCOLN,95648,95648,PFOS,4.3,4.0,True,10000,L,CA3110004
CA,CITY OF MERCED,CITY OF MERCED,95340,95340|95341|95348,PFHxS,15.0,10.0,True,10000,L,CA2410009
CA,CITY OF MERCED,CITY OF MERCED,95340,95340|95341|95348,PFOA,6.1,4.0,True,10000,L,CA2410009
CA,CITY OF MERCED,CITY OF MERCED,95340,95340|95341|95348,PFOS,8.9,4.0,True,10000,L,CA2410009
CA,CITY OF MORGAN HILL,CITY OF MORGAN HILL,95037,95037,PFHxS,3.3,10.0,False,10000,L,CA4310006
CA,CITY OF ORANGE,CITY OF ORANGE,92705,92705|92806|92807|92861|92865|92866|92867|92868|92869,PFBS,3.3,2000.0,False,10000,L,CA3010027
CA,CITY OF ORANGE,CITY OF ORANGE,92705,92705|92806|92807|92861|92865|92866|92867|92868|92869,PFHxS,10.2,10.0,True,10000,L,CA3010027
CA,CITY OF ORANGE,CITY OF ORANGE,92705,92705|92806|92807|92861|92865|92866|92867|92868|92869,PFOA,9.3,4.0,True,10000,L,CA3010027
CA,CITY OF ORANGE,CITY OF ORANGE,92705,92705|92806|92807|92861|92865|92866|92867|92868|92869,PFOS,17.0,4.0,True,10000,L,CA3010027
CA,CITY OF PLEASANTON,CITY OF PLEASANTON,94566,94566|94588,PFBS,6.1,2000.0,False,10000,L,CA0110008
CA,CITY OF PLEASANTON,CITY OF PLEASANTON,94566,94566|94588,PFHxS,22.0,10.0,True,10000,L,CA0110008
CA,CITY OF PLEASANTON,CITY OF PLEASANTON,94566,94566|94588,PFOA,5.1,4.0,True,10000,L,CA0110008
CA,CITY OF PLEASANTON,CITY OF PLEASANTON,94566,94566|94588,PFOS,26.0,4.0,True,10000,L,CA0110008
CA,CITY OF RED BLUFF,CITY OF RED BLUFF,96080,96080,PFOA,7.4,4.0,True,10000,L,CA5210004
CA,CITY OF REDDING,CITY OF REDDING,96001,96001|96002|96003|96087,PFBS,8.9,2000.0,False,10000,L,CA4510005
CA,CITY OF REDDING,CITY OF REDDING,96001,96001|96002|96003|96087,PFHxS,8.9,10.0,False,10000,L,CA4510005
CA,CITY OF REDDING,CITY OF REDDING,96001,96001|96002|96003|96087,PFOA,16.2,4.0,True,10000,L,CA4510005
CA,CITY OF REDDING,CITY OF REDDING,96001,96001|96002|96003|96087,PFOS,12.6,4.0,True,10000,L,CA4510005
CA,CITY OF SACRAMENTO MAIN,CITY OF SACRAMENTO MAIN,95652,95652|95660|95673|95758|95811|95814|95815|95816|95817|95818|95819|95820|95821|95822|95823|95824|95825|95826|95828|95829|95831|95832|95833|95834|95835|95838|95841|95864,PFBS,6.2,2000.0,False,10000,L,CA3410020
CA,CITY OF SACRAMENTO MAIN,CITY OF SACRAMENTO MAIN,95652,95652|95660|95673|95758|95811|95814|95815|95816|95817|95818|95819|95820|95821|95822|95823|95824|95825|95826|95828|95829|95831|95832|95833|95834|95835|95838|95841|95864,PFHxS,19.1,10.0,True,10000,L,CA3410020
CA,CITY OF SACRAMENTO MAIN,CITY OF SACRAMENTO MAIN,95652,95652|95660|95673|95758|95811|95814|95815|95816|95817|95818|95819|95820|95821|95822|95823|95824|95825|95826|95828|95829|95831|95832|95833|95834|95835|95838|95841|95864,PFOA,17.3,4.0,True,10000,L,CA3410020
CA,CITY OF SACRAMENTO MAIN,CITY OF SACRAMENTO MAIN,95652,95652|95660|95673|95758|95811|95814|95815|95816|95817|95818|95819|95820|95821|95822|95823|95824|95825|95826|95828|95829|95831|95832|95833|95834|95835|95838|95841|95864,PFOS,41.4,4.0,True,10000,L,CA3410020
CA,CITY OF SANGER,CITY OF SANGER,93657,93657,PFOA,5.6,4.0,True,10000,L,CA1010029
CA,CITY OF SANGER,CITY OF SANGER,93657,93657,PFOS,6.7,4.0,True,10000,L,CA1010029
CA,CITY OF SANTA ANA,CITY OF SANTA ANA,92643,92643|92666|92701|92702|92703|92704|92705|92706|92707|92708|92711|92712|92735|92799|92843|92866,PFHxS,8.4,10.0,False,10000,L,CA3010038
CA,CITY OF SANTA ANA,CITY OF SANTA ANA,92643,92643|92666|92701|92702|92703|92704|92705|92706|92707|92708|92711|92712|92735|92799|92843|92866,PFOA,8.9,4.0,True,10000,L,CA3010038
CA,CITY OF SANTA ANA,CITY OF SANTA ANA,92643,92643|92666|92701|92702|92703|92704|92705|92706|92707|92708|92711|92712|92735|92799|92843|92866,PFOS,14.2,4.0,True,10000,L,CA3010038
CA,CITY OF STOCKTON,CITY OF STOCKTON,95205,95205|95206|95207|95209|95210|95212|95215|95219|95231,PFOS,4.8,4.0,True,10000,L,CA3910012
CA,CITY OF TUSTIN,CITY OF TUSTIN,92705,92705|92780,PFHxS,3.5,10.0,False,10000,L,CA3010046
CA,CITY OF TUSTIN,CITY OF TUSTIN,92705,92705|92780,PFOS,4.2,4.0,True,10000,L,CA3010046
CA,CITY OF VACAVILLE,CITY OF VACAVILLE,95687,95687|95688,PFBS,3.7,2000.0,False,10000,L,CA4810008
CA,CITY OF VACAVILLE,CITY OF VACAVILLE,95687,95687|95688,PFHxS,9.2,10.0,False,10000,L,CA4810008
CA,CITY OF VACAVILLE,CITY OF VACAVILLE,95687,95687|95688,PFOA,5.1,4.0,True,10000,L,CA4810008
CA,CITY OF VACAVILLE,CITY OF VACAVILLE,95687,95687|95688,PFOS,10.0,4.0,True,10000,L,CA4810008
CA,CITY OF WESTMINSTER,CITY OF WESTMINSTER,92655,92655|92683,PFHxS,5.0,10.0,False,10000,L,CA3010064
CA,CITY OF WESTMINSTER,CITY OF WESTMINSTER,92655,92655|92683,PFOS,5.3,4.0,True,10000,L,CA3010064
CA,CITY OF WHEATLAND,CITY OF WHEATLAND,95692,95692,PFHxS,9.2,10.0,False,3300,S,CA5810004
CA,CITY OF WHEATLAND,CITY OF WHEATLAND,95692,95692,PFOS,11.0,4.0,True,3300,S,CA5810004
CA,CITY OF WINTERS,CITY OF WINTERS,95694,95694,PFNA,4.2,10.0,False,3300,S,CA5710005
CA,"COLTON, CITY OF","COLTON, CITY OF",92324,92324,PFBS,10.0,2000.0,False,10000,L,CA3610014
CA,"COLTON, CITY OF","COLTON, CITY OF",92324,92324,PFHxS,5.1,10.0,False,10000,L,CA3610014
CA,"COLTON, CITY OF","COLTON, CITY OF",92324,92324,PFOA,5.9,4.0,True,10000,L,CA3610014
CA,"COLTON, CITY OF","COLTON, CITY OF",92324,92324,PFOS,18.0,4.0,True,10000,L,CA3610014
CA,"COMMERCE-CITY, WATER DEPT.","COMMERCE-CITY, WATER DEPT.",90040,90040|90058|90201,PFBS,9.7,2000.0,False,3300,S,CA1910050
CA,"COMMERCE-CITY, WATER DEPT.","COMMERCE-CITY, WATER DEPT.",90040,90040|90058|90201,PFOA,9.3,4.0,True,3300,S,CA1910050
CA,"COMPTON-CITY, WATER DEPT.","COMPTON-CITY, WATER DEPT.",90220,90220,PFHxS,4.1,10.0,False,10000,L,CA1910026
CA,"COMPTON-CITY, WATER DEPT.","COMPTON-CITY, WATER DEPT.",90220,90220,PFOA,4.9,4.0,True,10000,L,CA1910026
CA,"COMPTON-CITY, WATER DEPT.","COMPTON-CITY, WATER DEPT.",90220,90220,PFOS,17.0,4.0,True,10000,L,CA1910026
CA,"CORONA, CITY OF","CORONA, CITY OF",92877,92877|92878|92879|92880|92881|92882|92883,PFHxS,3.3,10.0,False,10000,L,CA3310037
CA,CRESCENTA VALLEY CWD,CRESCENTA VALLEY CWD,91011,91011|91020|91046|91208|91214,PFBS,6.8,2000.0,False,10000,L,CA1910028
CA,CRESCENTA VALLEY CWD,CRESCENTA VALLEY CWD,91011,91011|91020|91046|91208|91214,PFHxS,4.9,10.0,False,10000,L,CA1910028
CA,CRESCENTA VALLEY CWD,CRESCENTA VALLEY CWD,91011,91011|91020|91046|91208|91214,PFOA,5.1,4.0,True,10000,L,CA1910028
CA,CRESTLINE VILLAGE CWD - DIVISION 10,CRESTLINE VILLAGE CWD - DIVISION 10,92325,92325,PFBS,12.2,2000.0,False,3300,S,CA3610015
CA,CRESTLINE VILLAGE CWD - DIVISION 10,CRESTLINE VILLAGE CWD - DIVISION 10,92325,92325,PFHxS,18.3,10.0,True,3300,S,CA3610015
CA,CRESTLINE VILLAGE CWD - DIVISION 10,CRESTLINE VILLAGE CWD - DIVISION 10,92325,92325,PFNA,7.1,10.0,False,3300,S,CA3610015
CA,CRESTLINE VILLAGE CWD - DIVISION 10,CRESTLINE VILLAGE CWD - DIVISION 10,92325,92325,PFOA,4.5,4.0,True,3300,S,CA3610015
CA,CRESTLINE VILLAGE CWD - DIVISION 10,CRESTLINE VILLAGE CWD - DIVISION 10,92325,92325,PFOS,5.2,4.0,True,3300,S,CA3610015
CA,CWS - BAKERSFIELD,CWS - BAKERSFIELD,93301,93301|93304|93305|93306|93307|93308|93309|93311|93313|93314,PFBS,6.6,2000.0,False,10000,L,CA1510003
CA,CWS - BAKERSFIELD,CWS - BAKERSFIELD,93301,93301|93304|93305|93306|93307|93308|93309|93311|93313|93314,PFHxS,7.3,10.0,False,10000,L,CA1510003
CA,CWS - BAKERSFIELD,CWS - BAKERSFIELD,93301,93301|93304|93305|93306|93307|93308|93309|93311|93313|93314,PFOA,9.1,4.0,True,10000,L,CA1510003
CA,CWS - BAKERSFIELD,CWS - BAKERSFIELD,93301,93301|93304|93305|93306|93307|93308|93309|93311|93313|93314,PFOS,14.0,4.0,True,10000,L,CA1510003
CA,CWS - NORTH GARDEN,CWS - NORTH GARDEN,93308,93308|93312|93314,PFOS,4.6,4.0,True,10000,L,CA1510055
CA,CWS - VISALIA,CWS - VISALIA,93257,93257|93274|93277|93291|93292,PFBS,4.3,2000.0,False,10000,L,CA5410016
CA,CWS - VISALIA,CWS - VISALIA,93257,93257|93274|93277|93291|93292,PFOA,4.2,4.0,True,10000,L,CA5410016
CA,CWS - VISALIA,CWS - VISALIA,93257,93257|93274|93277|93291|93292,PFOS,6.9,4.0,True,10000,L,CA5410016
CA,CWSC LOS ALTOS SUBURBAN,CWSC LOS ALTOS SUBURBAN,94022,94022|94024|94040|94041|94086|94087|94306|95014|95051,PFHxS,3.5,10.0,False,10000,L,CA4310001
CA,Cal Am - Suburban Rosemont,Cal Am - Suburban Rosemont,95608,95608|95655|95670|95826|95827|95829,PFHxS,10.9,10.0,True,10000,L,CA3410010
CA,Cal Am - Suburban Rosemont,Cal Am - Suburban Rosemont,95608,95608|95655|95670|95826|95827|95829,PFOA,8.2,4.0,True,10000,L,CA3410010
CA,Cal Am - Suburban Rosemont,Cal Am - Suburban Rosemont,95608,95608|95655|95670|95826|95827|95829,PFOS,13.4,4.0,True,10000,L,CA3410010
CA,DELHI CWD,DELHI CWD,,,PFHxS,8.0,10.0,False,3300,S,CA2410006
CA,DELHI CWD,DELHI CWD,,,PFOS,7.3,4.0,True,3300,S,CA2410006
CA,"DOWNEY - CITY, WATER DEPT.","DOWNEY - CITY, WATER DEPT.",90240,90240|90241|90242,PFBS,8.9,2000.0,False,10000,L,CA1910034
CA,"DOWNEY - CITY, WATER DEPT.","DOWNEY - CITY, WATER DEPT.",90240,90240|90241|90242,PFHxS,8.9,10.0,False,10000,L,CA1910034
CA,"DOWNEY - CITY, WATER DEPT.","DOWNEY - CITY, WATER DEPT.",90240,90240|90241|90242,PFOA,15.0,4.0,True,10000,L,CA1910034
CA,"DOWNEY - CITY, WATER DEPT.","DOWNEY - CITY, WATER DEPT.",90240,90240|90241|90242,PFOS,44.0,4.0,True,10000,L,CA1910034
CA,EAST VALLEY WATER DISTRICT,EAST VALLEY WATER DISTRICT,92346,92346|92404|92410,PFBS,8.9,2000.0,False,10000,L,CA3610064
CA,EAST VALLEY WATER DISTRICT,EAST VALLEY WATER DISTRICT,92346,92346|92404|92410,PFHxS,4.0,10.0,False,10000,L,CA3610064
CA,EAST VALLEY WATER DISTRICT,EAST VALLEY WATER DISTRICT,92346,92346|92404|92410,PFOA,9.0,4.0,True,10000,L,CA3610064
CA,EAST VALLEY WATER DISTRICT,EAST VALLEY WATER DISTRICT,92346,92346|92404|92410,PFOS,12.0,4.0,True,10000,L,CA3610064
CA,"EL MONTE-CITY, WATER DEPT.","EL MONTE-CITY, WATER DEPT.",91731,91731|91732|91733,PFHxS,3.2,10.0,False,10000,L,CA1910038
CA,"EL MONTE-CITY, WATER DEPT.","EL MONTE-CITY, WATER DEPT.",91731,91731|91732|91733,PFOS,4.4,4.0,True,10000,L,CA1910038
CA,ELK GROVE WATER SERVICE,ELK GROVE WATER SERVICE,95624,95624,PFHxS,3.8,10.0,False,10000,L,CA3410008
CA,FARM MUTUAL W.C. (THE),FARM MUTUAL W.C. (THE),92595,92595,PFHxS,5.1,10.0,False,3300,S,CA3310046
CA,FARM MUTUAL W.C. (THE),FARM MUTUAL W.C. (THE),92595,92595,PFOA,4.2,4.0,True,3300,S,CA3310046
CA,FARM MUTUAL W.C. (THE),FARM MUTUAL W.C. (THE),92595,92595,PFOS,4.3,4.0,True,3300,S,CA3310046
CA,FLORIN COUNTY WATER DISTRICT,FLORIN COUNTY WATER DISTRICT,95828,95828,PFHxS,5.5,10.0,False,3300,S,CA3410033
CA,FLORIN COUNTY WATER DISTRICT,FLORIN COUNTY WATER DISTRICT,95828,95828,PFOA,11.8,4.0,True,3300,S,CA3410033
CA,FLORIN COUNTY WATER DISTRICT,FLORIN COUNTY WATER DISTRICT,95828,95828,PFOS,6.6,4.0,True,3300,S,CA3410033
CA,FOLSOM STATE PRISON,FOLSOM STATE PRISON,95671,95671,PFOS,6.8,4.0,True,3300,S,CA3410032
CA,GLEN HELEN WATER SYSTEM,GLEN HELEN WATER SYSTEM,92415,92415,PFBS,3.2,2000.0,False,3300,S,CA3600108
CA,GLEN HELEN WATER SYSTEM,GLEN HELEN WATER SYSTEM,92415,92415,PFHxS,6.2,10.0,False,3300,S,CA3600108
CA,"GLENDALE-CITY, WATER DEPT.","GLENDALE-CITY, WATER DEPT.",91201,91201|91205|91206|91208|91214,PFBS,16.9,2000.0,False,10000,L,CA1910043
CA,"GLENDALE-CITY, WATER DEPT.","GLENDALE-CITY, WATER DEPT.",91201,91201|91205|91206|91208|91214,PFHxS,5.5,10.0,False,10000,L,CA1910043
CA,"GLENDALE-CITY, WATER DEPT.","GLENDALE-CITY, WATER DEPT.",91201,91201|91205|91206|91208|91214,PFOA,14.8,4.0,True,10000,L,CA1910043
CA,"GLENDALE-CITY, WATER DEPT.","GLENDALE-CITY, WATER DEPT.",91201,91201|91205|91206|91208|91214,PFOS,15.8,4.0,True,10000,L,CA1910043
CA,GOLDEN HILLS CSD,GOLDEN HILLS CSD,93561,93561,PFBS,5.5,2000.0,False,3300,S,CA1510045
CA,GOLDEN HILLS CSD,GOLDEN HILLS CSD,93561,93561,PFHxS,5.5,10.0,False,3300,S,CA1510045
CA,GOLDEN HILLS CSD,GOLDEN HILLS CSD,93561,93561,PFOA,18.6,4.0,True,3300,S,CA1510045
CA,GOLDEN HILLS CSD,GOLDEN HILLS CSD,93561,93561,PFOS,7.8,4.0,True,3300,S,CA1510045
CA,GOLDEN STATE WATER CO - BARSTOW,GOLDEN STATE WATER CO - BARSTOW,92311,92311,PFHxS,5.0,10.0,False,10000,L,CA3610043
CA,GOLDEN STATE WATER CO - BARSTOW,GOLDEN STATE WATER CO - BARSTOW,92311,92311,PFOA,5.7,4.0,True,10000,L,CA3610043
CA,GOLDEN STATE WATER CO - WRIGHTWOOD,GOLDEN STATE WATER CO - WRIGHTWOOD,92397,92397,PFBS,7.9,2000.0,False,3300,S,CA3610047
CA,GOLDEN STATE WATER COMPANY - LOS OSOS,GOLDEN STATE WATER COMPANY - LOS OSOS,93402,93402,PFBS,3.2,2000.0,False,3300,S,CA4010017
CA,GOLDEN STATE WATER COMPANY - LOS OSOS,GOLDEN STATE WATER COMPANY - LOS OSOS,93402,93402,PFHxS,8.8,10.0,False,3300,S,CA4010017
CA,GOLDEN STATE WC - PLACENTIA/YORBA LINDA,GOLDEN STATE WC - PLACENTIA/YORBA LINDA,92807,92807|92870|92886,PFBS,5.6,2000.0,False,10000,L,CA3010035
CA,GOLDEN STATE WC - PLACENTIA/YORBA LINDA,GOLDEN STATE WC - PLACENTIA/YORBA LINDA,92807,92807|92870|92886,PFHxS,3.6,10.0,False,10000,L,CA3010035
CA,GOLDEN STATE WC - PLACENTIA/YORBA LINDA,GOLDEN STATE WC - PLACENTIA/YORBA LINDA,92807,92807|92870|92886,PFOA,6.0,4.0,True,10000,L,CA3010035
CA,GOLDEN STATE WC - PLACENTIA/YORBA LINDA,GOLDEN STATE WC - PLACENTIA/YORBA LINDA,92807,92807|92870|92886,PFOS,6.5,4.0,True,10000,L,CA3010035
CA,GOLDEN STATE WC - WEST ORANGE COUNTY,GOLDEN STATE WC - WEST ORANGE COUNTY,90630,90630|90680|90720|92804|92841,PFHxS,9.3,10.0,False,10000,L,CA3010022
CA,GOLDEN STATE WC - WEST ORANGE COUNTY,GOLDEN STATE WC - WEST ORANGE COUNTY,90630,90630|90680|90720|92804|92841,PFOA,8.1,4.0,True,10000,L,CA3010022
CA,GOLDEN STATE WC - WEST ORANGE COUNTY,GOLDEN STATE WC - WEST ORANGE COUNTY,90630,90630|90680|90720|92804|92841,PFOS,16.0,4.0,True,10000,L,CA3010022
CA,GREAT OAKS WC INC,GREAT OAKS WC INC,95037,95037|95111|95119|95120|95123|95136|95138|95139,PFHxS,8.0,10.0,False,10000,L,CA4310022
CA,GREAT OAKS WC INC,GREAT OAKS WC INC,95037,95037|95111|95119|95120|95123|95136|95138|95139,PFOS,4.6,4.0,True,10000,L,CA4310022
CA,GROVELAND COMMUNITY SERV DIST,GROVELAND COMMUNITY SERV DIST,95305,95305,PFOS,4.9,4.0,True,3300,S,CA5510009
CA,GSWC - ARTESIA,GSWC - ARTESIA,90630,90630|90701|90703|90715|90716|90720|90808,PFHxS,3.4,10.0,False,10000,L,CA1910004
CA,GSWC - ARTESIA,GSWC - ARTESIA,90630,90630|90701|90703|90715|90716|90720|90808,PFOS,13.0,4.0,True,10000,L,CA1910004
CA,"GSWC - BELL, BELL GARDENS","GSWC - BELL, BELL GARDENS",90040,90040|90201|90240|90255|90280,PFBS,4.1,2000.0,False,10000,L,CA1910011
CA,"GSWC - BELL, BELL GARDENS","GSWC - BELL, BELL GARDENS",90040,90040|90201|90240|90255|90280,PFHxS,3.6,10.0,False,10000,L,CA1910011
CA,"GSWC - BELL, BELL GARDENS","GSWC - BELL, BELL GARDENS",90040,90040|90201|90240|90255|90280,PFOS,15.0,4.0,True,10000,L,CA1910011
CA,GSWC - CLAREMONT,GSWC - CLAREMONT,91767,91767|91771|91784,PFBS,5.1,2000.0,False,10000,L,CA1910024
CA,GSWC - CLAREMONT,GSWC - CLAREMONT,91767,91767|91771|91784,PFHxS,3.7,10.0,False,10000,L,CA1910024
CA,GSWC - CLAREMONT,GSWC - CLAREMONT,91767,91767|91771|91784,PFOA,12.9,4.0,True,10000,L,CA1910024
CA,GSWC - CLAREMONT,GSWC - CLAREMONT,91767,91767|91771|91784,PFOS,10.4,4.0,True,10000,L,CA1910024
CA,GSWC-SAN DIMAS,GSWC-SAN DIMAS,91724,91724|91740|91750|91773|91789,PFOS,4.5,4.0,True,10000,L,CA1910142
CA,GSWC-SOUTH ARCADIA,GSWC-SOUTH ARCADIA,91006,91006|91007|91010|91016|91731|91776|91780,PFHxS,7.0,10.0,False,10000,L,CA1910212
CA,GSWC-SOUTH ARCADIA,GSWC-SOUTH ARCADIA,91006,91006|91007|91010|91016|91731|91776|91780,PFOA,5.5,4.0,True,10000,L,CA1910212
CA,GSWC-SOUTH ARCADIA,GSWC-SOUTH ARCADIA,91006,91006|91007|91010|91016|91731|91776|91780,PFOS,22.0,4.0,True,10000,L,CA1910212
CA,GUADALUPE VALLEY MID,GUADALUPE VALLEY MID,94005,94005,PFHxS,3.4,10.0,False,3300,S,CA4110005
CA,GUADALUPE VALLEY MID,GUADALUPE VALLEY MID,94005,94005,PFOA,9.6,4.0,True,3300,S,CA4110005
CA,GUADALUPE VALLEY MID,GUADALUPE VALLEY MID,94005,94005,PFOS,8.3,4.0,True,3300,S,CA4110005
CA,"HEALDSBURG, CITY OF","HEALDSBURG, CITY OF",95448,95448,PFBS,5.2,2000.0,False,10000,L,CA4910005
CA,"HEALDSBURG, CITY OF","HEALDSBURG, CITY OF",95448,95448,PFHxS,4.5,10.0,False,10000,L,CA4910005
CA,HELENDALE COMMUNITY SERVICE DISTRICT,HELENDALE COMMUNITY SERVICE DISTRICT,92342,92342,PFBS,6.0,2000.0,False,3300,S,CA3610112
CA,HELENDALE COMMUNITY SERVICE DISTRICT,HELENDALE COMMUNITY SERVICE DISTRICT,92342,92342,PFHxS,14.6,10.0,True,3300,S,CA3610112
CA,HELENDALE COMMUNITY SERVICE DISTRICT,HELENDALE COMMUNITY SERVICE DISTRICT,92342,92342,PFOA,13.0,4.0,True,3300,S,CA3610112
CA,HELENDALE COMMUNITY SERVICE DISTRICT,HELENDALE COMMUNITY SERVICE DISTRICT,92342,92342,PFOS,23.0,4.0,True,3300,S,CA3610112
CA,HESPERIA WD,HESPERIA WD,92345,92345,PFHxS,10.5,10.0,True,10000,L,CA3610024
CA,HESPERIA WD,HESPERIA WD,92345,92345,PFOA,10.2,4.0,True,10000,L,CA3610024
CA,HESPERIA WD,HESPERIA WD,92345,92345,PFOS,11.1,4.0,True,10000,L,CA3610024
CA,HI DESERT WD,HI DESERT WD,92284,92284,PFHxS,3.0,10.0,False,10000,L,CA3610073
CA,"HUNTINGTON PARK-CITY, WATER DEPT.","HUNTINGTON PARK-CITY, WATER DEPT.",90255,90255,PFHxS,5.1,10.0,False,10000,L,CA1910049
CA,"HUNTINGTON PARK-CITY, WATER DEPT.","HUNTINGTON PARK-CITY, WATER DEPT.",90255,90255,PFOA,5.1,4.0,True,10000,L,CA1910049
CA,"HUNTINGTON PARK-CITY, WATER DEPT.","HUNTINGTON PARK-CITY, WATER DEPT.",90255,90255,PFOS,23.0,4.0,True,10000,L,CA1910049
CA,"INGLEWOOD- CITY, WATER DEPT.","INGLEWOOD- CITY, WATER DEPT.",90301,90301|90302|90303|90305,PFOA,4.4,4.0,True,10000,L,CA1910051
CA,LA HABRA HEIGHTS CWD,LA HABRA HEIGHTS CWD,90631,90631,PFBS,7.6,2000.0,False,3300,S,CA1910218
CA,LA HABRA HEIGHTS CWD,LA HABRA HEIGHTS CWD,90631,90631,PFHxS,4.5,10.0,False,3300,S,CA1910218
CA,LA HABRA HEIGHTS CWD,LA HABRA HEIGHTS CWD,90631,90631,PFOA,11.0,4.0,True,3300,S,CA1910218
CA,LA HABRA HEIGHTS CWD,LA HABRA HEIGHTS CWD,90631,90631,PFOS,23.0,4.0,True,3300,S,CA1910218
CA,LAKE ARROWHEAD CSD,LAKE ARROWHEAD CSD,92317,92317|92321|92352,PFHxS,3.3,10.0,False,3300,S,CA3610005
CA,LAKE ARROWHEAD CSD,LAKE ARROWHEAD CSD,92317,92317|92321|92352,PFNA,4.6,10.0,False,3300,S,CA3610005
CA,LAKE ARROWHEAD CSD,LAKE ARROWHEAD CSD,92317,92317|92321|92352,PFOA,14.0,4.0,True,3300,S,CA3610005
CA,LAKE ARROWHEAD CSD,LAKE ARROWHEAD CSD,92317,92317|92321|92352,PFOS,7.2,4.0,True,3300,S,CA3610005
CA,LAKESIDE WD,LAKESIDE WD,92040,92040,PFBS,4.8,2000.0,False,10000,L,CA3710013
CA,LAKESIDE WD,LAKESIDE WD,92040,92040,PFHxS,4.8,10.0,False,10000,L,CA3710013
CA,LAKESIDE WD,LAKESIDE WD,92040,92040,PFOS,4.8,4.0,True,10000,L,CA3710013
CA,"LAKEWOOD - CITY, WATER DEPT.","LAKEWOOD - CITY, WATER DEPT.",90712,90712|90713,PFHxS,3.1,10.0,False,10000,L,CA1910239
CA,"LAKEWOOD - CITY, WATER DEPT.","LAKEWOOD - CITY, WATER DEPT.",90712,90712|90713,PFOS,16.7,4.0,True,10000,L,CA1910239
CA,LATON COMMUNITY SERVICES DISTRICT,LATON COMMUNITY SERVICES DISTRICT,93242,93242,PFBS,3.9,2000.0,False,3300,S,CA1010020
CA,LATON COMMUNITY SERVICES DISTRICT,LATON COMMUNITY SERVICES DISTRICT,93242,93242,PFOA,6.2,4.0,True,3300,S,CA1010020
CA,LATON COMMUNITY SERVICES DISTRICT,LATON COMMUNITY SERVICES DISTRICT,93242,93242,PFOS,6.1,4.0,True,3300,S,CA1010020
CA,LIBERTY UTILITIES - BELLFLOWER-NORWALK,LIBERTY UTILITIES - BELLFLOWER-NORWALK,90650,90650|90670|90701|90706|90707,PFBS,8.9,2000.0,False,10000,L,CA1910211
CA,LIBERTY UTILITIES - BELLFLOWER-NORWALK,LIBERTY UTILITIES - BELLFLOWER-NORWALK,90650,90650|90670|90701|90706|90707,PFHxS,11.0,10.0,True,10000,L,CA1910211
CA,LIBERTY UTILITIES - BELLFLOWER-NORWALK,LIBERTY UTILITIES - BELLFLOWER-NORWALK,90650,90650|90670|90701|90706|90707,PFOA,16.0,4.0,True,10000,L,CA1910211
CA,LIBERTY UTILITIES - BELLFLOWER-NORWALK,LIBERTY UTILITIES - BELLFLOWER-NORWALK,90650,90650|90670|90701|90706|90707,PFOS,59.0,4.0,True,10000,L,CA1910211
CA,LIBERTY UTILITIES - LYNWOOD,LIBERTY UTILITIES - LYNWOOD,90221,90221|90262,PFHxS,4.8,10.0,False,10000,L,CA1910161
CA,LIBERTY UTILITIES - LYNWOOD,LIBERTY UTILITIES - LYNWOOD,90221,90221|90262,PFOA,5.0,4.0,True,10000,L,CA1910161
CA,LIBERTY UTILITIES - LYNWOOD,LIBERTY UTILITIES - LYNWOOD,90221,90221|90262,PFOS,17.0,4.0,True,10000,L,CA1910161
CA,"LINDSAY, CITY OF","LINDSAY, CITY OF",93247,93247,PFBS,3.3,2000.0,False,10000,L,CA5410006
CA,"LINDSAY, CITY OF","LINDSAY, CITY OF",93247,93247,PFOA,8.3,4.0,True,10000,L,CA5410006
CA,"LINDSAY, CITY OF","LINDSAY, CITY OF",93247,93247,PFOS,11.0,4.0,True,10000,L,CA5410006
CA,"LODI, CITY OF","LODI, CITY OF",95240,95240|95242,PFBS,17.0,2000.0,False,10000,L,CA3910004
CA,"LODI, CITY OF","LODI, CITY OF",95240,95240|95242,PFHxS,6.1,10.0,False,10000,L,CA3910004
CA,"LODI, CITY OF","LODI, CITY OF",95240,95240|95242,PFOA,6.2,4.0,True,10000,L,CA3910004
CA,"LODI, CITY OF","LODI, CITY OF",95240,95240|95242,PFOS,5.6,4.0,True,10000,L,CA3910004
CA,LOMA LINDA UNIVERSITY,LOMA LINDA UNIVERSITY,92350,92350|92354,PFHxS,3.1,10.0,False,3300,S,CA3600152
CA,LOMA LINDA UNIVERSITY,LOMA LINDA UNIVERSITY,92350,92350|92354,PFOS,4.2,4.0,True,3300,S,CA3600152
CA,"LOMITA-CITY, WATER DEPT.","LOMITA-CITY, WATER DEPT.",90717,90717,PFHxS,4.1,10.0,False,10000,L,CA1910073
CA,"LOMITA-CITY, WATER DEPT.","LOMITA-CITY, WATER DEPT.",90717,90717,PFOS,4.3,4.0,True,10000,L,CA1910073
CA,LOS OSOS COMMUNITY SERVICES DISTRICT,LOS OSOS COMMUNITY SERVICES DISTRICT,93402,93402,PFBS,18.0,2000.0,False,3300,S,CA4010016
CA,LOS OSOS COMMUNITY SERVICES DISTRICT,LOS OSOS COMMUNITY SERVICES DISTRICT,93402,93402,PFHxS,8.4,10.0,False,3300,S,CA4010016
CA,LOS OSOS COMMUNITY SERVICES DISTRICT,LOS OSOS COMMUNITY SERVICES DISTRICT,93402,93402,PFOA,14.7,4.0,True,3300,S,CA4010016
CA,LOS OSOS COMMUNITY SERVICES DISTRICT,LOS OSOS COMMUNITY SERVICES DISTRICT,93402,93402,PFOS,11.7,4.0,True,3300,S,CA4010016
CA,"LYNWOOD-CITY, WATER DEPT.","LYNWOOD-CITY, WATER DEPT.",90262,90262|90280,PFHxS,6.1,10.0,False,10000,L,CA1910079
CA,"LYNWOOD-CITY, WATER DEPT.","LYNWOOD-CITY, WATER DEPT.",90262,90262|90280,PFOA,7.8,4.0,True,10000,L,CA1910079
CA,"LYNWOOD-CITY, WATER DEPT.","LYNWOOD-CITY, WATER DEPT.",90262,90262|90280,PFOS,23.0,4.0,True,10000,L,CA1910079
CA,"MANTECA, CITY OF","MANTECA, CITY OF",95336,95336|95337,PFBS,3.9,2000.0,False,10000,L,CA3910005
CA,"MANTECA, CITY OF","MANTECA, CITY OF",95336,95336|95337,PFHxS,19.0,10.0,True,10000,L,CA3910005
CA,"MANTECA, CITY OF","MANTECA, CITY OF",95336,95336|95337,PFOA,7.0,4.0,True,10000,L,CA3910005
CA,MAYWOOD MUTUAL WATER CO. #1,MAYWOOD MUTUAL WATER CO. #1,90255,90255|90270,PFOS,11.3,4.0,True,3300,S,CA1910084
CA,MAYWOOD MUTUAL WATER CO. #2,MAYWOOD MUTUAL WATER CO. #2,90270,90270,PFOS,4.3,4.0,True,3300,S,CA1910085
CA,MAYWOOD MUTUAL WATER CO. #3,MAYWOOD MUTUAL WATER CO. #3,90058,90058|90201|90270,PFHxS,6.1,10.0,False,3300,S,CA1910086
CA,MAYWOOD MUTUAL WATER CO. #3,MAYWOOD MUTUAL WATER CO. #3,90058,90058|90201|90270,PFOA,7.3,4.0,True,3300,S,CA1910086
CA,MAYWOOD MUTUAL WATER CO. #3,MAYWOOD MUTUAL WATER CO. #3,90058,90058|90201|90270,PFOS,26.4,4.0,True,3300,S,CA1910086
CA,"MODESTO, CITY OF","MODESTO, CITY OF",95350,95350|95351|95354|95355|95356|95357|95358,PFBS,4.3,2000.0,False,10000,L,CA5010010
CA,"MODESTO, CITY OF","MODESTO, CITY OF",95350,95350|95351|95354|95355|95356|95357|95358,PFHxS,9.3,10.0,False,10000,L,CA5010010
CA,"MODESTO, CITY OF","MODESTO, CITY OF",95350,95350|95351|95354|95355|95356|95357|95358,PFOA,8.6,4.0,True,10000,L,CA5010010
CA,"MODESTO, CITY OF","MODESTO, CITY OF",95350,95350|95351|95354|95355|95356|95357|95358,PFOS,26.0,4.0,True,10000,L,CA5010010
CA,"MONROVIA-CITY, WATER DEPT.","MONROVIA-CITY, WATER DEPT.",91016,91016,PFHxS,3.5,10.0,False,10000,L,CA1910090
CA,"MONROVIA-CITY, WATER DEPT.","MONROVIA-CITY, WATER DEPT.",91016,91016,PFOA,5.4,4.0,True,10000,L,CA1910090
CA,"MONROVIA-CITY, WATER DEPT.","MONROVIA-CITY, WATER DEPT.",91016,91016,PFOS,6.1,4.0,True,10000,L,CA1910090
CA,MONTE VISTA CWD,MONTE VISTA CWD,91710,91710|91762|91763|91766,PFHxS,7.4,10.0,False,10000,L,CA3610029
CA,MONTE VISTA CWD,MONTE VISTA CWD,91710,91710|91762|91763|91766,PFOS,5.6,4.0,True,10000,L,CA3610029
CA,MONTEBELLO LAND & WATER CO.,MONTEBELLO LAND & WATER CO.,90640,90640,PFBS,11.0,2000.0,False,10000,L,CA1910091
CA,MONTEBELLO LAND & WATER CO.,MONTEBELLO LAND & WATER CO.,90640,90640,PFHxS,8.6,10.0,False,10000,L,CA1910091
CA,MONTEBELLO LAND & WATER CO.,MONTEBELLO LAND & WATER CO.,90640,90640,PFOA,16.0,4.0,True,10000,L,CA1910091
CA,MONTEBELLO LAND & WATER CO.,MONTEBELLO LAND & WATER CO.,90640,90640,PFOS,53.0,4.0,True,10000,L,CA1910091
CA,"NORCO, CITY OF","NORCO, CITY OF",92860,92860,PFBS,12.2,2000.0,False,10000,L,CA3310025
CA,"NORCO, CITY OF","NORCO, CITY OF",92860,92860,PFHxS,13.8,10.0,True,10000,L,CA3310025
CA,"NORCO, CITY OF","NORCO, CITY OF",92860,92860,PFOA,13.7,4.0,True,10000,L,CA3310025
CA,"NORCO, CITY OF","NORCO, CITY OF",92860,92860,PFOS,31.4,4.0,True,10000,L,CA3310025
CA,NORTHROP GRUMMAN CORP.,NORTHROP GRUMMAN CORP.,93550,93550,PFBS,64.7,2000.0,False,3300,S,CA1910097
CA,NORTHROP GRUMMAN CORP.,NORTHROP GRUMMAN CORP.,93550,93550,PFHxS,3.5,10.0,False,3300,S,CA1910097
CA,NORTHROP GRUMMAN CORP.,NORTHROP GRUMMAN CORP.,93550,93550,PFOA,5.5,4.0,True,3300,S,CA1910097
CA,"NORWALK - CITY, WATER DEPT.","NORWALK - CITY, WATER DEPT.",90650,90650,PFHxS,7.6,10.0,False,10000,L,CA1910191
CA,"NORWALK - CITY, WATER DEPT.","NORWALK - CITY, WATER DEPT.",90650,90650,PFOA,5.2,4.0,True,10000,L,CA1910191
CA,"NORWALK - CITY, WATER DEPT.","NORWALK - CITY, WATER DEPT.",90650,90650,PFOS,26.0,4.0,True,10000,L,CA1910191
CA,NUEVO WATER COMPANY,NUEVO WATER COMPANY,92567,92567,PFHxS,4.4,10.0,False,3300,S,CA3310026
CA,NUEVO WATER COMPANY,NUEVO WATER COMPANY,92567,92567,PFOA,7.0,4.0,True,3300,S,CA3310026
CA,NUEVO WATER COMPANY,NUEVO WATER COMPANY,92567,92567,PFOS,4.6,4.0,True,3300,S,CA3310026
CA,OLYMPIA MOBILODGE,OLYMPIA MOBILODGE,,,PFHxS,4.0,10.0,False,3300,S,CA3410022
CA,OLYMPIA MOBILODGE,OLYMPIA MOBILODGE,,,PFOA,4.2,4.0,True,3300,S,CA3410022
CA,ONTARIO MUNICIPAL UTILITIES COMPANY,ONTARIO MUNICIPAL UTILITIES COMPANY,91761,91761|91762|91764,PFHxS,4.2,10.0,False,10000,L,CA3610034
CA,ONTARIO MUNICIPAL UTILITIES COMPANY,ONTARIO MUNICIPAL UTILITIES COMPANY,91761,91761|91762|91764,PFOA,30.0,4.0,True,10000,L,CA3610034
CA,ONTARIO MUNICIPAL UTILITIES COMPANY,ONTARIO MUNICIPAL UTILITIES COMPANY,91761,91761|91762|91764,PFOS,5.2,4.0,True,10000,L,CA3610034
CA,ORCHARD DALE WATER DISTRICT,ORCHARD DALE WATER DISTRICT,90604,90604|90605,PFBS,7.2,2000.0,False,10000,L,CA1910101
CA,ORCHARD DALE WATER DISTRICT,ORCHARD DALE WATER DISTRICT,90604,90604|90605,PFHxS,4.0,10.0,False,10000,L,CA1910101
CA,ORCHARD DALE WATER DISTRICT,ORCHARD DALE WATER DISTRICT,90604,90604|90605,PFOA,9.9,4.0,True,10000,L,CA1910101
CA,ORCHARD DALE WATER DISTRICT,ORCHARD DALE WATER DISTRICT,90604,90604|90605,PFOS,23.0,4.0,True,10000,L,CA1910101
CA,PALMDALE WATER DIST.,PALMDALE WATER DIST.,93550,93550|93551|93552,PFBS,4.5,2000.0,False,10000,L,CA1910102
CA,PASO ROBLES WATER DEPARTMENT,PASO ROBLES WATER DEPARTMENT,93446,93446,PFBS,8.1,2000.0,False,10000,L,CA4010007
CA,PASO ROBLES WATER DEPARTMENT,PASO ROBLES WATER DEPARTMENT,93446,93446,PFHxS,5.2,10.0,False,10000,L,CA4010007
CA,PASO ROBLES WATER DEPARTMENT,PASO ROBLES WATER DEPARTMENT,93446,93446,PFOA,6.3,4.0,True,10000,L,CA4010007
CA,PETER PITCHESS HONOR RANCHO DETN. CTR,PETER PITCHESS HONOR RANCHO DETN. CTR,91384,91384,PFHxS,3.1,10.0,False,3300,S,CA1900046
CA,PETER PITCHESS HONOR RANCHO DETN. CTR,PETER PITCHESS HONOR RANCHO DETN. CTR,91384,91384,PFOA,5.0,4.0,True,3300,S,CA1900046
CA,PETER PITCHESS HONOR RANCHO DETN. CTR,PETER PITCHESS HONOR RANCHO DETN. CTR,91384,91384,PFOS,6.5,4.0,True,3300,S,CA1900046
CA,"PICO RIVERA - CITY, WATER DEPT.","PICO RIVERA - CITY, WATER DEPT.",90660,90660,PFBS,10.0,2000.0,False,10000,L,CA1910042
CA,"PICO RIVERA - CITY, WATER DEPT.","PICO RIVERA - CITY, WATER DEPT.",90660,90660,PFHxS,5.6,10.0,False,10000,L,CA1910042
CA,"PICO RIVERA - CITY, WATER DEPT.","PICO RIVERA - CITY, WATER DEPT.",90660,90660,PFOA,16.0,4.0,True,10000,L,CA1910042
CA,"PICO RIVERA - CITY, WATER DEPT.","PICO RIVERA - CITY, WATER DEPT.",90660,90660,PFOS,30.0,4.0,True,10000,L,CA1910042
CA,PICO WD,PICO WD,90660,90660,PFBS,7.3,2000.0,False,10000,L,CA1910125
CA,PICO WD,PICO WD,90660,90660,PFHxS,5.7,10.0,False,10000,L,CA1910125
CA,PICO WD,PICO WD,90660,90660,PFOA,14.0,4.0,True,10000,L,CA1910125
CA,PICO WD,PICO WD,90660,90660,PFOS,28.0,4.0,True,10000,L,CA1910125
CA,PINEDALE COUNTY WATER DISTRICT,PINEDALE COUNTY WATER DISTRICT,93650,93650|93704|93710|93711|93720,PFBS,5.6,2000.0,False,10000,L,CA1010026
CA,PINEDALE COUNTY WATER DISTRICT,PINEDALE COUNTY WATER DISTRICT,93650,93650|93704|93710|93711|93720,PFHxS,4.0,10.0,False,10000,L,CA1010026
CA,PINEDALE COUNTY WATER DISTRICT,PINEDALE COUNTY WATER DISTRICT,93650,93650|93704|93710|93711|93720,PFOA,12.0,4.0,True,10000,L,CA1010026
CA,PINEDALE COUNTY WATER DISTRICT,PINEDALE COUNTY WATER DISTRICT,93650,93650|93704|93710|93711|93720,PFOS,8.8,4.0,True,10000,L,CA1010026
CA,PLANADA CSD,PLANADA CSD,95365,95365,PFBS,3.7,2000.0,False,3300,S,CA2410007
CA,PLANADA CSD,PLANADA CSD,95365,95365,PFHxS,6.5,10.0,False,3300,S,CA2410007
CA,PLANADA CSD,PLANADA CSD,95365,95365,PFOS,14.7,4.0,True,3300,S,CA2410007
CA,PLEASANT VALLEY MUTUAL WATER CO,PLEASANT VALLEY MUTUAL WATER CO,93010,93010,PFHxS,8.7,10.0,False,3300,S,CA5610008
CA,PLEASANT VALLEY MUTUAL WATER CO,PLEASANT VALLEY MUTUAL WATER CO,93010,93010,PFOA,10.1,4.0,True,3300,S,CA5610008
CA,PLEASANT VALLEY MUTUAL WATER CO,PLEASANT VALLEY MUTUAL WATER CO,93010,93010,PFOS,11.0,4.0,True,3300,S,CA5610008
CA,"POMONA - CITY, WATER DEPT.","POMONA - CITY, WATER DEPT.",91709,91709|91710|91766|91767|91768,PFBS,3.2,2000.0,False,10000,L,CA1910126
CA,"POMONA - CITY, WATER DEPT.","POMONA - CITY, WATER DEPT.",91709,91709|91710|91766|91767|91768,PFHxS,7.9,10.0,False,10000,L,CA1910126
CA,"POMONA - CITY, WATER DEPT.","POMONA - CITY, WATER DEPT.",91709,91709|91710|91766|91767|91768,PFOA,7.1,4.0,True,10000,L,CA1910126
CA,"POMONA - CITY, WATER DEPT.","POMONA - CITY, WATER DEPT.",91709,91709|91710|91766|91767|91768,PFOS,18.0,4.0,True,10000,L,CA1910126
CA,"PORTERVILLE, CITY OF","PORTERVILLE, CITY OF",93257,93257,PFBS,9.1,2000.0,False,10000,L,CA5410010
CA,"PORTERVILLE, CITY OF","PORTERVILLE, CITY OF",93257,93257,PFHxS,3.6,10.0,False,10000,L,CA5410010
CA,"PORTERVILLE, CITY OF","PORTERVILLE, CITY OF",93257,93257,PFOA,22.0,4.0,True,10000,L,CA5410010
CA,"PORTERVILLE, CITY OF","PORTERVILLE, CITY OF",93257,93257,PFOS,23.0,4.0,True,10000,L,CA5410010
CA,POTRERO ELEMENTARY SCHOOL,POTRERO ELEMENTARY SCHOOL,91963,91963,PFBS,5.9,2000.0,False,3300,S,CA3700963
CA,POTRERO ELEMENTARY SCHOOL,POTRERO ELEMENTARY SCHOOL,91963,91963,PFHxS,250.2,10.0,True,3300,S,CA3700963
CA,POTRERO ELEMENTARY SCHOOL,POTRERO ELEMENTARY SCHOOL,91963,91963,PFNA,10.2,10.0,True,3300,S,CA3700963
CA,POTRERO ELEMENTARY SCHOOL,POTRERO ELEMENTARY SCHOOL,91963,91963,PFOA,188.3,4.0,True,3300,S,CA3700963
CA,POTRERO ELEMENTARY SCHOOL,POTRERO ELEMENTARY SCHOOL,91963,91963,PFOS,64.2,4.0,True,3300,S,CA3700963
CA,POTTAWATOMIE CO. RWD #3 (DALE PLANT),POTTAWATOMIE CO. RWD #3 (DALE PLANT),74804,74804,PFHxS,3.3,10.0,False,3300,S,061020808
CA,POTTAWATOMIE CO. RWD #3 (DALE PLANT),POTTAWATOMIE CO. RWD #3 (DALE PLANT),74804,74804,PFOS,4.1,4.0,True,3300,S,061020808
CA,PRESIDIO OF SAN FRANCISCO,PRESIDIO OF SAN FRANCISCO,94129,94129,PFBS,4.9,2000.0,False,3300,S,CA3810700
CA,PRESIDIO OF SAN FRANCISCO,PRESIDIO OF SAN FRANCISCO,94129,94129,PFHxS,4.6,10.0,False,3300,S,CA3810700
CA,PRESIDIO OF SAN FRANCISCO,PRESIDIO OF SAN FRANCISCO,94129,94129,PFOA,4.0,4.0,False,3300,S,CA3810700
CA,RANCHO CALIFORNIA WATER DISTRICT,RANCHO CALIFORNIA WATER DISTRICT,92562,92562|92590|92591|92592,PFBS,7.3,2000.0,False,10000,L,CA3310038
CA,RANCHO CALIFORNIA WATER DISTRICT,RANCHO CALIFORNIA WATER DISTRICT,92562,92562|92590|92591|92592,PFHxS,6.7,10.0,False,10000,L,CA3310038
CA,RANCHO CALIFORNIA WATER DISTRICT,RANCHO CALIFORNIA WATER DISTRICT,92562,92562|92590|92591|92592,PFOA,11.0,4.0,True,10000,L,CA3310038
CA,RANCHO CALIFORNIA WATER DISTRICT,RANCHO CALIFORNIA WATER DISTRICT,92562,92562|92590|92591|92592,PFOS,16.0,4.0,True,10000,L,CA3310038
CA,RANCHO LOS AMIGOS HOSPITAL,RANCHO LOS AMIGOS HOSPITAL,90242,90242,PFHxS,4.1,10.0,False,3300,S,CA1900679
CA,RANCHO LOS AMIGOS HOSPITAL,RANCHO LOS AMIGOS HOSPITAL,90242,90242,PFOA,7.8,4.0,True,3300,S,CA1900679
CA,RANCHO LOS AMIGOS HOSPITAL,RANCHO LOS AMIGOS HOSPITAL,90242,90242,PFOS,26.2,4.0,True,3300,S,CA1900679
CA,REDLANDS CITY MUD-WATER DIV,REDLANDS CITY MUD-WATER DIV,92354,92354|92359|92373|92374|92375|92408,PFHxS,4.8,10.0,False,10000,L,CA3610037
CA,REDLANDS CITY MUD-WATER DIV,REDLANDS CITY MUD-WATER DIV,92354,92354|92359|92373|92374|92375|92408,PFOA,4.3,4.0,True,10000,L,CA3610037
CA,REDLANDS CITY MUD-WATER DIV,REDLANDS CITY MUD-WATER DIV,92354,92354|92359|92373|92374|92375|92408,PFOS,5.8,4.0,True,10000,L,CA3610037
CA,"RIALTO, CITY OF","RIALTO, CITY OF",92376,92376|92377,PFBS,4.6,2000.0,False,10000,L,CA3610038
CA,"RIALTO, CITY OF","RIALTO, CITY OF",92376,92376|92377,PFHxS,3.5,10.0,False,10000,L,CA3610038
CA,"RIALTO, CITY OF","RIALTO, CITY OF",92376,92376|92377,PFOA,7.3,4.0,True,10000,L,CA3610038
CA,RIO LINDA/ELVERTA COMMUNITY WATER DIST,RIO LINDA/ELVERTA COMMUNITY WATER DIST,95626,95626|95673,PFHxS,4.0,10.0,False,10000,L,CA3410018
CA,"RIPON, CITY OF","RIPON, CITY OF",95366,95366,PFHxS,3.5,10.0,False,10000,L,CA3910007
CA,"RIPON, CITY OF","RIPON, CITY OF",95366,95366,PFOA,5.2,4.0,True,10000,L,CA3910007
CA,"RIPON, CITY OF","RIPON, CITY OF",95366,95366,PFOS,12.0,4.0,True,10000,L,CA3910007
CA,RIVERSIDE HIGHLAND WATER COMPANY,RIVERSIDE HIGHLAND WATER COMPANY,92313,92313|92507,PFBS,13.0,2000.0,False,10000,L,CA3610057
CA,RIVERSIDE HIGHLAND WATER COMPANY,RIVERSIDE HIGHLAND WATER COMPANY,92313,92313|92507,PFHxS,14.0,10.0,True,10000,L,CA3610057
CA,RIVERSIDE HIGHLAND WATER COMPANY,RIVERSIDE HIGHLAND WATER COMPANY,92313,92313|92507,PFOA,18.0,4.0,True,10000,L,CA3610057
CA,RIVERSIDE HIGHLAND WATER COMPANY,RIVERSIDE HIGHLAND WATER COMPANY,92313,92313|92507,PFOS,19.0,4.0,True,10000,L,CA3610057
CA,"RIVERSIDE, CITY OF","RIVERSIDE, CITY OF",92313,92313|92324|92408|92500|92501|92503|92504|92505|92506|92507|92508|92553|92879|92882,PFOS,4.0,4.0,False,10000,L,CA3310031
CA,"ROHNERT PARK, CITY OF","ROHNERT PARK, CITY OF",94928,94928,PFHxS,5.7,10.0,False,10000,L,CA4910014
CA,"ROHNERT PARK, CITY OF","ROHNERT PARK, CITY OF",94928,94928,PFOS,4.5,4.0,True,10000,L,CA4910014
CA,RUBIO CANON LAND & WATER ASSOCIATION,RUBIO CANON LAND & WATER ASSOCIATION,91001,91001|91003|91104,PFBS,3.5,2000.0,False,3300,S,CA1910140
CA,RUBIO CANON LAND & WATER ASSOCIATION,RUBIO CANON LAND & WATER ASSOCIATION,91001,91001|91003|91104,PFHxS,11.0,10.0,True,3300,S,CA1910140
CA,RUBIO CANON LAND & WATER ASSOCIATION,RUBIO CANON LAND & WATER ASSOCIATION,91001,91001|91003|91104,PFOA,8.5,4.0,True,3300,S,CA1910140
CA,RUBIO CANON LAND & WATER ASSOCIATION,RUBIO CANON LAND & WATER ASSOCIATION,91001,91001|91003|91104,PFOS,19.0,4.0,True,3300,S,CA1910140
CA,RUNNING SPRINGS WATER DISTRICT,RUNNING SPRINGS WATER DISTRICT,92382,92382,PFBS,11.7,2000.0,False,3300,S,CA3610062
CA,RUNNING SPRINGS WATER DISTRICT,RUNNING SPRINGS WATER DISTRICT,92382,92382,PFHxS,95.5,10.0,True,3300,S,CA3610062
CA,RUNNING SPRINGS WATER DISTRICT,RUNNING SPRINGS WATER DISTRICT,92382,92382,PFOA,15.9,4.0,True,3300,S,CA3610062
CA,RUNNING SPRINGS WATER DISTRICT,RUNNING SPRINGS WATER DISTRICT,92382,92382,PFOS,236.5,4.0,True,3300,S,CA3610062
CA,SACRAMENTO SUBURBAN WATER DISTRICT,SACRAMENTO SUBURBAN WATER DISTRICT,95608,95608|95621|95628|95652|95660|95673|95815|95821|95825|95838|95841|95842|95843|95864,PFBS,4.7,2000.0,False,10000,L,CA3410001
CA,SACRAMENTO SUBURBAN WATER DISTRICT,SACRAMENTO SUBURBAN WATER DISTRICT,95608,95608|95621|95628|95652|95660|95673|95815|95821|95825|95838|95841|95842|95843|95864,PFHxS,5.8,10.0,False,10000,L,CA3410001
CA,SAN BERNARDINO CITY,SAN BERNARDINO CITY,92324,92324|92354|92376|92401|92404|92405|92407|92408|92410|92411,PFBS,4.4,2000.0,False,10000,L,CA3610039
CA,SAN BERNARDINO CITY,SAN BERNARDINO CITY,92324,92324|92354|92376|92401|92404|92405|92407|92408|92410|92411,PFHxS,4.0,10.0,False,10000,L,CA3610039
CA,SAN DIEGUITO WD,SAN DIEGUITO WD,92007,92007|92024,PFBS,3.4,2000.0,False,10000,L,CA3710021
CA,SAN DIEGUITO WD,SAN DIEGUITO WD,92007,92007|92024,PFOA,4.3,4.0,True,10000,L,CA3710021
CA,SAN JOAQUIN COUNTY-MOKELUMNE ACRES,SAN JOAQUIN COUNTY-MOKELUMNE ACRES,95258,95258,PFBS,8.5,2000.0,False,3300,S,CA3910017
CA,SAN JOAQUIN COUNTY-MOKELUMNE ACRES,SAN JOAQUIN COUNTY-MOKELUMNE ACRES,95258,95258,PFHxS,4.7,10.0,False,3300,S,CA3910017
CA,SAN JOAQUIN COUNTY-MOKELUMNE ACRES,SAN JOAQUIN COUNTY-MOKELUMNE ACRES,95258,95258,PFOA,8.3,4.0,True,3300,S,CA3910017
CA,SAN JOAQUIN COUNTY-MOKELUMNE ACRES,SAN JOAQUIN COUNTY-MOKELUMNE ACRES,95258,95258,PFOS,13.5,4.0,True,3300,S,CA3910017
CA,SAN JOSE WATER,SAN JOSE WATER,95008,95008|95014|95030|95032|95033|95050|95070|95110|95111|95112|95113|95116|95117|95118|95120|95121|95122|95123|95124|95125|95126|95127|95128|95129|95130|95131|95132|95133|95136|95148,PFHxS,5.5,10.0,False,10000,L,CA4310011
CA,SAN JOSE WATER,SAN JOSE WATER,95008,95008|95014|95030|95032|95033|95050|95070|95110|95111|95112|95113|95116|95117|95118|95120|95121|95122|95123|95124|95125|95126|95127|95128|95129|95130|95131|95132|95133|95136|95148,PFOS,6.2,4.0,True,10000,L,CA4310011
CA,SAN LORENZO VALLEY WATER DIST,SAN LORENZO VALLEY WATER DIST,95005,95005|95006|95007|95018|95066,PFBS,3.4,2000.0,False,10000,L,CA4410014
CA,SANTA CLARITA VALLEY W.A.-NEWHALL DIV.,SANTA CLARITA VALLEY W.A.-NEWHALL DIV.,91321,91321,PFHxS,7.8,10.0,False,10000,L,CA1910096
CA,SANTA CLARITA VALLEY W.A.-SANTA CLARITA,SANTA CLARITA VALLEY W.A.-SANTA CLARITA,91321,91321|91350|91351|91387|91390,PFBS,7.1,2000.0,False,10000,L,CA1910017
CA,SANTA CLARITA VALLEY W.A.-SANTA CLARITA,SANTA CLARITA VALLEY W.A.-SANTA CLARITA,91321,91321|91350|91351|91387|91390,PFHxS,4.7,10.0,False,10000,L,CA1910017
CA,SANTA CLARITA VALLEY W.A.-SANTA CLARITA,SANTA CLARITA VALLEY W.A.-SANTA CLARITA,91321,91321|91350|91351|91387|91390,PFOA,20.5,4.0,True,10000,L,CA1910017
CA,SANTA CLARITA VALLEY W.A.-SANTA CLARITA,SANTA CLARITA VALLEY W.A.-SANTA CLARITA,91321,91321|91350|91351|91387|91390,PFOS,17.8,4.0,True,10000,L,CA1910017
CA,SANTA CLARITA VALLEY W.A.-VALENCIA DIVIS,SANTA CLARITA VALLEY W.A.-VALENCIA DIVIS,91350,91350|91354|91355|91381|91384|91390,PFBS,6.9,2000.0,False,10000,L,CA1910240
CA,SANTA CLARITA VALLEY W.A.-VALENCIA DIVIS,SANTA CLARITA VALLEY W.A.-VALENCIA DIVIS,91350,91350|91354|91355|91381|91384|91390,PFHxS,7.6,10.0,False,10000,L,CA1910240
CA,SANTA CLARITA VALLEY W.A.-VALENCIA DIVIS,SANTA CLARITA VALLEY W.A.-VALENCIA DIVIS,91350,91350|91354|91355|91381|91384|91390,PFOA,16.9,4.0,True,10000,L,CA1910240
CA,SANTA CLARITA VALLEY W.A.-VALENCIA DIVIS,SANTA CLARITA VALLEY W.A.-VALENCIA DIVIS,91350,91350|91354|91355|91381|91384|91390,PFOS,7.5,4.0,True,10000,L,CA1910240
CA,"SANTA FE SPRINGS - CITY, WATER DEPT.","SANTA FE SPRINGS - CITY, WATER DEPT.",90670,90670,PFBS,5.2,2000.0,False,10000,L,CA1910245
CA,"SANTA FE SPRINGS - CITY, WATER DEPT.","SANTA FE SPRINGS - CITY, WATER DEPT.",90670,90670,PFOA,6.9,4.0,True,10000,L,CA1910245
CA,"SANTA FE SPRINGS - CITY, WATER DEPT.","SANTA FE SPRINGS - CITY, WATER DEPT.",90670,90670,PFOS,14.0,4.0,True,10000,L,CA1910245
CA,"SANTA MONICA-CITY, WATER DIVISION","SANTA MONICA-CITY, WATER DIVISION",90401,90401|90402|90403|90404|90405,PFBS,4.5,2000.0,False,10000,L,CA1910146
CA,"SANTA MONICA-CITY, WATER DIVISION","SANTA MONICA-CITY, WATER DIVISION",90401,90401|90402|90403|90404|90405,PFOA,4.6,4.0,True,10000,L,CA1910146
CA,SCWA - ARDEN PARK VISTA,SCWA - ARDEN PARK VISTA,95825,95825|95864,PFOS,6.0,4.0,True,10000,L,CA3410002
CA,SCWA - LAGUNA/VINEYARD,SCWA - LAGUNA/VINEYARD,95624,95624|95757|95758|95829|95830,PFBS,4.8,2000.0,False,10000,L,CA3410029
CA,SCWA - LAGUNA/VINEYARD,SCWA - LAGUNA/VINEYARD,95624,95624|95757|95758|95829|95830,PFHxS,6.8,10.0,False,10000,L,CA3410029
CA,SCWA - LAGUNA/VINEYARD,SCWA - LAGUNA/VINEYARD,95624,95624|95757|95758|95829|95830,PFOA,14.0,4.0,True,10000,L,CA3410029
CA,SCWA - LAGUNA/VINEYARD,SCWA - LAGUNA/VINEYARD,95624,95624|95757|95758|95829|95830,PFOS,24.0,4.0,True,10000,L,CA3410029
CA,"SEA RANCH WATER COMPANY,THE (PUC)","SEA RANCH WATER COMPANY,THE (PUC)",95497,95497,PFHxS,3.3,10.0,False,3300,S,CA4910007
CA,SHEEP CREEK WATER COMPANY,SHEEP CREEK WATER COMPANY,,,PFBS,5.8,2000.0,False,3300,S,CA3610109
CA,SIERRA TAHOE MAIN LODGE,SIERRA TAHOE MAIN LODGE,95735,95735,PFBS,3.0,2000.0,False,3300,S,CA0900659
CA,SIERRA TAHOE MAIN LODGE,SIERRA TAHOE MAIN LODGE,95735,95735,PFOA,5.0,4.0,True,3300,S,CA0900659
CA,SOLVANG WATER DIVISION,SOLVANG WATER DIVISION,93463,93463,PFBS,3.5,2000.0,False,3300,S,CA4210013
CA,"SONOMA, CITY OF","SONOMA, CITY OF",95476,95476,PFOA,6.2,4.0,True,10000,L,CA4910012
CA,"SOUTH GATE-CITY, WATER DEPT.","SOUTH GATE-CITY, WATER DEPT.",90280,90280,PFBS,3.9,2000.0,False,10000,L,CA1910152
CA,"SOUTH GATE-CITY, WATER DEPT.","SOUTH GATE-CITY, WATER DEPT.",90280,90280,PFHxS,6.0,10.0,False,10000,L,CA1910152
CA,"SOUTH GATE-CITY, WATER DEPT.","SOUTH GATE-CITY, WATER DEPT.",90280,90280,PFOA,10.0,4.0,True,10000,L,CA1910152
CA,"SOUTH GATE-CITY, WATER DEPT.","SOUTH GATE-CITY, WATER DEPT.",90280,90280,PFOS,26.0,4.0,True,10000,L,CA1910152
CA,SOUTH MESA WC,SOUTH MESA WC,92320,92320|92399,PFBS,4.7,2000.0,False,3300,S,CA3310017
CA,SOUTH MESA WC,SOUTH MESA WC,92320,92320|92399,PFHxS,3.5,10.0,False,3300,S,CA3310017
CA,SOUTH MONTEBELLO IRRIGATION DIST.,SOUTH MONTEBELLO IRRIGATION DIST.,90640,90640,PFBS,4.9,2000.0,False,3300,S,CA1910153
CA,SOUTH MONTEBELLO IRRIGATION DIST.,SOUTH MONTEBELLO IRRIGATION DIST.,90640,90640,PFOA,8.2,4.0,True,3300,S,CA1910153
CA,SOUTH MONTEBELLO IRRIGATION DIST.,SOUTH MONTEBELLO IRRIGATION DIST.,90640,90640,PFOS,20.1,4.0,True,3300,S,CA1910153
CA,SOUTH TAHOE PUD - MAIN,SOUTH TAHOE PUD - MAIN,96150,96150|96158,PFBS,3.7,2000.0,False,10000,L,CA0910002
CA,SOUTH TAHOE PUD - MAIN,SOUTH TAHOE PUD - MAIN,96150,96150|96158,PFHxS,5.8,10.0,False,10000,L,CA0910002
CA,SOUTH TAHOE PUD - MAIN,SOUTH TAHOE PUD - MAIN,96150,96150|96158,PFOA,6.1,4.0,True,10000,L,CA0910002
CA,SOUTH TAHOE PUD - MAIN,SOUTH TAHOE PUD - MAIN,96150,96150|96158,PFOS,5.2,4.0,True,10000,L,CA0910002
CA,SUBURBAN WATER SYSTEMS-LA MIRADA,SUBURBAN WATER SYSTEMS-LA MIRADA,90604,90604|90605|90620|90621|90638|90639|90670|92833,PFBS,4.2,2000.0,False,10000,L,CA1910059
CA,SUBURBAN WATER SYSTEMS-LA MIRADA,SUBURBAN WATER SYSTEMS-LA MIRADA,90604,90604|90605|90620|90621|90638|90639|90670|92833,PFHxS,3.8,10.0,False,10000,L,CA1910059
CA,SUBURBAN WATER SYSTEMS-LA MIRADA,SUBURBAN WATER SYSTEMS-LA MIRADA,90604,90604|90605|90620|90621|90638|90639|90670|92833,PFOA,7.0,4.0,True,10000,L,CA1910059
CA,SUBURBAN WATER SYSTEMS-LA MIRADA,SUBURBAN WATER SYSTEMS-LA MIRADA,90604,90604|90605|90620|90621|90638|90639|90670|92833,PFOS,16.0,4.0,True,10000,L,CA1910059
CA,SUBURBAN WATER SYSTEMS-SAN JOSE,SUBURBAN WATER SYSTEMS-SAN JOSE,91723,91723|91744|91745|91748|91789|91790|91791|91792,PFBS,3.6,2000.0,False,10000,L,CA1910205
CA,SUNNYSLOPE COUNTY WATER DIST,SUNNYSLOPE COUNTY WATER DIST,95023,95023,PFOA,4.6,4.0,True,10000,L,CA3510003
CA,SWEETWATER AUTHORITY,SWEETWATER AUTHORITY,91902,91902|91910|91911|91950|92154,PFBS,11.0,2000.0,False,10000,L,CA3710025
CA,SWEETWATER AUTHORITY,SWEETWATER AUTHORITY,91902,91902|91910|91911|91950|92154,PFHxS,9.4,10.0,False,10000,L,CA3710025
CA,SWEETWATER AUTHORITY,SWEETWATER AUTHORITY,91902,91902|91910|91911|91950|92154,PFOA,11.4,4.0,True,10000,L,CA3710025
CA,SWEETWATER AUTHORITY,SWEETWATER AUTHORITY,91902,91902|91910|91911|91950|92154,PFOS,5.7,4.0,True,10000,L,CA3710025
CA,Suburban Water Systems - Whittier,Suburban Water Systems - Whittier,90602,90602|90603|90604|90605|90606|90631|90638,PFBS,3.9,2000.0,False,10000,L,CA1910174
CA,Suburban Water Systems - Whittier,Suburban Water Systems - Whittier,90602,90602|90603|90604|90605|90606|90631|90638,PFOA,6.3,4.0,True,10000,L,CA1910174
CA,Suburban Water Systems - Whittier,Suburban Water Systems - Whittier,90602,90602|90603|90604|90605|90606|90631|90638,PFOS,13.0,4.0,True,10000,L,CA1910174
CA,TEMPLETON CSD,TEMPLETON CSD,93465,93465,PFBS,6.8,2000.0,False,3300,S,CA4010019
CA,TEMPLETON CSD,TEMPLETON CSD,93465,93465,PFHxS,3.2,10.0,False,3300,S,CA4010019
CA,THERMALITO WATER & SEWER DIST,THERMALITO WATER & SEWER DIST,95965,95965,PFOS,4.6,4.0,True,10000,L,CA0410008
CA,TRACT 180 MUTUAL WATER CO.,TRACT 180 MUTUAL WATER CO.,90201,90201,PFHxS,5.9,10.0,False,10000,L,CA1910159
CA,TRACT 180 MUTUAL WATER CO.,TRACT 180 MUTUAL WATER CO.,90201,90201,PFOA,6.5,4.0,True,10000,L,CA1910159
CA,TRACT 180 MUTUAL WATER CO.,TRACT 180 MUTUAL WATER CO.,90201,90201,PFOS,24.0,4.0,True,10000,L,CA1910159
CA,TRACT 349 MUTUAL WATER CO.,TRACT 349 MUTUAL WATER CO.,90201,90201,PFHxS,6.6,10.0,False,3300,S,CA1910160
CA,TRACT 349 MUTUAL WATER CO.,TRACT 349 MUTUAL WATER CO.,90201,90201,PFOA,8.2,4.0,True,3300,S,CA1910160
CA,TRACT 349 MUTUAL WATER CO.,TRACT 349 MUTUAL WATER CO.,90201,90201,PFOS,36.5,4.0,True,3300,S,CA1910160
CA,"TRUCKEE-DONNER PUD, MAIN","TRUCKEE-DONNER PUD, MAIN",96161,96161,PFOA,4.6,4.0,True,10000,L,CA2910003
CA,TUD-WARDS FERRY RANCHES,TUD-WARDS FERRY RANCHES,95370,95370,PFBS,3.0,2000.0,False,3300,S,CA5500363
CA,"UKIAH, CITY OF","UKIAH, CITY OF",95482,95482,PFBS,6.2,2000.0,False,10000,L,CA2310003
CA,"UKIAH, CITY OF","UKIAH, CITY OF",95482,95482,PFHxS,7.3,10.0,False,10000,L,CA2310003
CA,"UKIAH, CITY OF","UKIAH, CITY OF",95482,95482,PFOA,6.9,4.0,True,10000,L,CA2310003
CA,"UKIAH, CITY OF","UKIAH, CITY OF",95482,95482,PFOS,7.4,4.0,True,10000,L,CA2310003
CA,"UPLAND, CITY OF","UPLAND, CITY OF",91784,91784|91786,PFBS,3.0,2000.0,False,10000,L,CA3610050
CA,VALENCIA HEIGHTS WATER CO.,VALENCIA HEIGHTS WATER CO.,91723,91723|91724|91791,PFBS,4.4,2000.0,False,3300,S,CA1910163
CA,VALENCIA HEIGHTS WATER CO.,VALENCIA HEIGHTS WATER CO.,91723,91723|91724|91791,PFHxS,3.6,10.0,False,3300,S,CA1910163
CA,VALENCIA HEIGHTS WATER CO.,VALENCIA HEIGHTS WATER CO.,91723,91723|91724|91791,PFOA,5.7,4.0,True,3300,S,CA1910163
CA,VALENCIA HEIGHTS WATER CO.,VALENCIA HEIGHTS WATER CO.,91723,91723|91724|91791,PFOS,4.4,4.0,True,3300,S,CA1910163
CA,VALLEY OF THE MOON WATER DISTRICT,VALLEY OF THE MOON WATER DISTRICT,95433,95433|95442|95476,PFBS,4.2,2000.0,False,10000,L,CA4910013
CA,VALLEY OF THE MOON WATER DISTRICT,VALLEY OF THE MOON WATER DISTRICT,95433,95433|95442|95476,PFHxS,4.2,10.0,False,10000,L,CA4910013
CA,VALLEY OF THE MOON WATER DISTRICT,VALLEY OF THE MOON WATER DISTRICT,95433,95433|95442|95476,PFOA,5.2,4.0,True,10000,L,CA4910013
CA,VALLEY OF THE MOON WATER DISTRICT,VALLEY OF THE MOON WATER DISTRICT,95433,95433|95442|95476,PFOS,5.4,4.0,True,10000,L,CA4910013
CA,VENTURA WATER DEPARTMENT,VENTURA WATER DEPARTMENT,93001,93001|93002|93003|93004|93005|93006|93007,PFBS,3.1,2000.0,False,10000,L,CA5610017
CA,VENTURA WATER DEPARTMENT,VENTURA WATER DEPARTMENT,93001,93001|93002|93003|93004|93005|93006|93007,PFHxS,3.0,10.0,False,10000,L,CA5610017
CA,"WATSONVILLE, CITY OF","WATSONVILLE, CITY OF",95019,95019|95076|95077,PFBS,6.3,2000.0,False,10000,L,CA4410011
CA,"WATSONVILLE, CITY OF","WATSONVILLE, CITY OF",95019,95019|95076|95077,PFHxS,6.7,10.0,False,10000,L,CA4410011
CA,"WATSONVILLE, CITY OF","WATSONVILLE, CITY OF",95019,95019|95076|95077,PFOA,6.5,4.0,True,10000,L,CA4410011
CA,"WATSONVILLE, CITY OF","WATSONVILLE, CITY OF",95019,95019|95076|95077,PFOS,5.1,4.0,True,10000,L,CA4410011
CA,WEAVERVILLE C.S.D.,WEAVERVILLE C.S.D.,96024,96024|96093,PFHxS,5.6,10.0,False,3300,S,CA5310001
CA,WEAVERVILLE C.S.D.,WEAVERVILLE C.S.D.,96024,96024|96093,PFOS,19.0,4.0,True,3300,S,CA5310001
CA,WESTERN MWD,WESTERN MWD,91436,91436|91504|91761|91765|92501|92503|92504|92505|92506|92507|92508|92509|92513|92517|92518|92532|92551|92553|92557|92570|92660|92870|92879|92881|92883,PFBS,3.0,2000.0,False,10000,L,CA3310049
CA,WESTERN MWD,WESTERN MWD,91436,91436|91504|91761|91765|92501|92503|92504|92505|92506|92507|92508|92509|92513|92517|92518|92532|92551|92553|92557|92570|92660|92870|92879|92881|92883,PFHxS,3.4,10.0,False,10000,L,CA3310049
CA,WESTERN MWD - MURRIETA DIVISION,WESTERN MWD - MURRIETA DIVISION,92562,92562|92563|92564|92582,PFHxS,4.1,10.0,False,10000,L,CA3310036
CA,WESTERN MWD - MURRIETA DIVISION,WESTERN MWD - MURRIETA DIVISION,92562,92562|92563|92564|92582,PFOA,5.5,4.0,True,10000,L,CA3310036
CA,WESTERN MWD - MURRIETA DIVISION,WESTERN MWD - MURRIETA DIVISION,92562,92562|92563|92564|92582,PFOS,5.7,4.0,True,10000,L,CA3310036
CA,YOSEMITE SPRING PARK UTIL CO,YOSEMITE SPRING PARK UTIL CO,,,PFBS,13.1,2000.0,False,3300,S,CA2010005
CA,YOSEMITE SPRING PARK UTIL CO,YOSEMITE SPRING PARK UTIL CO,,,PFHxS,13.8,10.0,True,3300,S,CA2010005
CA,YOSEMITE SPRING PARK UTIL CO,YOSEMITE SPRING PARK UTIL CO,,,PFOA,7.5,4.0,True,3300,S,CA2010005
CA,YOSEMITE SPRING PARK UTIL CO,YOSEMITE SPRING PARK UTIL CO,,,PFOS,7.9,4.0,True,3300,S,CA2010005
CA,YUCAIPA VALLEY WATER DISTRICT,YUCAIPA VALLEY WATER DISTRICT,92320,92320|92399,PFBS,10.0,2000.0,False,10000,L,CA3610055
CA,YUCAIPA VALLEY WATER DISTRICT,YUCAIPA VALLEY WATER DISTRICT,92320,92320|92399,PFOA,4.2,4.0,True,10000,L,CA3610055
CO,ARAPAHOE CNTY WWWA,ARAPAHOE CNTY WWWA,80015,80015|80016|80111|80112,PFBS,6.1,2000.0,False,10000,L,CO0203002
CO,ARAPAHOE CNTY WWWA,ARAPAHOE CNTY WWWA,80015,80015|80016|80111|80112,PFOA,4.6,4.0,True,10000,L,CO0203002
CO,AURORA CITY OF,AURORA CITY OF,80010,80010|80011|80012|80013|80014|80015|80016|80017|80018|80019|80045|80102|80137,PFBS,3.3,2000.0,False,10000,L,CO0103005
CO,BRIGHTON CITY OF,BRIGHTON CITY OF,80601,80601|80602|80640,PFBS,7.4,2000.0,False,10000,L,CO0101025
CO,BRIGHTON CITY OF,BRIGHTON CITY OF,80601,80601|80602|80640,PFHxS,7.1,10.0,False,10000,L,CO0101025
CO,BRIGHTON CITY OF,BRIGHTON CITY OF,80601,80601|80602|80640,PFOA,5.3,4.0,True,10000,L,CO0101025
CO,BRIGHTON CITY OF,BRIGHTON CITY OF,80601,80601|80602|80640,PFOS,10.6,4.0,True,10000,L,CO0101025
CO,CASTLE PINES NORTH MD,CASTLE PINES NORTH MD,80108,80108,PFBS,3.3,2000.0,False,3300,S,CO0118006
CO,CENTENNIAL WSD,CENTENNIAL WSD,80126,80126|80129|80130,PFBS,5.0,2000.0,False,10000,L,CO0118015
CO,CHEROKEE MD,CHEROKEE MD,80915,80915|80922|80928|80939|80951,PFBS,7.6,2000.0,False,10000,L,CO0121125
CO,CHEROKEE MD,CHEROKEE MD,80915,80915|80922|80928|80939|80951,PFOA,6.1,4.0,True,10000,L,CO0121125
CO,CONSOLIDATED MUTUAL MAPLE GROVE,CONSOLIDATED MUTUAL MAPLE GROVE,80215,80215|80228|80401,PFBS,4.0,2000.0,False,10000,L,CO0130020
CO,COTTONWOOD WSD,COTTONWOOD WSD,80134,80134|80138,PFBS,4.7,2000.0,False,10000,L,CO0118020
CO,COTTONWOOD WSD,COTTONWOOD WSD,80134,80134|80138,PFOA,4.0,4.0,False,10000,L,CO0118020
CO,ENGLEWOOD CITY OF,ENGLEWOOD CITY OF,80110,80110|80113|80120,PFBS,5.8,2000.0,False,10000,L,CO0103045
CO,ENGLEWOOD CITY OF,ENGLEWOOD CITY OF,80110,80110|80113|80120,PFOA,4.0,4.0,False,10000,L,CO0103045
CO,FORT WASHAKIE,FORT WASHAKIE,82514,82514|82520,PFOA,9.3,4.0,True,3300,S,085690003
CO,GUNNISON CITY OF,GUNNISON CITY OF,81230,81230,PFBS,3.0,2000.0,False,3300,S,CO0126325
CO,GUNNISON CITY OF,GUNNISON CITY OF,81230,81230,PFOS,4.2,4.0,True,3300,S,CO0126325
CO,LAMAR CITY OF,LAMAR CITY OF,81052,81052,PFBS,4.7,2000.0,False,3300,S,CO0150700
CO,LAMAR CITY OF,LAMAR CITY OF,81052,81052,PFHxS,3.3,10.0,False,3300,S,CO0150700
CO,LITTLE THOMPSON WD,LITTLE THOMPSON WD,80503,80503|80504|80513|80534|80537|80538|80542|80543|80550|80651,PFOA,4.8,4.0,True,10000,L,CO0135477
CO,LOCHBUIE TOWN OF,LOCHBUIE TOWN OF,80603,80603,PFBS,6.3,2000.0,False,3300,S,CO0162486
CO,LOCHBUIE TOWN OF,LOCHBUIE TOWN OF,80603,80603,PFHxS,3.0,10.0,False,3300,S,CO0162486
CO,MORRISON TOWN OF,MORRISON TOWN OF,80465,80465,PFBS,3.0,2000.0,False,3300,S,CO0130085
CO,MOUNTAIN VILLAGE TOWN OF,MOUNTAIN VILLAGE TOWN OF,81435,81435,PFHxS,8.1,10.0,False,3300,S,CO0157400
CO,MOUNTAIN VILLAGE TOWN OF,MOUNTAIN VILLAGE TOWN OF,81435,81435,PFOS,7.5,4.0,True,3300,S,CO0157400
CO,NORTHERN DOUGLAS COUNTY WSD,NORTHERN DOUGLAS COUNTY WSD,80124,80124|80125|80126|80129|80130,PFBS,5.3,2000.0,False,3300,S,CO0118016
CO,PARKER WSD,PARKER WSD,80108,80108|80112|80124|80134|80138,PFBS,4.6,2000.0,False,10000,L,CO0118040
CO,PARKER WSD,PARKER WSD,80108,80108|80112|80124|80134|80138,PFOA,4.8,4.0,True,10000,L,CO0118040
CO,PINERY WWD,PINERY WWD,80134,80134,PFBS,5.3,2000.0,False,10000,L,CO0118025
CO,ROCKY FORD CITY OF,ROCKY FORD CITY OF,81067,81067,PFBS,8.5,2000.0,False,3300,S,CO0145600
CO,ROCKY FORD CITY OF,ROCKY FORD CITY OF,81067,81067,PFHxS,6.0,10.0,False,3300,S,CO0145600
CO,ROCKY FORD CITY OF,ROCKY FORD CITY OF,81067,81067,PFOS,4.1,4.0,True,3300,S,CO0145600
CO,SILVERTHORNE TOWN OF,SILVERTHORNE TOWN OF,80497,80497|80498,PFBS,5.9,2000.0,False,3300,S,CO0159095
CO,SILVERTHORNE TOWN OF,SILVERTHORNE TOWN OF,80497,80497|80498,PFHxS,3.7,10.0,False,3300,S,CO0159095
CO,SNAKE RIVER WD,SNAKE RIVER WD,80435,80435,PFBS,6.6,2000.0,False,3300,S,CO0159105
CO,SNAKE RIVER WD,SNAKE RIVER WD,80435,80435,PFHxS,13.0,10.0,True,3300,S,CO0159105
CO,SNAKE RIVER WD,SNAKE RIVER WD,80435,80435,PFOA,5.8,4.0,True,3300,S,CO0159105
CO,SNAKE RIVER WD,SNAKE RIVER WD,80435,80435,PFOS,22.0,4.0,True,3300,S,CO0159105
CO,STONEGATE MD,STONEGATE MD,80314,80314,PFBS,3.9,2000.0,False,10000,L,CO0118076
CO,STONEGATE MD,STONEGATE MD,80314,80314,PFOA,5.6,4.0,True,10000,L,CO0118076
CO,STONEGATE MD,STONEGATE MD,80314,80314,PFOS,5.1,4.0,True,10000,L,CO0118076
CO,THORNTON CITY OF,THORNTON CITY OF,80023,80023|80221|80229|80233|80241|80260|80602,PFBS,8.1,2000.0,False,10000,L,CO0101150
CO,THORNTON CITY OF,THORNTON CITY OF,80023,80023|80221|80229|80233|80241|80260|80602,PFHxS,5.9,10.0,False,10000,L,CO0101150
CO,THORNTON CITY OF,THORNTON CITY OF,80023,80023|80221|80229|80233|80241|80260|80602,PFOA,7.1,4.0,True,10000,L,CO0101150
CO,THORNTON CITY OF,THORNTON CITY OF,80023,80023|80221|80229|80233|80241|80260|80602,PFOS,5.0,4.0,True,10000,L,CO0101150
CO,TODD CREEK VILLAGE MD,TODD CREEK VILLAGE MD,80602,80602|80603,PFBS,38.0,2000.0,False,3300,S,CO0101157
CO,TODD CREEK VILLAGE MD,TODD CREEK VILLAGE MD,80602,80602|80603,PFHxS,5.7,10.0,False,3300,S,CO0101157
CO,TODD CREEK VILLAGE MD,TODD CREEK VILLAGE MD,80602,80602|80603,PFOS,6.8,4.0,True,3300,S,CO0101157
CO,WIDEFIELD WSD,WIDEFIELD WSD,80817,80817|80911|80925,PFBS,16.7,2000.0,False,10000,L,CO0121900
CO,WIDEFIELD WSD,WIDEFIELD WSD,80817,80817|80911|80925,PFHxS,28.4,10.0,True,10000,L,CO0121900
CO,WIDEFIELD WSD,WIDEFIELD WSD,80817,80817|80911|80925,PFOA,10.5,4.0,True,10000,L,CO0121900
CO,WIDEFIELD WSD,WIDEFIELD WSD,80817,80817|80911|80925,PFOS,15.8,4.0,True,10000,L,CO0121900
CO,WOODMOOR WSD,WOODMOOR WSD,80132,80132,PFBS,3.3,2000.0,False,10000,L,CO0121950
CT,AQUARION WATER CO OF CT-GREENWICH SYSTEM,AQUARION WATER CO OF CT-GREENWICH SYSTEM,06807,06807|06830|06831|06870|06878,PFOA,5.6,4.0,True,10000,L,CT0570011
CT,AQUARION WATER CO OF CT-GREENWICH SYSTEM,AQUARION WATER CO OF CT-GREENWICH SYSTEM,06807,06807|06830|06831|06870|06878,PFOS,4.1,4.0,True,10000,L,CT0570011
CT,AQUARION WATER CO OF CT-MAIN SYSTEM,AQUARION WATER CO OF CT-MAIN SYSTEM,06468,06468|06484|06604|06605|06606|06607|06608|06610|06611|06612|06614|06615|06824|06825|06880|06883|06890|06897,PFBS,4.1,2000.0,False,10000,L,CT0150011
CT,AQUARION WATER CO OF CT-MAIN SYSTEM,AQUARION WATER CO OF CT-MAIN SYSTEM,06468,06468|06484|06604|06605|06606|06607|06608|06610|06611|06612|06614|06615|06824|06825|06880|06883|06890|06897,PFOA,10.9,4.0,True,10000,L,CT0150011
CT,AQUARION WATER CO OF CT-MAIN SYSTEM,AQUARION WATER CO OF CT-MAIN SYSTEM,06468,06468|06484|06604|06605|06606|06607|06608|06610|06611|06612|06614|06615|06824|06825|06880|06883|06890|06897,PFOS,6.6,4.0,True,10000,L,CT0150011
CT,AQUARION WATER CO OF CT-MYSTIC,AQUARION WATER CO OF CT-MYSTIC,06355,06355|06378,PFBS,4.0,2000.0,False,10000,L,CT1370011
CT,AQUARION WATER CO OF CT-NEW CANAAN SYS,AQUARION WATER CO OF CT-NEW CANAAN SYS,06840,06840,PFOA,5.6,4.0,True,10000,L,CT0900011
CT,AQUARION WATER CO OF CT-NEW MILFORD,AQUARION WATER CO OF CT-NEW MILFORD,06755,06755|06776|06794|06804,PFBS,5.5,2000.0,False,10000,L,CT0960011
CT,AQUARION WATER CO OF CT-NEW MILFORD,AQUARION WATER CO OF CT-NEW MILFORD,06755,06755|06776|06794|06804,PFOA,5.3,4.0,True,10000,L,CT0960011
CT,AQUARION WATER CO OF CT-NEW MILFORD,AQUARION WATER CO OF CT-NEW MILFORD,06755,06755|06776|06794|06804,PFOS,5.3,4.0,True,10000,L,CT0960011
CT,AQUARION WATER CO OF CT-NEWTOWN SYSTEM,AQUARION WATER CO OF CT-NEWTOWN SYSTEM,06470,06470|06482,PFBS,7.3,2000.0,False,3300,S,CT0970011
CT,AQUARION WATER CO OF CT-NEWTOWN SYSTEM,AQUARION WATER CO OF CT-NEWTOWN SYSTEM,06470,06470|06482,PFHxS,4.9,10.0,False,3300,S,CT0970011
CT,AQUARION WATER CO OF CT-NEWTOWN SYSTEM,AQUARION WATER CO OF CT-NEWTOWN SYSTEM,06470,06470|06482,PFOA,15.9,4.0,True,3300,S,CT0970011
CT,AQUARION WATER CO OF CT-NEWTOWN SYSTEM,AQUARION WATER CO OF CT-NEWTOWN SYSTEM,06470,06470|06482,PFOS,12.7,4.0,True,3300,S,CT0970011
CT,AQUARION WATER CO OF CT-NOROTON SYSTEM,AQUARION WATER CO OF CT-NOROTON SYSTEM,06820,06820,PFOA,5.8,4.0,True,10000,L,CT0350011
CT,AQUARION WATER CO OF CT-RIDGEFIELD SYS,AQUARION WATER CO OF CT-RIDGEFIELD SYS,06877,06877,PFBS,3.3,2000.0,False,3300,S,CT1180011
CT,AQUARION WATER CO OF CT-RIDGEFIELD SYS,AQUARION WATER CO OF CT-RIDGEFIELD SYS,06877,06877,PFOA,10.6,4.0,True,3300,S,CT1180011
CT,AQUARION WATER CO OF CT-RIDGEFIELD SYS,AQUARION WATER CO OF CT-RIDGEFIELD SYS,06877,06877,PFOS,6.1,4.0,True,3300,S,CT1180011
CT,AQUARION WATER CO OF CT-SIMSBURY SYSTEM,AQUARION WATER CO OF CT-SIMSBURY SYSTEM,06026,06026|06035|06070|06089|06092,PFHxS,3.7,10.0,False,10000,L,CT1280021
CT,AQUARION WATER CO OF CT-SIMSBURY SYSTEM,AQUARION WATER CO OF CT-SIMSBURY SYSTEM,06026,06026|06035|06070|06089|06092,PFOA,4.4,4.0,True,10000,L,CT1280021
CT,AQUARION WATER CO OF CT-SIMSBURY SYSTEM,AQUARION WATER CO OF CT-SIMSBURY SYSTEM,06026,06026|06035|06070|06089|06092,PFOS,4.3,4.0,True,10000,L,CT1280021
CT,AQUARION WATER CO OF CT-STAMFORD,AQUARION WATER CO OF CT-STAMFORD,06831,06831|06901|06903|06905|06906|06907,PFOA,4.3,4.0,True,10000,L,CT1350011
CT,AQUARION WATER CO OF CT-TLWC WOODRICH,AQUARION WATER CO OF CT-TLWC WOODRICH,06716,06716,PFBS,4.5,2000.0,False,3300,S,CT1666011
CT,AQUARION WATER CO OF CT-TLWC WOODRICH,AQUARION WATER CO OF CT-TLWC WOODRICH,06716,06716,PFOA,6.3,4.0,True,3300,S,CT1666011
CT,AQUARION WATER CO OF CT-TLWC WOODRICH,AQUARION WATER CO OF CT-TLWC WOODRICH,06716,06716,PFOS,6.2,4.0,True,3300,S,CT1666011
CT,AQUARION WATER CO OF CT-VALLEY SYSTEM,AQUARION WATER CO OF CT-VALLEY SYSTEM,06403,06403|06478|06483,PFBS,4.6,2000.0,False,10000,L,CT1240011
CT,AQUARION WATER CO OF CT-VALLEY SYSTEM,AQUARION WATER CO OF CT-VALLEY SYSTEM,06403,06403|06478|06483,PFOA,8.1,4.0,True,10000,L,CT1240011
CT,AQUARION WATER CO OF CT-VALLEY SYSTEM,AQUARION WATER CO OF CT-VALLEY SYSTEM,06403,06403|06478|06483,PFOS,6.9,4.0,True,10000,L,CT1240011
CT,Avon Water Co.,Avon Water Co.,06001,06001|06032|06070|06089,PFBS,3.0,2000.0,False,10000,L,CT0040011
CT,Avon Water Co.,Avon Water Co.,06001,06001|06032|06070|06089,PFOA,7.0,4.0,True,10000,L,CT0040011
CT,Avon Water Co.,Avon Water Co.,06001,06001|06032|06070|06089,PFOS,8.0,4.0,True,10000,L,CT0040011
CT,BERLIN WATER CONTROL COMMISSION,BERLIN WATER CONTROL COMMISSION,06037,06037,PFHxS,3.8,10.0,False,3300,S,CT0070021
CT,BETHEL WATER DEPT,BETHEL WATER DEPT,06801,06801,PFBS,3.9,2000.0,False,3300,S,CT0090011
CT,BETHEL WATER DEPT,BETHEL WATER DEPT,06801,06801,PFOA,5.9,4.0,True,3300,S,CT0090011
CT,BRISTOL WATER DEPARTMENT,BRISTOL WATER DEPARTMENT,06010,06010,PFOA,4.1,4.0,True,10000,L,CT0170011
CT,COLCHESTER SEWER & WATER COMMISSION,COLCHESTER SEWER & WATER COMMISSION,06415,06415,PFHxS,3.6,10.0,False,3300,S,CT0280011
CT,COLCHESTER SEWER & WATER COMMISSION,COLCHESTER SEWER & WATER COMMISSION,06415,06415,PFOS,9.0,4.0,True,3300,S,CT0280011
CT,CROMWELL FIRE DISTRICT WATER DEPARTMENT,CROMWELL FIRE DISTRICT WATER DEPARTMENT,06416,06416,PFHxS,8.7,10.0,False,10000,L,CT0330011
CT,CROMWELL FIRE DISTRICT WATER DEPARTMENT,CROMWELL FIRE DISTRICT WATER DEPARTMENT,06416,06416,PFOS,4.6,4.0,True,10000,L,CT0330011
CT,CTWC - CRYSTAL SYSTEM,CTWC - CRYSTAL SYSTEM,06234,06234|06239|06241|06263,PFBS,3.3,2000.0,False,3300,S,CT0690011
CT,CTWC - CRYSTAL SYSTEM,CTWC - CRYSTAL SYSTEM,06234,06234|06239|06241|06263,PFHxS,4.0,10.0,False,3300,S,CT0690011
CT,CTWC - CRYSTAL SYSTEM,CTWC - CRYSTAL SYSTEM,06234,06234|06239|06241|06263,PFOA,9.9,4.0,True,3300,S,CT0690011
CT,CTWC - CRYSTAL SYSTEM,CTWC - CRYSTAL SYSTEM,06234,06234|06239|06241|06263,PFOS,6.8,4.0,True,3300,S,CT0690011
CT,CTWC - NAUGATUCK REG-COLLINSVILLE SYS,CTWC - NAUGATUCK REG-COLLINSVILLE SYS,06001,06001|06013|06019,PFOA,4.9,4.0,True,3300,S,CT0230011
CT,CTWC - NAUGATUCK REG-COLLINSVILLE SYS,CTWC - NAUGATUCK REG-COLLINSVILLE SYS,06001,06001|06013|06019,PFOS,5.6,4.0,True,3300,S,CT0230011
CT,CTWC - NORTHERN REG-WESTERN SYSTEM,CTWC - NORTHERN REG-WESTERN SYSTEM,06016,06016|06029|06042|06066|06071|06074|06078|06082|06084|06088|06093|06096|06268|06269,PFBS,3.0,2000.0,False,10000,L,CT0473011
CT,CTWC - NORTHERN REG-WESTERN SYSTEM,CTWC - NORTHERN REG-WESTERN SYSTEM,06016,06016|06029|06042|06066|06071|06074|06078|06082|06084|06088|06093|06096|06268|06269,PFHxS,3.0,10.0,False,10000,L,CT0473011
CT,CTWC - NORTHERN REG-WESTERN SYSTEM,CTWC - NORTHERN REG-WESTERN SYSTEM,06016,06016|06029|06042|06066|06071|06074|06078|06082|06084|06088|06093|06096|06268|06269,PFOA,8.0,4.0,True,10000,L,CT0473011
CT,CTWC - NORTHERN REG-WESTERN SYSTEM,CTWC - NORTHERN REG-WESTERN SYSTEM,06016,06016|06029|06042|06066|06071|06074|06078|06082|06084|06088|06093|06096|06268|06269,PFOS,6.0,4.0,True,10000,L,CT0473011
CT,CTWC - SHORELINE REGION-GUILFORD SYSTEM,CTWC - SHORELINE REGION-GUILFORD SYSTEM,06413,06413|06437|06443|06475|06498,PFBS,5.0,2000.0,False,10000,L,CT0608011
CT,CTWC - SHORELINE REGION-GUILFORD SYSTEM,CTWC - SHORELINE REGION-GUILFORD SYSTEM,06413,06413|06437|06443|06475|06498,PFHxS,4.0,10.0,False,10000,L,CT0608011
CT,CTWC - SHORELINE REGION-GUILFORD SYSTEM,CTWC - SHORELINE REGION-GUILFORD SYSTEM,06413,06413|06437|06443|06475|06498,PFOA,6.0,4.0,True,10000,L,CT0608011
CT,CTWC - SHORELINE REGION-GUILFORD SYSTEM,CTWC - SHORELINE REGION-GUILFORD SYSTEM,06413,06413|06437|06443|06475|06498,PFOS,12.0,4.0,True,10000,L,CT0608011
CT,CTWC - UNIONVILLE SYSTEM,CTWC - UNIONVILLE SYSTEM,06001,06001|06010|06032|06053|06062|06085,PFHxS,3.0,10.0,False,10000,L,CT0520011
CT,CTWC - UNIONVILLE SYSTEM,CTWC - UNIONVILLE SYSTEM,06001,06001|06010|06032|06053|06062|06085,PFOA,6.0,4.0,True,10000,L,CT0520011
CT,CTWC - UNIONVILLE SYSTEM,CTWC - UNIONVILLE SYSTEM,06001,06001|06010|06032|06053|06062|06085,PFOS,6.0,4.0,True,10000,L,CT0520011
CT,Chukchansi Gold Resort,Chukchansi Gold Resort,93614,93614,PFBS,11.9,2000.0,False,3300,S,090605163
CT,Chukchansi Gold Resort,Chukchansi Gold Resort,93614,93614,PFOA,4.8,4.0,True,3300,S,090605163
CT,DANBURY WATER DEPARTMENT,DANBURY WATER DEPARTMENT,06810,06810|06811,PFBS,4.3,2000.0,False,10000,L,CT0340011
CT,DANBURY WATER DEPARTMENT,DANBURY WATER DEPARTMENT,06810,06810|06811,PFOA,5.4,4.0,True,10000,L,CT0340011
CT,EAST LYME WATER & SEWER COMMISSION,EAST LYME WATER & SEWER COMMISSION,06333,06333|06357,PFBS,4.8,2000.0,False,10000,L,CT0450011
CT,EAST LYME WATER & SEWER COMMISSION,EAST LYME WATER & SEWER COMMISSION,06333,06333|06357,PFOA,9.2,4.0,True,10000,L,CT0450011
CT,EAST LYME WATER & SEWER COMMISSION,EAST LYME WATER & SEWER COMMISSION,06333,06333|06357,PFOS,7.2,4.0,True,10000,L,CT0450011
CT,HAZARDVILLE WATER COMPANY,HAZARDVILLE WATER COMPANY,06016,06016|06071|06082,PFBS,4.8,2000.0,False,10000,L,CT0490021
CT,HAZARDVILLE WATER COMPANY,HAZARDVILLE WATER COMPANY,06016,06016|06071|06082,PFHxS,8.1,10.0,False,10000,L,CT0490021
CT,HAZARDVILLE WATER COMPANY,HAZARDVILLE WATER COMPANY,06016,06016|06071|06082,PFOA,8.6,4.0,True,10000,L,CT0490021
CT,HAZARDVILLE WATER COMPANY,HAZARDVILLE WATER COMPANY,06016,06016|06071|06082,PFOS,5.4,4.0,True,10000,L,CT0490021
CT,HERITAGE WATER COMPANY,HERITAGE WATER COMPANY,06478,06478|06488|06762,PFBS,3.2,2000.0,False,3300,S,CT1300021
CT,HERITAGE WATER COMPANY,HERITAGE WATER COMPANY,06478,06478|06488|06762,PFOA,4.1,4.0,True,3300,S,CT1300021
CT,MANCHESTER WATER DEPARTMENT,MANCHESTER WATER DEPARTMENT,06033,06033|06040|06042|06066|06074,PFBS,15.0,2000.0,False,10000,L,CT0770021
CT,MANCHESTER WATER DEPARTMENT,MANCHESTER WATER DEPARTMENT,06033,06033|06040|06042|06066|06074,PFHxS,3.8,10.0,False,10000,L,CT0770021
CT,MANCHESTER WATER DEPARTMENT,MANCHESTER WATER DEPARTMENT,06033,06033|06040|06042|06066|06074,PFOA,13.0,4.0,True,10000,L,CT0770021
CT,MANCHESTER WATER DEPARTMENT,MANCHESTER WATER DEPARTMENT,06033,06033|06040|06042|06066|06074,PFOS,16.0,4.0,True,10000,L,CT0770021
CT,MERIDEN WATER DIVISION,MERIDEN WATER DIVISION,06037,06037|06410|06450|06451|06455|06457|06489|06492,PFBS,3.7,2000.0,False,10000,L,CT0800011
CT,MERIDEN WATER DIVISION,MERIDEN WATER DIVISION,06037,06037|06410|06450|06451|06455|06457|06489|06492,PFHxS,4.0,10.0,False,10000,L,CT0800011
CT,MERIDEN WATER DIVISION,MERIDEN WATER DIVISION,06037,06037|06410|06450|06451|06455|06457|06489|06492,PFOA,6.1,4.0,True,10000,L,CT0800011
CT,MERIDEN WATER DIVISION,MERIDEN WATER DIVISION,06037,06037|06410|06450|06451|06455|06457|06489|06492,PFOS,9.5,4.0,True,10000,L,CT0800011
CT,NORWALK FIRST TAXING DISTRICT,NORWALK FIRST TAXING DISTRICT,06840,06840|06850|06851|06855|06880|06897,PFBS,6.4,2000.0,False,10000,L,CT1030011
CT,NORWALK FIRST TAXING DISTRICT,NORWALK FIRST TAXING DISTRICT,06840,06840|06850|06851|06855|06880|06897,PFHxS,4.2,10.0,False,10000,L,CT1030011
CT,NORWALK FIRST TAXING DISTRICT,NORWALK FIRST TAXING DISTRICT,06840,06840|06850|06851|06855|06880|06897,PFOA,9.5,4.0,True,10000,L,CT1030011
CT,NORWALK FIRST TAXING DISTRICT,NORWALK FIRST TAXING DISTRICT,06840,06840|06850|06851|06855|06880|06897,PFOS,11.2,4.0,True,10000,L,CT1030011
CT,NORWICH PUBLIC UTILITIES,NORWICH PUBLIC UTILITIES,06249,06249|06254|06334|06351|06353|06360|06365|06380|06382|06389,PFBS,6.0,2000.0,False,10000,L,CT1040011
CT,NORWICH PUBLIC UTILITIES,NORWICH PUBLIC UTILITIES,06249,06249|06254|06334|06351|06353|06360|06365|06380|06382|06389,PFHxS,12.5,10.0,True,10000,L,CT1040011
CT,NORWICH PUBLIC UTILITIES,NORWICH PUBLIC UTILITIES,06249,06249|06254|06334|06351|06353|06360|06365|06380|06382|06389,PFOA,6.7,4.0,True,10000,L,CT1040011
CT,NORWICH PUBLIC UTILITIES,NORWICH PUBLIC UTILITIES,06249,06249|06254|06334|06351|06353|06360|06365|06380|06382|06389,PFOS,16.2,4.0,True,10000,L,CT1040011
CT,PUTNAM WATER POLLUTION CONTROL AUTHORITY,PUTNAM WATER POLLUTION CONTROL AUTHORITY,06260,06260|06277|06281,PFBS,3.2,2000.0,False,3300,S,CT1160011
CT,PUTNAM WATER POLLUTION CONTROL AUTHORITY,PUTNAM WATER POLLUTION CONTROL AUTHORITY,06260,06260|06277|06281,PFHxS,4.0,10.0,False,3300,S,CT1160011
CT,PUTNAM WATER POLLUTION CONTROL AUTHORITY,PUTNAM WATER POLLUTION CONTROL AUTHORITY,06260,06260|06277|06281,PFOA,8.5,4.0,True,3300,S,CT1160011
CT,PUTNAM WATER POLLUTION CONTROL AUTHORITY,PUTNAM WATER POLLUTION CONTROL AUTHORITY,06260,06260|06277|06281,PFOS,7.5,4.0,True,3300,S,CT1160011
CT,Pala North,Pala North,92059,92059,PFBS,12.0,2000.0,False,10000,L,090605153
CT,Pala North,Pala North,92059,92059,PFOA,6.1,4.0,True,10000,L,090605153
CT,Pechanga,Pechanga,92593,92593,PFBS,3.0,2000.0,False,10000,L,090605013
CT,REGIONAL WATER AUTHORITY,REGIONAL WATER AUTHORITY,06401,06401|06405|06408|06411|06418|06460|06461|06467|06471|06472|06473|06477|06483|06501|06502|06503|06504|06505|06506|06507|06508|06509|06510|06511|06512|06513|06514|06515|06516|06517|06518|06519|06520|06521|06524|06525|06530|06531|06532|06533|06534|06535|06536|06537|06538|06540|06716,PFBS,3.5,2000.0,False,10000,L,CT0930011
CT,REGIONAL WATER AUTHORITY,REGIONAL WATER AUTHORITY,06401,06401|06405|06408|06411|06418|06460|06461|06467|06471|06472|06473|06477|06483|06501|06502|06503|06504|06505|06506|06507|06508|06509|06510|06511|06512|06513|06514|06515|06516|06517|06518|06519|06520|06521|06524|06525|06530|06531|06532|06533|06534|06535|06536|06537|06538|06540|06716,PFOA,7.1,4.0,True,10000,L,CT0930011
CT,REGIONAL WATER AUTHORITY,REGIONAL WATER AUTHORITY,06401,06401|06405|06408|06411|06418|06460|06461|06467|06471|06472|06473|06477|06483|06501|06502|06503|06504|06505|06506|06507|06508|06509|06510|06511|06512|06513|06514|06515|06516|06517|06518|06519|06520|06521|06524|06525|06530|06531|06532|06533|06534|06535|06536|06537|06538|06540|06716,PFOS,10.7,4.0,True,10000,L,CT0930011
CT,Rincon Northern,Rincon Northern,92082,92082,PFBS,3.4,2000.0,False,3300,S,090600147
CT,Rincon Northern,Rincon Northern,92082,92082,PFOA,5.6,4.0,True,3300,S,090600147
CT,Rincon Northern,Rincon Northern,92082,92082,PFOS,8.9,4.0,True,3300,S,090600147
CT,SCUA Upper Seven Mile,SCUA Upper Seven Mile,85530,85530|85542|85550,PFBS,53.8,2000.0,False,3300,S,090400114
CT,SOUTHINGTON WATER DEPARTMENT,SOUTHINGTON WATER DEPARTMENT,06444,06444|06467|06479|06489,PFBS,4.0,2000.0,False,10000,L,CT1310011
CT,SOUTHINGTON WATER DEPARTMENT,SOUTHINGTON WATER DEPARTMENT,06444,06444|06467|06479|06489,PFOA,8.0,4.0,True,10000,L,CT1310011
CT,SOUTHINGTON WATER DEPARTMENT,SOUTHINGTON WATER DEPARTMENT,06444,06444|06467|06479|06489,PFOS,6.0,4.0,True,10000,L,CT1310011
CT,UNIVERSITY OF CONNECTICUT - MAIN CAMPUS,UNIVERSITY OF CONNECTICUT - MAIN CAMPUS,06269,06269,PFOS,5.0,4.0,True,10000,L,CT0780021
CT,"VALLEY WATER SYSTEMS, INC.","VALLEY WATER SYSTEMS, INC.",06062,06062,PFOA,5.2,4.0,True,10000,L,CT1100011
CT,"VALLEY WATER SYSTEMS, INC.","VALLEY WATER SYSTEMS, INC.",06062,06062,PFOS,6.8,4.0,True,10000,L,CT1100011
CT,Viejas Community System,Viejas Community System,91901,91901,PFBS,24.3,2000.0,False,3300,S,090600158
CT,WALLINGFORD WATER DEPARTMENT,WALLINGFORD WATER DEPARTMENT,06410,06410|06473|06492,PFBS,4.0,2000.0,False,10000,L,CT1480011
CT,WALLINGFORD WATER DEPARTMENT,WALLINGFORD WATER DEPARTMENT,06410,06410|06473|06492,PFHxS,10.7,10.0,True,10000,L,CT1480011
CT,WALLINGFORD WATER DEPARTMENT,WALLINGFORD WATER DEPARTMENT,06410,06410|06473|06492,PFOS,13.9,4.0,True,10000,L,CT1480011
DE,ARTESIAN NORTHERN SUSSEX REGIONAL,ARTESIAN NORTHERN SUSSEX REGIONAL,19947,19947|19951|19966|19968,PFBS,4.3,2000.0,False,3300,S,DE0020003
DE,ARTESIAN NORTHERN SUSSEX REGIONAL,ARTESIAN NORTHERN SUSSEX REGIONAL,19947,19947|19951|19966|19968,PFOA,5.7,4.0,True,3300,S,DE0020003
DE,ARTESIAN WATER COMPANY,ARTESIAN WATER COMPANY,19701,19701|19702|19707|19711|19713|19720|19804|19805,PFBS,8.7,2000.0,False,10000,L,DE0000552
DE,ARTESIAN WATER COMPANY,ARTESIAN WATER COMPANY,19701,19701|19702|19707|19711|19713|19720|19804|19805,PFHxS,8.9,10.0,False,10000,L,DE0000552
DE,ARTESIAN WATER COMPANY,ARTESIAN WATER COMPANY,19701,19701|19702|19707|19711|19713|19720|19804|19805,PFOA,23.1,4.0,True,10000,L,DE0000552
DE,ARTESIAN WATER COMPANY,ARTESIAN WATER COMPANY,19701,19701|19702|19707|19711|19713|19720|19804|19805,PFOS,6.0,4.0,True,10000,L,DE0000552
DE,BETHANY BAY PUMP DISTRICT,BETHANY BAY PUMP DISTRICT,19939,19939|19945|19967|19970,PFOS,6.1,4.0,True,10000,L,DE0000221
DE,DEWEY BEACH WATER DEPARTMENT,DEWEY BEACH WATER DEPARTMENT,19971,19971,PFBS,5.0,2000.0,False,10000,L,DE0000825
DE,DEWEY BEACH WATER DEPARTMENT,DEWEY BEACH WATER DEPARTMENT,19971,19971,PFHxS,3.5,10.0,False,10000,L,DE0000825
DE,DEWEY BEACH WATER DEPARTMENT,DEWEY BEACH WATER DEPARTMENT,19971,19971,PFOA,11.0,4.0,True,10000,L,DE0000825
DE,GEORGETOWN WATER DEPARTMENT,GEORGETOWN WATER DEPARTMENT,19947,19947,PFBS,7.5,2000.0,False,3300,S,DE0000592
DE,GEORGETOWN WATER DEPARTMENT,GEORGETOWN WATER DEPARTMENT,19947,19947,PFHxS,5.1,10.0,False,3300,S,DE0000592
DE,GEORGETOWN WATER DEPARTMENT,GEORGETOWN WATER DEPARTMENT,19947,19947,PFNA,20.0,10.0,True,3300,S,DE0000592
DE,GEORGETOWN WATER DEPARTMENT,GEORGETOWN WATER DEPARTMENT,19947,19947,PFOA,36.0,4.0,True,3300,S,DE0000592
DE,GEORGETOWN WATER DEPARTMENT,GEORGETOWN WATER DEPARTMENT,19947,19947,PFOS,14.0,4.0,True,3300,S,DE0000592
DE,LEWES BOARD OF PUBLIC WORKS,LEWES BOARD OF PUBLIC WORKS,19958,19958,PFHxS,3.5,10.0,False,3300,S,DE0000602
DE,LEWES BOARD OF PUBLIC WORKS,LEWES BOARD OF PUBLIC WORKS,19958,19958,PFOA,6.1,4.0,True,3300,S,DE0000602
DE,LEWES BOARD OF PUBLIC WORKS,LEWES BOARD OF PUBLIC WORKS,19958,19958,PFOS,9.5,4.0,True,3300,S,DE0000602
DE,"NEWARK WATER DEPARTMENT, DE","NEWARK WATER DEPARTMENT, DE",19711,19711,PFBS,6.6,2000.0,False,10000,L,DE0000630
DE,"NEWARK WATER DEPARTMENT, DE","NEWARK WATER DEPARTMENT, DE",19711,19711,PFHxS,5.5,10.0,False,10000,L,DE0000630
DE,"NEWARK WATER DEPARTMENT, DE","NEWARK WATER DEPARTMENT, DE",19711,19711,PFOA,25.3,4.0,True,10000,L,DE0000630
DE,"NEWARK WATER DEPARTMENT, DE","NEWARK WATER DEPARTMENT, DE",19711,19711,PFOS,7.5,4.0,True,10000,L,DE0000630
DE,REHOBOTH BEACH WATER DEPARTMENT,REHOBOTH BEACH WATER DEPARTMENT,19971,19971,PFBS,7.2,2000.0,False,10000,L,DE0000723
DE,REHOBOTH BEACH WATER DEPARTMENT,REHOBOTH BEACH WATER DEPARTMENT,19971,19971,PFHxS,6.9,10.0,False,10000,L,DE0000723
DE,REHOBOTH BEACH WATER DEPARTMENT,REHOBOTH BEACH WATER DEPARTMENT,19971,19971,PFOA,14.9,4.0,True,10000,L,DE0000723
DE,REHOBOTH BEACH WATER DEPARTMENT,REHOBOTH BEACH WATER DEPARTMENT,19971,19971,PFOS,6.2,4.0,True,10000,L,DE0000723
DE,REHOBOTH PUMP DISTRICT,REHOBOTH PUMP DISTRICT,19951,19951|19958|19966|19968|19969|19971,PFBS,5.8,2000.0,False,10000,L,DE0000991
DE,REHOBOTH PUMP DISTRICT,REHOBOTH PUMP DISTRICT,19951,19951|19958|19966|19968|19969|19971,PFOA,4.4,4.0,True,10000,L,DE0000991
DE,SMYRNA WATER DEPARTMENT,SMYRNA WATER DEPARTMENT,19977,19977,PFBS,6.9,2000.0,False,10000,L,DE0000657
DE,SMYRNA WATER DEPARTMENT,SMYRNA WATER DEPARTMENT,19977,19977,PFOA,9.8,4.0,True,10000,L,DE0000657
DE,SMYRNA WATER DEPARTMENT,SMYRNA WATER DEPARTMENT,19977,19977,PFOS,6.7,4.0,True,10000,L,DE0000657
DE,SOUTH BETHANY,SOUTH BETHANY,19930,19930|19939|19944|19945|19975,PFOS,4.7,4.0,True,10000,L,DE00A0323
DE,STAGE VILLAGE MHC,STAGE VILLAGE MHC,19940,19940,PFBS,12.7,2000.0,False,3300,S,DE0000569
DE,STAGE VILLAGE MHC,STAGE VILLAGE MHC,19940,19940,PFOA,7.6,4.0,True,3300,S,DE0000569
DE,STAGE VILLAGE MHC,STAGE VILLAGE MHC,19940,19940,PFOS,8.5,4.0,True,3300,S,DE0000569
DE,SUEZ WATER DELAWARE,SUEZ WATER DELAWARE,19701,19701|19702|19703|19711|19713|19720|19733|19801|19802|19803|19804|19809|19810,PFBS,3.7,2000.0,False,10000,L,DE0000564
DE,SUEZ WATER DELAWARE,SUEZ WATER DELAWARE,19701,19701|19702|19703|19711|19713|19720|19733|19801|19802|19803|19804|19809|19810,PFNA,11.6,10.0,True,10000,L,DE0000564
DE,SUEZ WATER DELAWARE,SUEZ WATER DELAWARE,19701,19701|19702|19703|19711|19713|19720|19733|19801|19802|19803|19804|19809|19810,PFOA,24.4,4.0,True,10000,L,DE0000564
DE,WILMINGTON WATER DEPARTMENT,WILMINGTON WATER DEPARTMENT,19082,19082|19701|19702|19707|19708|19710|19720|19732|19801|19802|19803|19804|19805|19806|19807|19808|19809|19810|19850|19880|19884|19898|19899,PFBS,3.6,2000.0,False,10000,L,DE0000663
DE,WILMINGTON WATER DEPARTMENT,WILMINGTON WATER DEPARTMENT,19082,19082|19701|19702|19707|19708|19710|19720|19732|19801|19802|19803|19804|19805|19806|19807|19808|19809|19810|19850|19880|19884|19898|19899,PFOA,9.9,4.0,True,10000,L,DE0000663
FL,ALOHA GARDENS UTILITIES,ALOHA GARDENS UTILITIES,34690,34690|34691,PFBS,10.4,2000.0,False,3300,S,FL6510050
FL,ALOHA GARDENS UTILITIES,ALOHA GARDENS UTILITIES,34690,34690|34691,PFHxS,3.7,10.0,False,3300,S,FL6510050
FL,ALOHA GARDENS UTILITIES,ALOHA GARDENS UTILITIES,34690,34690|34691,PFOS,31.8,4.0,True,3300,S,FL6510050
FL,ALTAMONTE SPRINGS WATER DEPT (2 WPS),ALTAMONTE SPRINGS WATER DEPT (2 WPS),32701,32701|32703|32707|32714|32730|32750|32751|32779|32810,PFHxS,3.8,10.0,False,10000,L,FL3590026
FL,"APOPKA, CITY OF (5 WTPS)","APOPKA, CITY OF (5 WTPS)",32703,32703|32704|32712|32798,PFBS,3.8,2000.0,False,10000,L,FL3480200
FL,"APOPKA, CITY OF (5 WTPS)","APOPKA, CITY OF (5 WTPS)",32703,32703|32704|32712|32798,PFOS,24.8,4.0,True,10000,L,FL3480200
FL,"ARCADIA WATER DEPT, CITY OF","ARCADIA WATER DEPT, CITY OF",34266,34266,PFBS,6.6,2000.0,False,3300,S,FL6140314
FL,"ARCADIA WATER DEPT, CITY OF","ARCADIA WATER DEPT, CITY OF",34266,34266,PFOA,5.0,4.0,True,3300,S,FL6140314
FL,"ARCADIA WATER DEPT, CITY OF","ARCADIA WATER DEPT, CITY OF",34266,34266,PFOS,4.4,4.0,True,3300,S,FL6140314
FL,"ATLANTIS, CITY OF","ATLANTIS, CITY OF",33462,33462,PFBS,4.4,2000.0,False,3300,S,FL4500068
FL,"ATLANTIS, CITY OF","ATLANTIS, CITY OF",33462,33462,PFHxS,5.8,10.0,False,3300,S,FL4500068
FL,"ATLANTIS, CITY OF","ATLANTIS, CITY OF",33462,33462,PFOA,6.4,4.0,True,3300,S,FL4500068
FL,"ATLANTIS, CITY OF","ATLANTIS, CITY OF",33462,33462,PFOS,20.3,4.0,True,3300,S,FL4500068
FL,"AVON PARK, CITY OF","AVON PARK, CITY OF",33825,33825,PFHxS,3.0,10.0,False,10000,L,FL6280049
FL,"AVON PARK, CITY OF","AVON PARK, CITY OF",33825,33825,PFOA,5.5,4.0,True,10000,L,FL6280049
FL,"AVON PARK, CITY OF","AVON PARK, CITY OF",33825,33825,PFOS,4.2,4.0,True,10000,L,FL6280049
FL,BAGDAD-GARCON POINT WATER SYSTEM,BAGDAD-GARCON POINT WATER SYSTEM,32583,32583,PFBS,3.6,2000.0,False,3300,S,FL1570042
FL,BAGDAD-GARCON POINT WATER SYSTEM,BAGDAD-GARCON POINT WATER SYSTEM,32583,32583,PFHxS,3.2,10.0,False,3300,S,FL1570042
FL,BAGDAD-GARCON POINT WATER SYSTEM,BAGDAD-GARCON POINT WATER SYSTEM,32583,32583,PFOS,5.7,4.0,True,3300,S,FL1570042
FL,BAL HARBOUR VILLAGE,BAL HARBOUR VILLAGE,33181,33181,PFBS,6.8,2000.0,False,3300,S,FL4130077
FL,BAL HARBOUR VILLAGE,BAL HARBOUR VILLAGE,33181,33181,PFHxS,7.3,10.0,False,3300,S,FL4130077
FL,BAL HARBOUR VILLAGE,BAL HARBOUR VILLAGE,33181,33181,PFOA,9.7,4.0,True,3300,S,FL4130077
FL,BAL HARBOUR VILLAGE,BAL HARBOUR VILLAGE,33181,33181,PFOS,42.0,4.0,True,3300,S,FL4130077
FL,"BAY HARBOR ISLANDS, TOWN OF","BAY HARBOR ISLANDS, TOWN OF",33154,33154,PFBS,3.4,2000.0,False,3300,S,FL4130089
FL,"BAY HARBOR ISLANDS, TOWN OF","BAY HARBOR ISLANDS, TOWN OF",33154,33154,PFOA,4.4,4.0,True,3300,S,FL4130089
FL,"BAY HARBOR ISLANDS, TOWN OF","BAY HARBOR ISLANDS, TOWN OF",33154,33154,PFOS,14.6,4.0,True,3300,S,FL4130089
FL,BCWWS 1A,BCWWS 1A,33319,33319,PFBS,6.0,2000.0,False,10000,L,FL4060167
FL,BCWWS 1A,BCWWS 1A,33319,33319,PFHxS,3.4,10.0,False,10000,L,FL4060167
FL,BCWWS 1A,BCWWS 1A,33319,33319,PFOA,7.2,4.0,True,10000,L,FL4060167
FL,BCWWS 1A,BCWWS 1A,33319,33319,PFOS,20.7,4.0,True,10000,L,FL4060167
FL,BCWWS 2A,BCWWS 2A,33064,33064,PFBS,7.8,2000.0,False,10000,L,FL4060163
FL,BCWWS 2A,BCWWS 2A,33064,33064,PFHxS,5.4,10.0,False,10000,L,FL4060163
FL,BCWWS 2A,BCWWS 2A,33064,33064,PFOA,11.5,4.0,True,10000,L,FL4060163
FL,BCWWS 2A,BCWWS 2A,33064,33064,PFOS,28.4,4.0,True,10000,L,FL4060163
FL,BCWWS 3A,BCWWS 3A,33314,33314,PFBS,7.3,2000.0,False,10000,L,FL4060165
FL,BCWWS 3A,BCWWS 3A,33314,33314,PFHxS,4.3,10.0,False,10000,L,FL4060165
FL,BCWWS 3A,BCWWS 3A,33314,33314,PFOA,6.7,4.0,True,10000,L,FL4060165
FL,BCWWS 3A,BCWWS 3A,33314,33314,PFOS,27.2,4.0,True,10000,L,FL4060165
FL,BCWWS 3B/C,BCWWS 3B/C,33021,33021,PFBS,5.9,2000.0,False,10000,L,FL4060162
FL,BCWWS 3B/C,BCWWS 3B/C,33021,33021,PFHxS,3.4,10.0,False,10000,L,FL4060162
FL,BCWWS 3B/C,BCWWS 3B/C,33021,33021,PFOA,5.4,4.0,True,10000,L,FL4060162
FL,BCWWS 3B/C,BCWWS 3B/C,33021,33021,PFOS,20.9,4.0,True,10000,L,FL4060162
FL,BELLEAIR WATER PLANT,BELLEAIR WATER PLANT,33756,33756,PFBS,4.8,2000.0,False,3300,S,FL6520135
FL,BELLEAIR WATER PLANT,BELLEAIR WATER PLANT,33756,33756,PFOA,5.3,4.0,True,3300,S,FL6520135
FL,BELLEAIR WATER PLANT,BELLEAIR WATER PLANT,33756,33756,PFOS,9.0,4.0,True,3300,S,FL6520135
FL,"BELLEVIEW, CITY OF  (2 WPS)","BELLEVIEW, CITY OF  (2 WPS)",34420,34420,PFOS,5.6,4.0,True,3300,S,FL3420074
FL,BOCA RATON WTP,BOCA RATON WTP,33431,33431|33432|33433|33434|33486|33487|33496,PFOS,7.1,4.0,True,10000,L,FL4500130
FL,BOYNTON BEACH PWS,BOYNTON BEACH PWS,33425,33425|33426|33435|33436|33437,PFBS,8.1,2000.0,False,10000,L,FL4500145
FL,BOYNTON BEACH PWS,BOYNTON BEACH PWS,33425,33425|33426|33435|33436|33437,PFHxS,7.0,10.0,False,10000,L,FL4500145
FL,BOYNTON BEACH PWS,BOYNTON BEACH PWS,33425,33425|33426|33435|33436|33437,PFOA,8.7,4.0,True,10000,L,FL4500145
FL,BOYNTON BEACH PWS,BOYNTON BEACH PWS,33425,33425|33426|33435|33436|33437,PFOS,26.0,4.0,True,10000,L,FL4500145
FL,BRADENTON CITY OF,BRADENTON CITY OF,34205,34205|34208|34209|34210,PFBS,5.2,2000.0,False,10000,L,FL6410182
FL,BRADFORDVILLE REGIONAL W/S,BRADFORDVILLE REGIONAL W/S,32308,32308|32309|32311|32312|32317,PFHxS,8.4,10.0,False,10000,L,FL1370393
FL,BRADFORDVILLE REGIONAL W/S,BRADFORDVILLE REGIONAL W/S,32308,32308|32309|32311|32312|32317,PFOS,17.4,4.0,True,10000,L,FL1370393
FL,"CASSELBERRY, CITY OF (3 WPS)","CASSELBERRY, CITY OF (3 WPS)",32707,32707|32792,PFHxS,3.2,10.0,False,10000,L,FL3590159
FL,CHARLOTTE COUNTY UTILITIES,CHARLOTTE COUNTY UTILITIES,33917,33917|33927|33938|33946|33947|33948|33949|33950|33951|33952|33953|33954|33955|33980|33981|33982|33983|34223|34224|34266|34269,PFBS,6.7,2000.0,False,10000,L,FL5084100
FL,CHARLOTTE COUNTY UTILITIES,CHARLOTTE COUNTY UTILITIES,33917,33917|33927|33938|33946|33947|33948|33949|33950|33951|33952|33953|33954|33955|33980|33981|33982|33983|34223|34224|34266|34269,PFOA,5.2,4.0,True,10000,L,FL5084100
FL,CHARLOTTE COUNTY UTILITIES,CHARLOTTE COUNTY UTILITIES,33917,33917|33927|33938|33946|33947|33948|33949|33950|33951|33952|33953|33954|33955|33980|33981|33982|33983|34223|34224|34266|34269,PFOS,4.3,4.0,True,10000,L,FL5084100
FL,CHASE GROVES(CONSEC.),CHASE GROVES(CONSEC.),32746,32746,PFBS,5.1,2000.0,False,3300,S,FL3594214
FL,CHASE GROVES(CONSEC.),CHASE GROVES(CONSEC.),32746,32746,PFHxS,3.6,10.0,False,3300,S,FL3594214
FL,CHASE GROVES(CONSEC.),CHASE GROVES(CONSEC.),32746,32746,PFOA,4.8,4.0,True,3300,S,FL3594214
FL,CHASE GROVES(CONSEC.),CHASE GROVES(CONSEC.),32746,32746,PFOS,6.8,4.0,True,3300,S,FL3594214
FL,CITRUS CO UTL/CHARLES A. BLACK,CITRUS CO UTL/CHARLES A. BLACK,34428,34428|34429|34442|34445|34452|34453|34461|34465,PFBS,3.7,2000.0,False,10000,L,FL6094948
FL,CITRUS CO UTL/CHARLES A. BLACK,CITRUS CO UTL/CHARLES A. BLACK,34428,34428|34429|34442|34445|34452|34453|34461|34465,PFHxS,19.0,10.0,True,10000,L,FL6094948
FL,CITRUS CO UTL/CHARLES A. BLACK,CITRUS CO UTL/CHARLES A. BLACK,34428,34428|34429|34442|34445|34452|34453|34461|34465,PFOS,25.0,4.0,True,10000,L,FL6094948
FL,CITY OF MARGATE,CITY OF MARGATE,33063,33063,PFBS,4.9,2000.0,False,10000,L,FL4060845
FL,CITY OF MARGATE,CITY OF MARGATE,33063,33063,PFHxS,7.2,10.0,False,10000,L,FL4060845
FL,CITY OF MARGATE,CITY OF MARGATE,33063,33063,PFOA,6.5,4.0,True,10000,L,FL4060845
FL,CITY OF MARGATE,CITY OF MARGATE,33063,33063,PFOS,27.7,4.0,True,10000,L,FL4060845
FL,CITY OF PUNTA GORDA,CITY OF PUNTA GORDA,33950,33950|33982,PFBS,4.5,2000.0,False,10000,L,FL6080051
FL,CITY OF PUNTA GORDA,CITY OF PUNTA GORDA,33950,33950|33982,PFOA,4.1,4.0,True,10000,L,FL6080051
FL,CITY OF TAMPA WATER DEPARTMENT,CITY OF TAMPA WATER DEPARTMENT,33602,33602|33603|33604|33605|33607|33609|33610|33611|33612|33613|33616|33619|33621|33629|33647,PFBS,6.4,2000.0,False,10000,L,FL6290327
FL,CITY OF TAMPA WATER DEPARTMENT,CITY OF TAMPA WATER DEPARTMENT,33602,33602|33603|33604|33605|33607|33609|33610|33611|33612|33613|33616|33619|33621|33629|33647,PFHxS,4.1,10.0,False,10000,L,FL6290327
FL,CITY OF TAMPA WATER DEPARTMENT,CITY OF TAMPA WATER DEPARTMENT,33602,33602|33603|33604|33605|33607|33609|33610|33611|33612|33613|33616|33619|33621|33629|33647,PFOA,4.6,4.0,True,10000,L,FL6290327
FL,CITY OF TAMPA WATER DEPARTMENT,CITY OF TAMPA WATER DEPARTMENT,33602,33602|33603|33604|33605|33607|33609|33610|33611|33612|33613|33616|33619|33621|33629|33647,PFOS,6.9,4.0,True,10000,L,FL6290327
FL,CITY OF TEMPLE TERRACE UTILITY,CITY OF TEMPLE TERRACE UTILITY,33592,33592|33617|33637,PFBS,12.2,2000.0,False,10000,L,FL6291791
FL,CITY OF TEMPLE TERRACE UTILITY,CITY OF TEMPLE TERRACE UTILITY,33592,33592|33617|33637,PFHxS,8.8,10.0,False,10000,L,FL6291791
FL,CITY OF TEMPLE TERRACE UTILITY,CITY OF TEMPLE TERRACE UTILITY,33592,33592|33617|33637,PFOA,10.0,4.0,True,10000,L,FL6291791
FL,CITY OF TEMPLE TERRACE UTILITY,CITY OF TEMPLE TERRACE UTILITY,33592,33592|33617|33637,PFOS,19.5,4.0,True,10000,L,FL6291791
FL,CLEARWATER WATER SYSTEM,CLEARWATER WATER SYSTEM,33755,33755|33759|33761|33763|33765|33767,PFBS,3.0,2000.0,False,10000,L,FL6520336
FL,CLEARWATER WATER SYSTEM,CLEARWATER WATER SYSTEM,33755,33755|33759|33761|33763|33765|33767,PFOS,5.9,4.0,True,10000,L,FL6520336
FL,CLERMONT EAST WATER SYSTEM (2 WPS),CLERMONT EAST WATER SYSTEM (2 WPS),34711,34711,PFBS,6.5,2000.0,False,10000,L,FL3354779
FL,"COCONUT CREEK, CITY OF","COCONUT CREEK, CITY OF",33073,33073,PFBS,6.7,2000.0,False,10000,L,FL4061584
FL,"COCONUT CREEK, CITY OF","COCONUT CREEK, CITY OF",33073,33073,PFHxS,5.2,10.0,False,10000,L,FL4061584
FL,"COCONUT CREEK, CITY OF","COCONUT CREEK, CITY OF",33073,33073,PFOA,11.0,4.0,True,10000,L,FL4061584
FL,"COCONUT CREEK, CITY OF","COCONUT CREEK, CITY OF",33073,33073,PFOS,27.0,4.0,True,10000,L,FL4061584
FL,"CORAL SPRINGS, CITY OF","CORAL SPRINGS, CITY OF",33065,33065,PFBS,4.9,2000.0,False,10000,L,FL4060290
FL,"CORAL SPRINGS, CITY OF","CORAL SPRINGS, CITY OF",33065,33065,PFHxS,4.2,10.0,False,10000,L,FL4060290
FL,"CORAL SPRINGS, CITY OF","CORAL SPRINGS, CITY OF",33065,33065,PFOA,5.0,4.0,True,10000,L,FL4060290
FL,"CORAL SPRINGS, CITY OF","CORAL SPRINGS, CITY OF",33065,33065,PFOS,15.9,4.0,True,10000,L,FL4060290
FL,DADE CITY WATER DEPT,DADE CITY WATER DEPT,33525,33525,PFBS,5.6,2000.0,False,10000,L,FL6510424
FL,DADE CITY WATER DEPT,DADE CITY WATER DEPT,33525,33525,PFOS,7.6,4.0,True,10000,L,FL6510424
FL,"DANIA BEACH, CITY OF","DANIA BEACH, CITY OF",33004,33004,PFBS,4.1,2000.0,False,10000,L,FL4060253
FL,"DANIA BEACH, CITY OF","DANIA BEACH, CITY OF",33004,33004,PFHxS,5.0,10.0,False,10000,L,FL4060253
FL,"DANIA BEACH, CITY OF","DANIA BEACH, CITY OF",33004,33004,PFOA,5.8,4.0,True,10000,L,FL4060253
FL,"DANIA BEACH, CITY OF","DANIA BEACH, CITY OF",33004,33004,PFOS,13.9,4.0,True,10000,L,FL4060253
FL,"DAVENPORT, CITY OF","DAVENPORT, CITY OF",33836,33836|33837,PFBS,5.8,2000.0,False,3300,S,FL6530431
FL,"DAVENPORT, CITY OF","DAVENPORT, CITY OF",33836,33836|33837,PFOS,6.4,4.0,True,3300,S,FL6530431
FL,"DAYTONA BEACH, CITY OF","DAYTONA BEACH, CITY OF",32114,32114|32117|32118|32119|32124|32174|32176,PFHxS,6.9,10.0,False,10000,L,FL3640275
FL,"DEERFIELD BEACH, CITY OF","DEERFIELD BEACH, CITY OF",33441,33441|33442,PFOA,4.4,4.0,True,10000,L,FL4060254
FL,"DEERFIELD BEACH, CITY OF","DEERFIELD BEACH, CITY OF",33441,33441|33442,PFOS,12.7,4.0,True,10000,L,FL4060254
FL,"DELAND, CITY OF","DELAND, CITY OF",32720,32720|32724,PFBS,6.0,2000.0,False,10000,L,FL3640286
FL,"DELAND, CITY OF","DELAND, CITY OF",32720,32720|32724,PFHxS,8.6,10.0,False,10000,L,FL3640286
FL,"DELAND, CITY OF","DELAND, CITY OF",32720,32720|32724,PFOA,6.3,4.0,True,10000,L,FL3640286
FL,"DELAND, CITY OF","DELAND, CITY OF",32720,32720|32724,PFOS,8.6,4.0,True,10000,L,FL3640286
FL,DELRAY BEACH PUBLIC WATER SYSTEM,DELRAY BEACH PUBLIC WATER SYSTEM,33444,33444|33445|33483|33484,PFBS,11.7,2000.0,False,10000,L,FL4500351
FL,DELRAY BEACH PUBLIC WATER SYSTEM,DELRAY BEACH PUBLIC WATER SYSTEM,33444,33444|33445|33483|33484,PFHxS,7.7,10.0,False,10000,L,FL4500351
FL,DELRAY BEACH PUBLIC WATER SYSTEM,DELRAY BEACH PUBLIC WATER SYSTEM,33444,33444|33445|33483|33484,PFOA,14.2,4.0,True,10000,L,FL4500351
FL,DELRAY BEACH PUBLIC WATER SYSTEM,DELRAY BEACH PUBLIC WATER SYSTEM,33444,33444|33445|33483|33484,PFOS,28.7,4.0,True,10000,L,FL4500351
FL,DELTONA WATER,DELTONA WATER,32725,32725|32738|32764,PFBS,10.7,2000.0,False,10000,L,FL3640287
FL,DELTONA WATER,DELTONA WATER,32725,32725|32738|32764,PFHxS,6.5,10.0,False,10000,L,FL3640287
FL,DELTONA WATER,DELTONA WATER,32725,32725|32738|32764,PFOA,6.8,4.0,True,10000,L,FL3640287
FL,DELTONA WATER,DELTONA WATER,32725,32725|32738|32764,PFOS,10.8,4.0,True,10000,L,FL3640287
FL,DESOTO COUNTY WATER SYSTEM,DESOTO COUNTY WATER SYSTEM,34266,34266|34269,PFBS,7.1,2000.0,False,3300,S,FL6144898
FL,DESOTO COUNTY WATER SYSTEM,DESOTO COUNTY WATER SYSTEM,34266,34266|34269,PFOA,5.1,4.0,True,3300,S,FL6144898
FL,EMERALD COAST UTILITIES AUTHORITY,EMERALD COAST UTILITIES AUTHORITY,32501,32501|32502|32503|32504|32505|32506|32507|32508|32509|32511|32514|32526|32533|32534|32561|32562|36561,PFBS,16.0,2000.0,False,10000,L,FL1170525
FL,EMERALD COAST UTILITIES AUTHORITY,EMERALD COAST UTILITIES AUTHORITY,32501,32501|32502|32503|32504|32505|32506|32507|32508|32509|32511|32514|32526|32533|32534|32561|32562|36561,PFHxS,55.3,10.0,True,10000,L,FL1170525
FL,EMERALD COAST UTILITIES AUTHORITY,EMERALD COAST UTILITIES AUTHORITY,32501,32501|32502|32503|32504|32505|32506|32507|32508|32509|32511|32514|32526|32533|32534|32561|32562|36561,PFNA,16.2,10.0,True,10000,L,FL1170525
FL,EMERALD COAST UTILITIES AUTHORITY,EMERALD COAST UTILITIES AUTHORITY,32501,32501|32502|32503|32504|32505|32506|32507|32508|32509|32511|32514|32526|32533|32534|32561|32562|36561,PFOA,25.8,4.0,True,10000,L,FL1170525
FL,EMERALD COAST UTILITIES AUTHORITY,EMERALD COAST UTILITIES AUTHORITY,32501,32501|32502|32503|32504|32505|32506|32507|32508|32509|32511|32514|32526|32533|32534|32561|32562|36561,PFOS,35.7,4.0,True,10000,L,FL1170525
FL,EREC WATER SYSTEM,EREC WATER SYSTEM,32535,32535|32568,PFOS,8.4,4.0,True,3300,S,FL1170718
FL,"EUSTIS, CITY OF (4 WPS)","EUSTIS, CITY OF (4 WPS)",32726,32726,PFBS,12.0,2000.0,False,10000,L,FL3350346
FL,"EUSTIS, CITY OF (4 WPS)","EUSTIS, CITY OF (4 WPS)",32726,32726,PFHxS,4.1,10.0,False,10000,L,FL3350346
FL,"EUSTIS, CITY OF (4 WPS)","EUSTIS, CITY OF (4 WPS)",32726,32726,PFOA,4.9,4.0,True,10000,L,FL3350346
FL,"EUSTIS, CITY OF (4 WPS)","EUSTIS, CITY OF (4 WPS)",32726,32726,PFOS,9.8,4.0,True,10000,L,FL3350346
FL,FKAA J. ROBERT DEAN  W.T.P.,FKAA J. ROBERT DEAN  W.T.P.,33001,33001|33036|33037|33040|33041|33042|33043|33045|33050|33051|33052|33070,PFBS,22.8,2000.0,False,10000,L,FL4134357
FL,FKAA J. ROBERT DEAN  W.T.P.,FKAA J. ROBERT DEAN  W.T.P.,33001,33001|33036|33037|33040|33041|33042|33043|33045|33050|33051|33052|33070,PFHxS,3.4,10.0,False,10000,L,FL4134357
FL,FKAA J. ROBERT DEAN  W.T.P.,FKAA J. ROBERT DEAN  W.T.P.,33001,33001|33036|33037|33040|33041|33042|33043|33045|33050|33051|33052|33070,PFOA,9.9,4.0,True,10000,L,FL4134357
FL,FKAA J. ROBERT DEAN  W.T.P.,FKAA J. ROBERT DEAN  W.T.P.,33001,33001|33036|33037|33040|33041|33042|33043|33045|33050|33051|33052|33070,PFOS,50.3,4.0,True,10000,L,FL4134357
FL,FLORIDA CITY,FLORIDA CITY,33034,33034,PFBS,6.8,2000.0,False,10000,L,FL4130255
FL,FLORIDA CITY,FLORIDA CITY,33034,33034,PFOS,20.6,4.0,True,10000,L,FL4130255
FL,FLORIDA GOVERMENTAL UTILITY AUTHORITY,FLORIDA GOVERMENTAL UTILITY AUTHORITY,33621,33621,PFBS,5.9,2000.0,False,10000,L,FL6296193
FL,FLORIDA GOVERMENTAL UTILITY AUTHORITY,FLORIDA GOVERMENTAL UTILITY AUTHORITY,33621,33621,PFHxS,3.7,10.0,False,10000,L,FL6296193
FL,FLORIDA GOVERMENTAL UTILITY AUTHORITY,FLORIDA GOVERMENTAL UTILITY AUTHORITY,33621,33621,PFOS,5.7,4.0,True,10000,L,FL6296193
FL,FLORIDA GOVERNMENTAL UTILITY AUTHORITY,FLORIDA GOVERNMENTAL UTILITY AUTHORITY,33936,33936,PFBS,5.5,2000.0,False,10000,L,FL5360172
FL,FLORIDA GOVERNMENTAL UTILITY AUTHORITY,FLORIDA GOVERNMENTAL UTILITY AUTHORITY,33936,33936,PFHxS,4.3,10.0,False,10000,L,FL5360172
FL,FLORIDA GOVERNMENTAL UTILITY AUTHORITY,FLORIDA GOVERNMENTAL UTILITY AUTHORITY,33936,33936,PFOS,12.3,4.0,True,10000,L,FL5360172
FL,"FORT LAUDERDALE, CITY OF","FORT LAUDERDALE, CITY OF",33301,33301|33304|33305|33306|33308|33309|33311|33312|33315|33316|33334,PFBS,6.0,2000.0,False,10000,L,FL4060486
FL,"FORT LAUDERDALE, CITY OF","FORT LAUDERDALE, CITY OF",33301,33301|33304|33305|33306|33308|33309|33311|33312|33315|33316|33334,PFHxS,3.2,10.0,False,10000,L,FL4060486
FL,"FORT LAUDERDALE, CITY OF","FORT LAUDERDALE, CITY OF",33301,33301|33304|33305|33306|33308|33309|33311|33312|33315|33316|33334,PFOA,4.9,4.0,True,10000,L,FL4060486
FL,"FORT LAUDERDALE, CITY OF","FORT LAUDERDALE, CITY OF",33301,33301|33304|33305|33306|33308|33309|33311|33312|33315|33316|33334,PFOS,16.0,4.0,True,10000,L,FL4060486
FL,"FROSTPROOF, CITY OF","FROSTPROOF, CITY OF",33843,33843,PFHxS,3.5,10.0,False,3300,S,FL6530627
FL,"FRUITLAND PARK, CITY OF (3 WPS)","FRUITLAND PARK, CITY OF (3 WPS)",34731,34731,PFBS,3.2,2000.0,False,3300,S,FL3350427
FL,"FRUITLAND PARK, CITY OF (3 WPS)","FRUITLAND PARK, CITY OF (3 WPS)",34731,34731,PFHxS,7.2,10.0,False,3300,S,FL3350427
FL,"FRUITLAND PARK, CITY OF (3 WPS)","FRUITLAND PARK, CITY OF (3 WPS)",34731,34731,PFOS,5.3,4.0,True,3300,S,FL3350427
FL,FT. PIERCE UTILITIES AUTHORITY,FT. PIERCE UTILITIES AUTHORITY,34945,34945|34946|34947|34948|34949|34950|34951|34952|34954|34957|34981|34982|34994,PFBS,4.0,2000.0,False,10000,L,FL4560490
FL,FT. PIERCE UTILITIES AUTHORITY,FT. PIERCE UTILITIES AUTHORITY,34945,34945|34946|34947|34948|34949|34950|34951|34952|34954|34957|34981|34982|34994,PFHxS,5.1,10.0,False,10000,L,FL4560490
FL,FT. PIERCE UTILITIES AUTHORITY,FT. PIERCE UTILITIES AUTHORITY,34945,34945|34946|34947|34948|34949|34950|34951|34952|34954|34957|34981|34982|34994,PFOA,4.5,4.0,True,10000,L,FL4560490
FL,FT. PIERCE UTILITIES AUTHORITY,FT. PIERCE UTILITIES AUTHORITY,34945,34945|34946|34947|34948|34949|34950|34951|34952|34954|34957|34981|34982|34994,PFOS,12.0,4.0,True,10000,L,FL4560490
FL,"GONZALEZ UTILITIES ASSOCIATION, INC.","GONZALEZ UTILITIES ASSOCIATION, INC.",32533,32533|32560,PFOA,39.2,4.0,True,3300,S,FL1170302
FL,"GONZALEZ UTILITIES ASSOCIATION, INC.","GONZALEZ UTILITIES ASSOCIATION, INC.",32533,32533|32560,PFOS,11.3,4.0,True,3300,S,FL1170302
FL,"HALLANDALE BEACH, CITY OF","HALLANDALE BEACH, CITY OF",33009,33009,PFBS,5.3,2000.0,False,10000,L,FL4060573
FL,"HALLANDALE BEACH, CITY OF","HALLANDALE BEACH, CITY OF",33009,33009,PFHxS,5.0,10.0,False,10000,L,FL4060573
FL,"HALLANDALE BEACH, CITY OF","HALLANDALE BEACH, CITY OF",33009,33009,PFOA,7.4,4.0,True,10000,L,FL4060573
FL,"HALLANDALE BEACH, CITY OF","HALLANDALE BEACH, CITY OF",33009,33009,PFOS,27.0,4.0,True,10000,L,FL4060573
FL,HARBOR HILLS - 2 WTPS,HARBOR HILLS - 2 WTPS,32159,32159,PFHxS,6.3,10.0,False,3300,S,FL3354781
FL,HARBOR HILLS - 2 WTPS,HARBOR HILLS - 2 WTPS,32159,32159,PFOS,5.7,4.0,True,3300,S,FL3354781
FL,HAWKINS ROAD CAMP,HAWKINS ROAD CAMP,33567,33567,PFBS,4.6,2000.0,False,3300,S,FL6296141
FL,HAWKINS ROAD CAMP,HAWKINS ROAD CAMP,33567,33567,PFOS,4.7,4.0,True,3300,S,FL6296141
FL,HCPUD/PEBBLE CREEK SUBDIVISION,HCPUD/PEBBLE CREEK SUBDIVISION,33647,33647,PFBS,6.6,2000.0,False,3300,S,FL6291372
FL,HCPUD/PEBBLE CREEK SUBDIVISION,HCPUD/PEBBLE CREEK SUBDIVISION,33647,33647,PFHxS,4.0,10.0,False,3300,S,FL6291372
FL,HCPUD/PEBBLE CREEK SUBDIVISION,HCPUD/PEBBLE CREEK SUBDIVISION,33647,33647,PFOA,4.3,4.0,True,3300,S,FL6291372
FL,HCPUD/PEBBLE CREEK SUBDIVISION,HCPUD/PEBBLE CREEK SUBDIVISION,33647,33647,PFOS,7.1,4.0,True,3300,S,FL6291372
FL,HCPUD/SEABOARD UTILITIES,HCPUD/SEABOARD UTILITIES,33578,33578|33619,PFBS,6.4,2000.0,False,10000,L,FL6290333
FL,HCPUD/SEABOARD UTILITIES,HCPUD/SEABOARD UTILITIES,33578,33578|33619,PFHxS,4.2,10.0,False,10000,L,FL6290333
FL,HCPUD/SEABOARD UTILITIES,HCPUD/SEABOARD UTILITIES,33578,33578|33619,PFOA,4.5,4.0,True,10000,L,FL6290333
FL,HCPUD/SEABOARD UTILITIES,HCPUD/SEABOARD UTILITIES,33578,33578|33619,PFOS,7.1,4.0,True,10000,L,FL6290333
FL,HCPUD/SOUTH-CENTRAL,HCPUD/SOUTH-CENTRAL,33510,33510|33511|33527|33534|33547|33567|33569|33570|33572|33575|33578|33579|33584|33594|33596|33598|33619,PFBS,5.0,2000.0,False,10000,L,FL6290787
FL,HCPUD/SOUTH-CENTRAL,HCPUD/SOUTH-CENTRAL,33510,33510|33511|33527|33534|33547|33567|33569|33570|33572|33575|33578|33579|33584|33594|33596|33598|33619,PFOS,5.4,4.0,True,10000,L,FL6290787
FL,HCS/STRAWBERRY CREST HIGH/BAILEY ELEM,HCS/STRAWBERRY CREST HIGH/BAILEY ELEM,33527,33527,PFOS,14.8,4.0,True,3300,S,FL6296333
FL,HERNANDO CO UTL-EAST,HERNANDO CO UTL-EAST,33523,33523|33597|34602,PFBS,11.0,2000.0,False,3300,S,FL6277060
FL,HERNANDO CO UTL-EAST,HERNANDO CO UTL-EAST,33523,33523|33597|34602,PFOA,5.2,4.0,True,3300,S,FL6277060
FL,HERNANDO CO UTL-EAST,HERNANDO CO UTL-EAST,33523,33523|33597|34602,PFOS,16.0,4.0,True,3300,S,FL6277060
FL,HERNANDO CO UTL-WEST,HERNANDO CO UTL-WEST,34601,34601|34604|34606|34607|34608|34609|34613|34614,PFBS,7.2,2000.0,False,10000,L,FL6277059
FL,HERNANDO CO UTL-WEST,HERNANDO CO UTL-WEST,34601,34601|34604|34606|34607|34608|34609|34613|34614,PFHxS,3.3,10.0,False,10000,L,FL6277059
FL,HERNANDO CO UTL-WEST,HERNANDO CO UTL-WEST,34601,34601|34604|34606|34607|34608|34609|34613|34614,PFOA,4.4,4.0,True,10000,L,FL6277059
FL,HERNANDO CO UTL-WEST,HERNANDO CO UTL-WEST,34601,34601|34604|34606|34607|34608|34609|34613|34614,PFOS,8.6,4.0,True,10000,L,FL6277059
FL,HIALEAH GARDENS,HIALEAH GARDENS,33016,33016|33018,PFBS,3.4,2000.0,False,10000,L,FL4134365
FL,HIALEAH GARDENS,HIALEAH GARDENS,33016,33016|33018,PFOA,4.3,4.0,True,10000,L,FL4134365
FL,HIALEAH GARDENS,HIALEAH GARDENS,33016,33016|33018,PFOS,9.7,4.0,True,10000,L,FL4134365
FL,"HIALEAH, CITY OF","HIALEAH, CITY OF",33010,33010|33012|33013|33014|33015|33016|33018|33142|33147,PFBS,5.1,2000.0,False,10000,L,FL4130604
FL,"HIALEAH, CITY OF","HIALEAH, CITY OF",33010,33010|33012|33013|33014|33015|33016|33018|33142|33147,PFHxS,6.5,10.0,False,10000,L,FL4130604
FL,"HIALEAH, CITY OF","HIALEAH, CITY OF",33010,33010|33012|33013|33014|33015|33016|33018|33142|33147,PFNA,4.3,10.0,False,10000,L,FL4130604
FL,"HIALEAH, CITY OF","HIALEAH, CITY OF",33010,33010|33012|33013|33014|33015|33016|33018|33142|33147,PFOA,10.2,4.0,True,10000,L,FL4130604
FL,"HIALEAH, CITY OF","HIALEAH, CITY OF",33010,33010|33012|33013|33014|33015|33016|33018|33142|33147,PFOS,27.6,4.0,True,10000,L,FL4130604
FL,HIGH SPRINGS WTP,HIGH SPRINGS WTP,32643,32643|32655,PFBS,3.0,2000.0,False,3300,S,FL2010201
FL,HIGH SPRINGS WTP,HIGH SPRINGS WTP,32643,32643|32655,PFOS,4.3,4.0,True,3300,S,FL2010201
FL,"HOLLYWOOD, CITY OF","HOLLYWOOD, CITY OF",33004,33004|33019|33020|33021|33022|33023|33024|33312,PFBS,5.9,2000.0,False,10000,L,FL4060642
FL,"HOLLYWOOD, CITY OF","HOLLYWOOD, CITY OF",33004,33004|33019|33020|33021|33022|33023|33024|33312,PFHxS,3.8,10.0,False,10000,L,FL4060642
FL,"HOLLYWOOD, CITY OF","HOLLYWOOD, CITY OF",33004,33004|33019|33020|33021|33022|33023|33024|33312,PFOA,6.0,4.0,True,10000,L,FL4060642
FL,"HOLLYWOOD, CITY OF","HOLLYWOOD, CITY OF",33004,33004|33019|33020|33021|33022|33023|33024|33312,PFOS,20.0,4.0,True,10000,L,FL4060642
FL,"HOMESTEAD, CITY OF","HOMESTEAD, CITY OF",33030,33030|33033|33034|33035,PFBS,9.7,2000.0,False,10000,L,FL4130645
FL,"HOMESTEAD, CITY OF","HOMESTEAD, CITY OF",33030,33030|33033|33034|33035,PFOS,26.0,4.0,True,10000,L,FL4130645
FL,HUDSON WATER WORKS,HUDSON WATER WORKS,34667,34667,PFBS,5.9,2000.0,False,3300,S,FL6512226
FL,HUDSON WATER WORKS,HUDSON WATER WORKS,34667,34667,PFOA,4.3,4.0,True,3300,S,FL6512226
FL,HUDSON WATER WORKS,HUDSON WATER WORKS,34667,34667,PFOS,6.1,4.0,True,3300,S,FL6512226
FL,IMMOKALEE WATER,IMMOKALEE WATER,34142,34142,PFHxS,4.4,10.0,False,10000,L,FL5110142
FL,IMMOKALEE WATER,IMMOKALEE WATER,34142,34142,PFOA,4.2,4.0,True,10000,L,FL5110142
FL,IMMOKALEE WATER,IMMOKALEE WATER,34142,34142,PFOS,12.1,4.0,True,10000,L,FL5110142
FL,INDIANTOWN COMPANY,INDIANTOWN COMPANY,34956,34956,PFHxS,8.0,10.0,False,3300,S,FL4430667
FL,INVERNESS WATER DEPT,INVERNESS WATER DEPT,34452,34452,PFBS,3.5,2000.0,False,3300,S,FL6090861
FL,INVERNESS WATER DEPT,INVERNESS WATER DEPT,34452,34452,PFHxS,6.0,10.0,False,3300,S,FL6090861
FL,INVERNESS WATER DEPT,INVERNESS WATER DEPT,34452,34452,PFOS,9.1,4.0,True,3300,S,FL6090861
FL,"LADY LAKE CENTRAL - WPS 1,2,3","LADY LAKE CENTRAL - WPS 1,2,3",32159,32159,PFBS,20.6,2000.0,False,3300,S,FL3350977
FL,"LADY LAKE CENTRAL - WPS 1,2,3","LADY LAKE CENTRAL - WPS 1,2,3",32159,32159,PFHxS,24.1,10.0,True,3300,S,FL3350977
FL,"LADY LAKE CENTRAL - WPS 1,2,3","LADY LAKE CENTRAL - WPS 1,2,3",32159,32159,PFNA,4.0,10.0,False,3300,S,FL3350977
FL,"LADY LAKE CENTRAL - WPS 1,2,3","LADY LAKE CENTRAL - WPS 1,2,3",32159,32159,PFOA,4.8,4.0,True,3300,S,FL3350977
FL,"LADY LAKE CENTRAL - WPS 1,2,3","LADY LAKE CENTRAL - WPS 1,2,3",32159,32159,PFOS,32.4,4.0,True,3300,S,FL3350977
FL,"LAKE ALFRED, CITY OF","LAKE ALFRED, CITY OF",33850,33850,PFHxS,4.7,10.0,False,3300,S,FL6530321
FL,"LAKE ALFRED, CITY OF","LAKE ALFRED, CITY OF",33850,33850,PFOS,6.7,4.0,True,3300,S,FL6530321
FL,"LAKE MARY, CITY OF","LAKE MARY, CITY OF",32746,32746,PFBS,3.8,2000.0,False,10000,L,FL3590201
FL,"LAKE MARY, CITY OF","LAKE MARY, CITY OF",32746,32746,PFHxS,3.6,10.0,False,10000,L,FL3590201
FL,LAKE PANASOFFKEE WATER ASSN 2WPS,LAKE PANASOFFKEE WATER ASSN 2WPS,33538,33538,PFBS,12.0,2000.0,False,3300,S,FL6600990
FL,LAKE PANASOFFKEE WATER ASSN 2WPS,LAKE PANASOFFKEE WATER ASSN 2WPS,33538,33538,PFHxS,18.0,10.0,True,3300,S,FL6600990
FL,LAKE PANASOFFKEE WATER ASSN 2WPS,LAKE PANASOFFKEE WATER ASSN 2WPS,33538,33538,PFOA,6.7,4.0,True,3300,S,FL6600990
FL,LAKE PANASOFFKEE WATER ASSN 2WPS,LAKE PANASOFFKEE WATER ASSN 2WPS,33538,33538,PFOS,53.0,4.0,True,3300,S,FL6600990
FL,"LAKE PLACID, TOWN OF","LAKE PLACID, TOWN OF",33852,33852,PFOS,7.4,4.0,True,3300,S,FL6280286
FL,LAKE SUZY SUBDIVISION,LAKE SUZY SUBDIVISION,33954,33954|34266|34268|34269,PFBS,6.9,2000.0,False,3300,S,FL6144856
FL,LAKE SUZY SUBDIVISION,LAKE SUZY SUBDIVISION,33954,33954|34266|34268|34269,PFOA,5.0,4.0,True,3300,S,FL6144856
FL,LAKE SUZY SUBDIVISION,LAKE SUZY SUBDIVISION,33954,33954|34266|34268|34269,PFOS,4.5,4.0,True,3300,S,FL6144856
FL,LAKE UTILITY SERVICES INC NORTH (8 WPS),LAKE UTILITY SERVICES INC NORTH (8 WPS),34711,34711,PFBS,13.0,2000.0,False,10000,L,FL3354883
FL,LAKE UTILITY SERVICES INC NORTH (8 WPS),LAKE UTILITY SERVICES INC NORTH (8 WPS),34711,34711,PFHxS,3.7,10.0,False,10000,L,FL3354883
FL,LAKE UTILITY SERVICES INC NORTH (8 WPS),LAKE UTILITY SERVICES INC NORTH (8 WPS),34711,34711,PFOA,10.0,4.0,True,10000,L,FL3354883
FL,LAKE UTILITY SERVICES INC NORTH (8 WPS),LAKE UTILITY SERVICES INC NORTH (8 WPS),34711,34711,PFOS,14.0,4.0,True,10000,L,FL3354883
FL,"LAKE WALES, CITY OF","LAKE WALES, CITY OF",33853,33853|33859,PFBS,5.5,2000.0,False,10000,L,FL6532234
FL,"LAKE WALES, CITY OF","LAKE WALES, CITY OF",33853,33853|33859,PFHxS,3.6,10.0,False,10000,L,FL6532234
FL,"LAKE WALES, CITY OF","LAKE WALES, CITY OF",33853,33853|33859,PFOA,8.0,4.0,True,10000,L,FL6532234
FL,"LAKE WALES, CITY OF","LAKE WALES, CITY OF",33853,33853|33859,PFOS,7.7,4.0,True,10000,L,FL6532234
FL,LAKE WORTH BEACH UTILITIES,LAKE WORTH BEACH UTILITIES,33460,33460|33461|33462,PFBS,3.6,2000.0,False,10000,L,FL4500773
FL,LAKE WORTH BEACH UTILITIES,LAKE WORTH BEACH UTILITIES,33460,33460|33461|33462,PFHxS,6.1,10.0,False,10000,L,FL4500773
FL,LAKE WORTH BEACH UTILITIES,LAKE WORTH BEACH UTILITIES,33460,33460|33461|33462,PFOA,4.1,4.0,True,10000,L,FL4500773
FL,LAKE WORTH BEACH UTILITIES,LAKE WORTH BEACH UTILITIES,33460,33460|33461|33462,PFOS,12.0,4.0,True,10000,L,FL4500773
FL,LANTANA WATER TREATMENT PLANT,LANTANA WATER TREATMENT PLANT,33462,33462,PFBS,10.8,2000.0,False,3300,S,FL4500784
FL,LANTANA WATER TREATMENT PLANT,LANTANA WATER TREATMENT PLANT,33462,33462,PFHxS,8.8,10.0,False,3300,S,FL4500784
FL,LANTANA WATER TREATMENT PLANT,LANTANA WATER TREATMENT PLANT,33462,33462,PFNA,6.8,10.0,False,3300,S,FL4500784
FL,LANTANA WATER TREATMENT PLANT,LANTANA WATER TREATMENT PLANT,33462,33462,PFOA,11.6,4.0,True,3300,S,FL4500784
FL,LANTANA WATER TREATMENT PLANT,LANTANA WATER TREATMENT PLANT,33462,33462,PFOS,35.7,4.0,True,3300,S,FL4500784
FL,"LAUDERHILL, CITY OF","LAUDERHILL, CITY OF",33311,33311|33313|33319|33351,PFBS,8.1,2000.0,False,10000,L,FL4060787
FL,"LAUDERHILL, CITY OF","LAUDERHILL, CITY OF",33311,33311|33313|33319|33351,PFHxS,8.3,10.0,False,10000,L,FL4060787
FL,"LAUDERHILL, CITY OF","LAUDERHILL, CITY OF",33311,33311|33313|33319|33351,PFOA,12.0,4.0,True,10000,L,FL4060787
FL,"LAUDERHILL, CITY OF","LAUDERHILL, CITY OF",33311,33311|33313|33319|33351,PFOS,37.0,4.0,True,10000,L,FL4060787
FL,LEE COUNTY UTILITIES,LEE COUNTY UTILITIES,33903,33903|33905|33907|33908|33912|33913|33916|33917|33919|33920|33928|33931|33965|33966|33967,PFBS,5.1,2000.0,False,10000,L,FL5364048
FL,LEE COUNTY UTILITIES,LEE COUNTY UTILITIES,33903,33903|33905|33907|33908|33912|33913|33916|33917|33919|33920|33928|33931|33965|33966|33967,PFOA,4.2,4.0,True,10000,L,FL5364048
FL,LEE COUNTY UTILITIES,LEE COUNTY UTILITIES,33903,33903|33905|33907|33908|33912|33913|33916|33917|33919|33920|33928|33931|33965|33966|33967,PFOS,5.9,4.0,True,10000,L,FL5364048
FL,LEESBURG EAST (2WPS),LEESBURG EAST (2WPS),34748,34748|34788,PFHxS,3.7,10.0,False,3300,S,FL3351566
FL,LEESBURG EAST (2WPS),LEESBURG EAST (2WPS),34748,34748|34788,PFOA,4.4,4.0,True,3300,S,FL3351566
FL,LEESBURG EAST (2WPS),LEESBURG EAST (2WPS),34748,34748|34788,PFOS,11.0,4.0,True,3300,S,FL3351566
FL,"LEESBURG, CITY OF","LEESBURG, CITY OF",34748,34748,PFHxS,3.9,10.0,False,10000,L,FL3350745
FL,"LEESBURG, CITY OF","LEESBURG, CITY OF",34748,34748,PFOS,4.8,4.0,True,10000,L,FL3350745
FL,LITTLE SUMTER UTILITIES 3WPS,LITTLE SUMTER UTILITIES 3WPS,32159,32159|32162,PFBS,8.9,2000.0,False,10000,L,FL6604862
FL,LITTLE SUMTER UTILITIES 3WPS,LITTLE SUMTER UTILITIES 3WPS,32159,32159|32162,PFOA,4.5,4.0,True,10000,L,FL6604862
FL,LITTLE SUMTER UTILITIES 3WPS,LITTLE SUMTER UTILITIES 3WPS,32159,32159|32162,PFOS,4.6,4.0,True,10000,L,FL6604862
FL,MARCO ISLAND UTILITIES (CITY OF),MARCO ISLAND UTILITIES (CITY OF),34114,34114|34140|34145,PFBS,4.7,2000.0,False,10000,L,FL5110183
FL,MARCO ISLAND UTILITIES (CITY OF),MARCO ISLAND UTILITIES (CITY OF),34114,34114|34140|34145,PFOA,6.6,4.0,True,10000,L,FL5110183
FL,MARCO ISLAND UTILITIES (CITY OF),MARCO ISLAND UTILITIES (CITY OF),34114,34114|34140|34145,PFOS,8.0,4.0,True,10000,L,FL5110183
FL,"MARIANNA, CITY OF","MARIANNA, CITY OF",32446,32446|32447|32448,PFBS,3.4,2000.0,False,3300,S,FL1320449
FL,"MARIANNA, CITY OF","MARIANNA, CITY OF",32446,32446|32447|32448,PFHxS,4.4,10.0,False,3300,S,FL1320449
FL,"MARIANNA, CITY OF","MARIANNA, CITY OF",32446,32446|32447|32448,PFOS,9.4,4.0,True,3300,S,FL1320449
FL,MDWASA - MAIN SYSTEM,MDWASA - MAIN SYSTEM,33031,33031|33032|33033|33101|33109|33116|33122|33125|33126|33127|33128|33129|33130|33131|33132|33133|33134|33135|33136|33137|33138|33139|33140|33141|33142|33143|33144|33145|33146|33147|33149|33150|33151|33152|33153|33154|33155|33156|33157|33158|33160|33161|33162|33165|33166|33167|33168|33169|33170|33172|33173|33174|33175|33176|33177|33178|33179|33180|33181|33182|33183|33184|33185|33186|33187|33189|33190|33192|33193|33194|33196|33197|33283,PFBS,4.6,2000.0,False,10000,L,FL4130871
FL,MDWASA - MAIN SYSTEM,MDWASA - MAIN SYSTEM,33031,33031|33032|33033|33101|33109|33116|33122|33125|33126|33127|33128|33129|33130|33131|33132|33133|33134|33135|33136|33137|33138|33139|33140|33141|33142|33143|33144|33145|33146|33147|33149|33150|33151|33152|33153|33154|33155|33156|33157|33158|33160|33161|33162|33165|33166|33167|33168|33169|33170|33172|33173|33174|33175|33176|33177|33178|33179|33180|33181|33182|33183|33184|33185|33186|33187|33189|33190|33192|33193|33194|33196|33197|33283,PFHxS,9.4,10.0,False,10000,L,FL4130871
FL,MDWASA - MAIN SYSTEM,MDWASA - MAIN SYSTEM,33031,33031|33032|33033|33101|33109|33116|33122|33125|33126|33127|33128|33129|33130|33131|33132|33133|33134|33135|33136|33137|33138|33139|33140|33141|33142|33143|33144|33145|33146|33147|33149|33150|33151|33152|33153|33154|33155|33156|33157|33158|33160|33161|33162|33165|33166|33167|33168|33169|33170|33172|33173|33174|33175|33176|33177|33178|33179|33180|33181|33182|33183|33184|33185|33186|33187|33189|33190|33192|33193|33194|33196|33197|33283,PFNA,6.5,10.0,False,10000,L,FL4130871
FL,MDWASA - MAIN SYSTEM,MDWASA - MAIN SYSTEM,33031,33031|33032|33033|33101|33109|33116|33122|33125|33126|33127|33128|33129|33130|33131|33132|33133|33134|33135|33136|33137|33138|33139|33140|33141|33142|33143|33144|33145|33146|33147|33149|33150|33151|33152|33153|33154|33155|33156|33157|33158|33160|33161|33162|33165|33166|33167|33168|33169|33170|33172|33173|33174|33175|33176|33177|33178|33179|33180|33181|33182|33183|33184|33185|33186|33187|33189|33190|33192|33193|33194|33196|33197|33283,PFOA,14.0,4.0,True,10000,L,FL4130871
FL,MDWASA - MAIN SYSTEM,MDWASA - MAIN SYSTEM,33031,33031|33032|33033|33101|33109|33116|33122|33125|33126|33127|33128|33129|33130|33131|33132|33133|33134|33135|33136|33137|33138|33139|33140|33141|33142|33143|33144|33145|33146|33147|33149|33150|33151|33152|33153|33154|33155|33156|33157|33158|33160|33161|33162|33165|33166|33167|33168|33169|33170|33172|33173|33174|33175|33176|33177|33178|33179|33180|33181|33182|33183|33184|33185|33186|33187|33189|33190|33192|33193|33194|33196|33197|33283,PFOS,33.0,4.0,True,10000,L,FL4130871
FL,MDWASA/REX UTILITIES,MDWASA/REX UTILITIES,33010,33010|33014|33015|33016|33018|33030|33031|33032|33033|33034|33035|33039|33054|33055|33056,PFBS,17.0,2000.0,False,10000,L,FL4131202
FL,MDWASA/REX UTILITIES,MDWASA/REX UTILITIES,33010,33010|33014|33015|33016|33018|33030|33031|33032|33033|33034|33035|33039|33054|33055|33056,PFHxS,3.8,10.0,False,10000,L,FL4131202
FL,MDWASA/REX UTILITIES,MDWASA/REX UTILITIES,33010,33010|33014|33015|33016|33018|33030|33031|33032|33033|33034|33035|33039|33054|33055|33056,PFOA,10.6,4.0,True,10000,L,FL4131202
FL,MDWASA/REX UTILITIES,MDWASA/REX UTILITIES,33010,33010|33014|33015|33016|33018|33030|33031|33032|33033|33034|33035|33039|33054|33055|33056,PFOS,37.4,4.0,True,10000,L,FL4131202
FL,"MELBOURNE, CITY OF","MELBOURNE, CITY OF",32901,32901|32903|32904|32934|32935|32937|32940|32951,PFBS,4.0,2000.0,False,10000,L,FL3051447
FL,"MIAMI BEACH, CITY OF","MIAMI BEACH, CITY OF",33139,33139|33140|33141,PFBS,3.5,2000.0,False,10000,L,FL4130901
FL,"MIAMI BEACH, CITY OF","MIAMI BEACH, CITY OF",33139,33139|33140|33141,PFHxS,5.6,10.0,False,10000,L,FL4130901
FL,"MIAMI BEACH, CITY OF","MIAMI BEACH, CITY OF",33139,33139|33140|33141,PFOA,7.8,4.0,True,10000,L,FL4130901
FL,"MIAMI BEACH, CITY OF","MIAMI BEACH, CITY OF",33139,33139|33140|33141,PFOS,24.0,4.0,True,10000,L,FL4130901
FL,MIAMI INTL AIRPORT,MIAMI INTL AIRPORT,33122,33122,PFBS,3.6,2000.0,False,10000,L,FL4134513
FL,MIAMI INTL AIRPORT,MIAMI INTL AIRPORT,33122,33122,PFOA,5.4,4.0,True,10000,L,FL4134513
FL,MIAMI INTL AIRPORT,MIAMI INTL AIRPORT,33122,33122,PFOS,12.0,4.0,True,10000,L,FL4134513
FL,"MIDWAY WATER SYSTEM, INC.","MIDWAY WATER SYSTEM, INC.",32563,32563,PFHxS,5.8,10.0,False,10000,L,FL1570470
FL,"MIDWAY WATER SYSTEM, INC.","MIDWAY WATER SYSTEM, INC.",32563,32563,PFOA,11.0,4.0,True,10000,L,FL1570470
FL,"MILTON, CITY OF WATER SYSTEM","MILTON, CITY OF WATER SYSTEM",32570,32570,PFBS,3.1,2000.0,False,10000,L,FL1570146
FL,MIMS WATER TREATMENT / NORTH BREVARD CO.,MIMS WATER TREATMENT / NORTH BREVARD CO.,32754,32754|32796,PFBS,5.4,2000.0,False,3300,S,FL3050834
FL,MIMS WATER TREATMENT / NORTH BREVARD CO.,MIMS WATER TREATMENT / NORTH BREVARD CO.,32754,32754|32796,PFHxS,4.2,10.0,False,3300,S,FL3050834
FL,MIMS WATER TREATMENT / NORTH BREVARD CO.,MIMS WATER TREATMENT / NORTH BREVARD CO.,32754,32754|32796,PFOA,8.2,4.0,True,3300,S,FL3050834
FL,MIMS WATER TREATMENT / NORTH BREVARD CO.,MIMS WATER TREATMENT / NORTH BREVARD CO.,32754,32754|32796,PFOS,15.0,4.0,True,3300,S,FL3050834
FL,MINNEOLA WATER DEPARTMENT (2 WPS),MINNEOLA WATER DEPARTMENT (2 WPS),34755,34755,PFBS,7.1,2000.0,False,10000,L,FL3350836
FL,MINNEOLA WATER DEPARTMENT (2 WPS),MINNEOLA WATER DEPARTMENT (2 WPS),34755,34755,PFHxS,6.1,10.0,False,10000,L,FL3350836
FL,MINNEOLA WATER DEPARTMENT (2 WPS),MINNEOLA WATER DEPARTMENT (2 WPS),34755,34755,PFOA,4.0,4.0,False,10000,L,FL3350836
FL,MINNEOLA WATER DEPARTMENT (2 WPS),MINNEOLA WATER DEPARTMENT (2 WPS),34755,34755,PFOS,6.9,4.0,True,10000,L,FL3350836
FL,MOORE CREEK MOUNT CARMEL UTILITIES,MOORE CREEK MOUNT CARMEL UTILITIES,32565,32565,PFHxS,14.5,10.0,True,3300,S,FL1570479
FL,MOORE CREEK MOUNT CARMEL UTILITIES,MOORE CREEK MOUNT CARMEL UTILITIES,32565,32565,PFOS,30.2,4.0,True,3300,S,FL1570479
FL,"MOUNT DORA, CITY OF (2WPS)","MOUNT DORA, CITY OF (2WPS)",32757,32757,PFBS,4.2,2000.0,False,10000,L,FL3350858
FL,"MOUNT DORA, CITY OF (2WPS)","MOUNT DORA, CITY OF (2WPS)",32757,32757,PFHxS,5.2,10.0,False,10000,L,FL3350858
FL,"MOUNT DORA, CITY OF (2WPS)","MOUNT DORA, CITY OF (2WPS)",32757,32757,PFOA,5.5,4.0,True,10000,L,FL3350858
FL,NAPLES WATER DEPT,NAPLES WATER DEPT,34102,34102|34103|34104|34105|34112,PFBS,3.7,2000.0,False,10000,L,FL5110198
FL,NAPLES WATER DEPT,NAPLES WATER DEPT,34102,34102|34103|34104|34105|34112,PFOA,4.2,4.0,True,10000,L,FL5110198
FL,NAPLES WATER DEPT,NAPLES WATER DEPT,34102,34102|34103|34104|34105|34112,PFOS,11.0,4.0,True,10000,L,FL5110198
FL,NAS PENSACOLA / CORRY STATION,NAS PENSACOLA / CORRY STATION,32506,32506|32507|32508|32511|32512,PFBS,4.7,2000.0,False,10000,L,FL1170814
FL,NAS PENSACOLA / CORRY STATION,NAS PENSACOLA / CORRY STATION,32506,32506|32507|32508|32511|32512,PFHxS,10.0,10.0,False,10000,L,FL1170814
FL,NAS PENSACOLA / CORRY STATION,NAS PENSACOLA / CORRY STATION,32506,32506|32507|32508|32511|32512,PFOA,13.0,4.0,True,10000,L,FL1170814
FL,NAS PENSACOLA / CORRY STATION,NAS PENSACOLA / CORRY STATION,32506,32506|32507|32508|32511|32512,PFOS,10.0,4.0,True,10000,L,FL1170814
FL,NEWBERRY WTP,NEWBERRY WTP,32669,32669,PFBS,4.4,2000.0,False,3300,S,FL2010207
FL,NEWBERRY WTP,NEWBERRY WTP,32669,32669,PFOA,4.8,4.0,True,3300,S,FL2010207
FL,"NORTH BAY VILLAGE, CITY OF","NORTH BAY VILLAGE, CITY OF",33141,33141,PFBS,6.5,2000.0,False,3300,S,FL4130970
FL,"NORTH BAY VILLAGE, CITY OF","NORTH BAY VILLAGE, CITY OF",33141,33141,PFHxS,9.1,10.0,False,3300,S,FL4130970
FL,"NORTH BAY VILLAGE, CITY OF","NORTH BAY VILLAGE, CITY OF",33141,33141,PFNA,5.6,10.0,False,3300,S,FL4130970
FL,"NORTH BAY VILLAGE, CITY OF","NORTH BAY VILLAGE, CITY OF",33141,33141,PFOA,14.2,4.0,True,3300,S,FL4130970
FL,"NORTH BAY VILLAGE, CITY OF","NORTH BAY VILLAGE, CITY OF",33141,33141,PFOS,43.3,4.0,True,3300,S,FL4130970
FL,NORTH HUTCHINSON ISLAND,NORTH HUTCHINSON ISLAND,34949,34949,PFBS,5.3,2000.0,False,3300,S,FL4560971
FL,NORTH HUTCHINSON ISLAND,NORTH HUTCHINSON ISLAND,34949,34949,PFHxS,5.3,10.0,False,3300,S,FL4560971
FL,NORTH HUTCHINSON ISLAND,NORTH HUTCHINSON ISLAND,34949,34949,PFOA,5.9,4.0,True,3300,S,FL4560971
FL,NORTH HUTCHINSON ISLAND,NORTH HUTCHINSON ISLAND,34949,34949,PFOS,13.4,4.0,True,3300,S,FL4560971
FL,"NORTH LAUDERDALE, CITY OF","NORTH LAUDERDALE, CITY OF",33068,33068,PFBS,4.3,2000.0,False,10000,L,FL4060976
FL,"NORTH LAUDERDALE, CITY OF","NORTH LAUDERDALE, CITY OF",33068,33068,PFHxS,6.3,10.0,False,10000,L,FL4060976
FL,"NORTH LAUDERDALE, CITY OF","NORTH LAUDERDALE, CITY OF",33068,33068,PFOA,7.5,4.0,True,10000,L,FL4060976
FL,"NORTH LAUDERDALE, CITY OF","NORTH LAUDERDALE, CITY OF",33068,33068,PFOS,29.0,4.0,True,10000,L,FL4060976
FL,NORTH MIAMI BEACH,NORTH MIAMI BEACH,33054,33054|33056|33154|33160|33161|33162|33167|33168|33169|33179|33180|33181,PFBS,6.9,2000.0,False,10000,L,FL4131618
FL,NORTH MIAMI BEACH,NORTH MIAMI BEACH,33054,33054|33056|33154|33160|33161|33162|33167|33168|33169|33179|33180|33181,PFOA,5.3,4.0,True,10000,L,FL4131618
FL,NORTH MIAMI BEACH,NORTH MIAMI BEACH,33054,33054|33056|33154|33160|33161|33162|33167|33168|33169|33179|33180|33181,PFOS,20.0,4.0,True,10000,L,FL4131618
FL,"NORTH MIAMI, CITY OF","NORTH MIAMI, CITY OF",33160,33160|33161|33167|33168|33181,PFBS,21.0,2000.0,False,10000,L,FL4130977
FL,"NORTH MIAMI, CITY OF","NORTH MIAMI, CITY OF",33160,33160|33161|33167|33168|33181,PFHxS,8.6,10.0,False,10000,L,FL4130977
FL,"NORTH MIAMI, CITY OF","NORTH MIAMI, CITY OF",33160,33160|33161|33167|33168|33181,PFOA,12.0,4.0,True,10000,L,FL4130977
FL,"NORTH MIAMI, CITY OF","NORTH MIAMI, CITY OF",33160,33160|33161|33167|33168|33181,PFOS,45.0,4.0,True,10000,L,FL4130977
FL,NORTH PORT UTILITIES,NORTH PORT UTILITIES,34286,34286|34287|34288|34290|34291|34293,PFBS,6.7,2000.0,False,10000,L,FL6580651
FL,NORTH PORT UTILITIES,NORTH PORT UTILITIES,34286,34286|34287|34288|34290|34291|34293,PFOA,5.5,4.0,True,10000,L,FL6580651
FL,NORTH PORT UTILITIES,NORTH PORT UTILITIES,34286,34286|34287|34288|34290|34291|34293,PFOS,4.1,4.0,True,10000,L,FL6580651
FL,NORTH SUMTER UTILITY 3WPS,NORTH SUMTER UTILITY 3WPS,32162,32162,PFBS,9.7,2000.0,False,10000,L,FL6605012
FL,NORTH SUMTER UTILITY 3WPS,NORTH SUMTER UTILITY 3WPS,32162,32162,PFOS,5.2,4.0,True,10000,L,FL6605012
FL,NORTHEAST,NORTHEAST,33837,33837|33896,PFBS,5.3,2000.0,False,10000,L,FL6530617
FL,NORTHEAST,NORTHEAST,33837,33837|33896,PFHxS,3.8,10.0,False,10000,L,FL6530617
FL,NORTHEAST,NORTHEAST,33837,33837|33896,PFOA,12.0,4.0,True,10000,L,FL6530617
FL,NORTHEAST,NORTHEAST,33837,33837|33896,PFOS,12.8,4.0,True,10000,L,FL6530617
FL,OAKLAND HILLS,OAKLAND HILLS,32159,32159,PFBS,7.1,2000.0,False,3300,S,FL6604824
FL,OAKLAND HILLS,OAKLAND HILLS,32159,32159,PFOA,4.2,4.0,True,3300,S,FL6604824
FL,OAKLAND HILLS,OAKLAND HILLS,32159,32159,PFOS,5.3,4.0,True,3300,S,FL6604824
FL,OAKLAND TOWN OF,OAKLAND TOWN OF,34760,34760,PFBS,4.4,2000.0,False,3300,S,FL3480913
FL,OAKLAND TOWN OF,OAKLAND TOWN OF,34760,34760,PFOS,5.2,4.0,True,3300,S,FL3480913
FL,OCALA HEIGHTS S/D,OCALA HEIGHTS S/D,34470,34470|34471|34472|34475|34476|34479|34480,PFBS,5.8,2000.0,False,3300,S,FL3424651
FL,OCALA HEIGHTS S/D,OCALA HEIGHTS S/D,34470,34470|34471|34472|34475|34476|34479|34480,PFHxS,4.3,10.0,False,3300,S,FL3424651
FL,OCALA HEIGHTS S/D,OCALA HEIGHTS S/D,34470,34470|34471|34472|34475|34476|34479|34480,PFOA,6.2,4.0,True,3300,S,FL3424651
FL,OCALA HEIGHTS S/D,OCALA HEIGHTS S/D,34470,34470|34471|34472|34475|34476|34479|34480,PFOS,6.4,4.0,True,3300,S,FL3424651
FL,"OCALA, CITY OF (2 WTPS)","OCALA, CITY OF (2 WTPS)",34470,34470|34471|34474|34475|34479|34480|34481|34482|34488,PFBS,8.5,2000.0,False,10000,L,FL3420922
FL,"OCALA, CITY OF (2 WTPS)","OCALA, CITY OF (2 WTPS)",34470,34470|34471|34474|34475|34479|34480|34481|34482|34488,PFHxS,42.0,10.0,True,10000,L,FL3420922
FL,"OCALA, CITY OF (2 WTPS)","OCALA, CITY OF (2 WTPS)",34470,34470|34471|34474|34475|34479|34480|34481|34482|34488,PFOA,6.5,4.0,True,10000,L,FL3420922
FL,"OCALA, CITY OF (2 WTPS)","OCALA, CITY OF (2 WTPS)",34470,34470|34471|34474|34475|34479|34480|34481|34482|34488,PFOS,39.0,4.0,True,10000,L,FL3420922
FL,"OCOEE, CITY OF (2 WPS)","OCOEE, CITY OF (2 WPS)",34761,34761,PFBS,6.9,2000.0,False,10000,L,FL3480204
FL,"OCOEE, CITY OF (2 WPS)","OCOEE, CITY OF (2 WPS)",34761,34761,PFHxS,4.0,10.0,False,10000,L,FL3480204
FL,"OCOEE, CITY OF (2 WPS)","OCOEE, CITY OF (2 WPS)",34761,34761,PFOA,12.0,4.0,True,10000,L,FL3480204
FL,"OCOEE, CITY OF (2 WPS)","OCOEE, CITY OF (2 WPS)",34761,34761,PFOS,9.9,4.0,True,10000,L,FL3480204
FL,OCUD/WESTERN REGIONAL WTR SYS (4 WPS),OCUD/WESTERN REGIONAL WTR SYS (4 WPS),32703,32703|32712|32751|32808|32810|32818|32819|32830|32835|32836|34734|34747|34761|34786|34787,PFOS,5.0,4.0,True,10000,L,FL3481546
FL,OKEECHOBEE UTILITY AUTHORITY,OKEECHOBEE UTILITY AUTHORITY,34972,34972|34974,PFBS,5.0,2000.0,False,10000,L,FL4470257
FL,OKEECHOBEE UTILITY AUTHORITY,OKEECHOBEE UTILITY AUTHORITY,34972,34972|34974,PFHxS,3.0,10.0,False,10000,L,FL4470257
FL,"ON TOP OF THE WORLD COMMUNITIES, LLC","ON TOP OF THE WORLD COMMUNITIES, LLC",34476,34476|34481,PFBS,5.8,2000.0,False,10000,L,FL6424619
FL,"ON TOP OF THE WORLD COMMUNITIES, LLC","ON TOP OF THE WORLD COMMUNITIES, LLC",34476,34476|34481,PFOS,4.8,4.0,True,10000,L,FL6424619
FL,"OPA LOCKA, CITY OF","OPA LOCKA, CITY OF",33054,33054|33056,PFBS,3.8,2000.0,False,10000,L,FL4131001
FL,"OPA LOCKA, CITY OF","OPA LOCKA, CITY OF",33054,33054|33056,PFOS,11.0,4.0,True,10000,L,FL4131001
FL,ORANGE CITY UTILITIES,ORANGE CITY UTILITIES,32763,32763,PFBS,5.6,2000.0,False,3300,S,FL3640946
FL,ORANGE CITY UTILITIES,ORANGE CITY UTILITIES,32763,32763,PFHxS,9.5,10.0,False,3300,S,FL3640946
FL,ORANGE CITY UTILITIES,ORANGE CITY UTILITIES,32763,32763,PFOA,5.6,4.0,True,3300,S,FL3640946
FL,ORANGE CITY UTILITIES,ORANGE CITY UTILITIES,32763,32763,PFOS,14.4,4.0,True,3300,S,FL3640946
FL,ORANGEWOOD WATER SYSTEM,ORANGEWOOD WATER SYSTEM,34690,34690|34691,PFBS,22.7,2000.0,False,3300,S,FL6511311
FL,ORANGEWOOD WATER SYSTEM,ORANGEWOOD WATER SYSTEM,34690,34690|34691,PFHxS,12.9,10.0,True,3300,S,FL6511311
FL,ORANGEWOOD WATER SYSTEM,ORANGEWOOD WATER SYSTEM,34690,34690|34691,PFNA,6.2,10.0,False,3300,S,FL6511311
FL,ORANGEWOOD WATER SYSTEM,ORANGEWOOD WATER SYSTEM,34690,34690|34691,PFOA,27.1,4.0,True,3300,S,FL6511311
FL,ORANGEWOOD WATER SYSTEM,ORANGEWOOD WATER SYSTEM,34690,34690|34691,PFOS,80.8,4.0,True,3300,S,FL6511311
FL,"PACE WATER SYSTEM, INC.","PACE WATER SYSTEM, INC.",32570,32570|32571|32583,PFHxS,8.8,10.0,False,10000,L,FL1570671
FL,"PACE WATER SYSTEM, INC.","PACE WATER SYSTEM, INC.",32570,32570|32571|32583,PFOS,8.3,4.0,True,10000,L,FL1570671
FL,"PALM BAY, CITY OF","PALM BAY, CITY OF",32905,32905|32907|32908|32909,PFBS,6.5,2000.0,False,10000,L,FL3050442
FL,"PALM BAY, CITY OF","PALM BAY, CITY OF",32905,32905|32907|32908|32909,PFHxS,4.9,10.0,False,10000,L,FL3050442
FL,"PALM BAY, CITY OF","PALM BAY, CITY OF",32905,32905|32907|32908|32909,PFOA,8.5,4.0,True,10000,L,FL3050442
FL,"PALM BAY, CITY OF","PALM BAY, CITY OF",32905,32905|32907|32908|32909,PFOS,9.5,4.0,True,10000,L,FL3050442
FL,PALM BEACH COUNTY WATER UTILITIES,PALM BEACH COUNTY WATER UTILITIES,33065,33065|33137|33323|33401|33402|33403|33404|33405|33406|33407|33408|33409|33410|33411|33412|33413|33414|33415|33416|33417|33419|33420|33421|33422|33424|33425|33426|33427|33428|33431|33432|33433|33434|33435|33436|33437|33444|33445|33446|33449|33460|33461|33462|33463|33464|33466|33467|33469|33470|33471|33472|33473|33474|33478|33480|33483|33484|33486|33487|33496|33498|33646|33743,PFBS,6.1,2000.0,False,10000,L,FL4504393
FL,PALM BEACH COUNTY WATER UTILITIES,PALM BEACH COUNTY WATER UTILITIES,33065,33065|33137|33323|33401|33402|33403|33404|33405|33406|33407|33408|33409|33410|33411|33412|33413|33414|33415|33416|33417|33419|33420|33421|33422|33424|33425|33426|33427|33428|33431|33432|33433|33434|33435|33436|33437|33444|33445|33446|33449|33460|33461|33462|33463|33464|33466|33467|33469|33470|33471|33472|33473|33474|33478|33480|33483|33484|33486|33487|33496|33498|33646|33743,PFHxS,6.4,10.0,False,10000,L,FL4504393
FL,PALM BEACH COUNTY WATER UTILITIES,PALM BEACH COUNTY WATER UTILITIES,33065,33065|33137|33323|33401|33402|33403|33404|33405|33406|33407|33408|33409|33410|33411|33412|33413|33414|33415|33416|33417|33419|33420|33421|33422|33424|33425|33426|33427|33428|33431|33432|33433|33434|33435|33436|33437|33444|33445|33446|33449|33460|33461|33462|33463|33464|33466|33467|33469|33470|33471|33472|33473|33474|33478|33480|33483|33484|33486|33487|33496|33498|33646|33743,PFOA,9.0,4.0,True,10000,L,FL4504393
FL,PALM BEACH COUNTY WATER UTILITIES,PALM BEACH COUNTY WATER UTILITIES,33065,33065|33137|33323|33401|33402|33403|33404|33405|33406|33407|33408|33409|33410|33411|33412|33413|33414|33415|33416|33417|33419|33420|33421|33422|33424|33425|33426|33427|33428|33431|33432|33433|33434|33435|33436|33437|33444|33445|33446|33449|33460|33461|33462|33463|33464|33466|33467|33469|33470|33471|33472|33473|33474|33478|33480|33483|33484|33486|33487|33496|33498|33646|33743,PFOS,20.0,4.0,True,10000,L,FL4504393
FL,"PALM SPRINGS, VILLAGE OF","PALM SPRINGS, VILLAGE OF",33406,33406|33415|33461,PFBS,16.0,2000.0,False,10000,L,FL4501058
FL,"PALM SPRINGS, VILLAGE OF","PALM SPRINGS, VILLAGE OF",33406,33406|33415|33461,PFHxS,11.0,10.0,True,10000,L,FL4501058
FL,"PALM SPRINGS, VILLAGE OF","PALM SPRINGS, VILLAGE OF",33406,33406|33415|33461,PFOA,16.0,4.0,True,10000,L,FL4501058
FL,"PALM SPRINGS, VILLAGE OF","PALM SPRINGS, VILLAGE OF",33406,33406|33415|33461,PFOS,39.0,4.0,True,10000,L,FL4501058
FL,PCUD-PASCO COUNTY REGIONAL PWS,PCUD-PASCO COUNTY REGIONAL PWS,33541,33541|33543|33544|33576|34610|34638|34654|34655|34667|34690|34691,PFBS,8.7,2000.0,False,10000,L,FL6511361
FL,PCUD-PASCO COUNTY REGIONAL PWS,PCUD-PASCO COUNTY REGIONAL PWS,33541,33541|33543|33544|33576|34610|34638|34654|34655|34667|34690|34691,PFOS,8.1,4.0,True,10000,L,FL6511361
FL,"PEMBROKE PINES, CITY OF","PEMBROKE PINES, CITY OF",33024,33024|33026,PFBS,9.8,2000.0,False,10000,L,FL4061083
FL,"PEMBROKE PINES, CITY OF","PEMBROKE PINES, CITY OF",33024,33024|33026,PFHxS,9.1,10.0,False,10000,L,FL4061083
FL,"PEMBROKE PINES, CITY OF","PEMBROKE PINES, CITY OF",33024,33024|33026,PFOA,14.4,4.0,True,10000,L,FL4061083
FL,"PEMBROKE PINES, CITY OF","PEMBROKE PINES, CITY OF",33024,33024|33026,PFOS,34.7,4.0,True,10000,L,FL4061083
FL,PEOPLES WATER SERVICE COMPANY,PEOPLES WATER SERVICE COMPANY,32506,32506|32507,PFBS,4.9,2000.0,False,10000,L,FL1170527
FL,PEOPLES WATER SERVICE COMPANY,PEOPLES WATER SERVICE COMPANY,32506,32506|32507,PFHxS,11.0,10.0,True,10000,L,FL1170527
FL,PEOPLES WATER SERVICE COMPANY,PEOPLES WATER SERVICE COMPANY,32506,32506|32507,PFOA,12.0,4.0,True,10000,L,FL1170527
FL,PEOPLES WATER SERVICE COMPANY,PEOPLES WATER SERVICE COMPANY,32506,32506|32507,PFOS,31.0,4.0,True,10000,L,FL1170527
FL,PERRY WATER SYSTEM,PERRY WATER SYSTEM,32347,32347,PFBS,3.0,2000.0,False,3300,S,FL2620208
FL,PERRY WATER SYSTEM,PERRY WATER SYSTEM,32347,32347,PFOS,7.0,4.0,True,3300,S,FL2620208
FL,PLURIS-SOUTH GATE UTILITIES,PLURIS-SOUTH GATE UTILITIES,34239,34239,PFBS,5.4,2000.0,False,10000,L,FL6588003
FL,PLURIS-SOUTH GATE UTILITIES,PLURIS-SOUTH GATE UTILITIES,34239,34239,PFOA,4.2,4.0,True,10000,L,FL6588003
FL,"POINT BAKER WATER SYSTEM, INC.","POINT BAKER WATER SYSTEM, INC.",32565,32565|32570,PFHxS,3.0,10.0,False,3300,S,FL1570540
FL,"POMPANO BEACH, CITY OF","POMPANO BEACH, CITY OF",33062,33062|33064|33069|33308,PFBS,4.5,2000.0,False,10000,L,FL4061129
FL,"POMPANO BEACH, CITY OF","POMPANO BEACH, CITY OF",33062,33062|33064|33069|33308,PFHxS,5.3,10.0,False,10000,L,FL4061129
FL,"POMPANO BEACH, CITY OF","POMPANO BEACH, CITY OF",33062,33062|33064|33069|33308,PFOA,6.6,4.0,True,10000,L,FL4061129
FL,"POMPANO BEACH, CITY OF","POMPANO BEACH, CITY OF",33062,33062|33064|33069|33308,PFOS,20.0,4.0,True,10000,L,FL4061129
FL,PORT RICHEY WATER DEPT-CITY OF,PORT RICHEY WATER DEPT-CITY OF,34668,34668,PFBS,7.6,2000.0,False,3300,S,FL6510324
FL,PORT RICHEY WATER DEPT-CITY OF,PORT RICHEY WATER DEPT-CITY OF,34668,34668,PFHxS,4.5,10.0,False,3300,S,FL6510324
FL,PORT RICHEY WATER DEPT-CITY OF,PORT RICHEY WATER DEPT-CITY OF,34668,34668,PFOA,4.9,4.0,True,3300,S,FL6510324
FL,PORT RICHEY WATER DEPT-CITY OF,PORT RICHEY WATER DEPT-CITY OF,34668,34668,PFOS,20.0,4.0,True,3300,S,FL6510324
FL,"RIVIERA BEACH UTILITY DISTRICT, CITY OF","RIVIERA BEACH UTILITY DISTRICT, CITY OF",33404,33404,PFBS,3.8,2000.0,False,10000,L,FL4501229
FL,"RIVIERA BEACH UTILITY DISTRICT, CITY OF","RIVIERA BEACH UTILITY DISTRICT, CITY OF",33404,33404,PFHxS,7.2,10.0,False,10000,L,FL4501229
FL,"RIVIERA BEACH UTILITY DISTRICT, CITY OF","RIVIERA BEACH UTILITY DISTRICT, CITY OF",33404,33404,PFOA,14.0,4.0,True,10000,L,FL4501229
FL,"RIVIERA BEACH UTILITY DISTRICT, CITY OF","RIVIERA BEACH UTILITY DISTRICT, CITY OF",33404,33404,PFOS,31.0,4.0,True,10000,L,FL4501229
FL,"ROYAL WATERWORKS, INC","ROYAL WATERWORKS, INC",33065,33065,PFBS,5.5,2000.0,False,3300,S,FL4061517
FL,"ROYAL WATERWORKS, INC","ROYAL WATERWORKS, INC",33065,33065,PFHxS,4.2,10.0,False,3300,S,FL4061517
FL,"ROYAL WATERWORKS, INC","ROYAL WATERWORKS, INC",33065,33065,PFOA,5.4,4.0,True,3300,S,FL4061517
FL,"ROYAL WATERWORKS, INC","ROYAL WATERWORKS, INC",33065,33065,PFOS,17.0,4.0,True,3300,S,FL4061517
FL,"SANFORD, CITY OF (2 WPS)","SANFORD, CITY OF (2 WPS)",32771,32771|32772|32773,PFBS,3.6,2000.0,False,10000,L,FL3590205
FL,"SANFORD, CITY OF (2 WPS)","SANFORD, CITY OF (2 WPS)",32771,32771|32772|32773,PFHxS,3.1,10.0,False,10000,L,FL3590205
FL,"SANFORD, CITY OF (2 WPS)","SANFORD, CITY OF (2 WPS)",32771,32771|32772|32773,PFOS,4.7,4.0,True,10000,L,FL3590205
FL,SARASOTA CO SPECIAL UTIL DIST,SARASOTA CO SPECIAL UTIL DIST,34229,34229|34231|34232|34233|34234|34235|34237|34238|34239|34240|34241|34242|34243|34274|34275|34285|34291|34292|34293,PFBS,4.2,2000.0,False,10000,L,FL6581591
FL,SEBRING WATER ; SEWER SYSTEM,SEBRING WATER ; SEWER SYSTEM,33870,33870|33872|33875|33876,PFHxS,3.1,10.0,False,10000,L,FL6280250
FL,SEBRING WATER ; SEWER SYSTEM,SEBRING WATER ; SEWER SYSTEM,33870,33870|33872|33875|33876,PFOS,5.3,4.0,True,10000,L,FL6280250
FL,SEMINOLE IMPROVEMENT DISTRICT,SEMINOLE IMPROVEMENT DISTRICT,33470,33470,PFBS,4.8,2000.0,False,3300,S,FL4504903
FL,SEMINOLE IMPROVEMENT DISTRICT,SEMINOLE IMPROVEMENT DISTRICT,33470,33470,PFHxS,3.7,10.0,False,3300,S,FL4504903
FL,SEMINOLE IMPROVEMENT DISTRICT,SEMINOLE IMPROVEMENT DISTRICT,33470,33470,PFOA,4.5,4.0,True,3300,S,FL4504903
FL,SEMINOLE IMPROVEMENT DISTRICT,SEMINOLE IMPROVEMENT DISTRICT,33470,33470,PFOS,11.0,4.0,True,3300,S,FL4504903
FL,SEVEN SPRINGS,SEVEN SPRINGS,34652,34652|34653|34654|34655|34656,PFOS,4.5,4.0,True,10000,L,FL6512214
FL,SILVER STAR VILLAGE (2 WPS),SILVER STAR VILLAGE (2 WPS),32818,32818,PFBS,4.8,2000.0,False,3300,S,FL3481199
FL,SILVER STAR VILLAGE (2 WPS),SILVER STAR VILLAGE (2 WPS),32818,32818,PFOS,6.2,4.0,True,3300,S,FL3481199
FL,"SOPCHOPPY, CITY OF","SOPCHOPPY, CITY OF",32327,32327|32358,PFBS,3.5,2000.0,False,3300,S,FL1650612
FL,"SOPCHOPPY, CITY OF","SOPCHOPPY, CITY OF",32327,32327|32358,PFOS,16.0,4.0,True,3300,S,FL1650612
FL,"SOUTH DAYTONA, CITY OF","SOUTH DAYTONA, CITY OF",32119,32119,PFHxS,6.6,10.0,False,10000,L,FL3641216
FL,SOUTH MARTIN REGIONAL UTILITIES,SOUTH MARTIN REGIONAL UTILITIES,33455,33455|33475,PFBS,4.6,2000.0,False,10000,L,FL4430624
FL,SOUTH MARTIN REGIONAL UTILITIES,SOUTH MARTIN REGIONAL UTILITIES,33455,33455|33475,PFHxS,4.4,10.0,False,10000,L,FL4430624
FL,SOUTH MARTIN REGIONAL UTILITIES,SOUTH MARTIN REGIONAL UTILITIES,33455,33455|33475,PFOA,8.0,4.0,True,10000,L,FL4430624
FL,SOUTH MARTIN REGIONAL UTILITIES,SOUTH MARTIN REGIONAL UTILITIES,33455,33455|33475,PFOS,13.0,4.0,True,10000,L,FL4430624
FL,SOUTHLAKE UTILITIES,SOUTHLAKE UTILITIES,34714,34714,PFBS,5.2,2000.0,False,3300,S,FL3354916
FL,SOUTHLAKE UTILITIES,SOUTHLAKE UTILITIES,34714,34714,PFOS,5.1,4.0,True,3300,S,FL3354916
FL,SOUTHWEST/POLK COUNTY UTILITY,SOUTHWEST/POLK COUNTY UTILITY,33811,33811|33812|33813|33830|33860,PFBS,6.3,2000.0,False,10000,L,FL6530852
FL,SPRUCE CREEK UTILITY CO INC.,SPRUCE CREEK UTILITY CO INC.,34476,34476,PFBS,7.8,2000.0,False,3300,S,FL6424652
FL,SPRUCE CREEK UTILITY CO INC.,SPRUCE CREEK UTILITY CO INC.,34476,34476,PFOA,4.1,4.0,True,3300,S,FL6424652
FL,SPRUCE CREEK UTILITY CO INC.,SPRUCE CREEK UTILITY CO INC.,34476,34476,PFOS,8.4,4.0,True,3300,S,FL6424652
FL,ST. LUCIE MOBILE VILLAGE,ST. LUCIE MOBILE VILLAGE,34956,34956,PFOS,4.8,4.0,True,3300,S,FL4431379
FL,STONECREST SUBDIVISION (7WPS),STONECREST SUBDIVISION (7WPS),34472,34472|34474|34478|34491,PFBS,9.3,2000.0,False,10000,L,FL3424897
FL,STONECREST SUBDIVISION (7WPS),STONECREST SUBDIVISION (7WPS),34472,34472|34474|34478|34491,PFHxS,5.1,10.0,False,10000,L,FL3424897
FL,STONECREST SUBDIVISION (7WPS),STONECREST SUBDIVISION (7WPS),34472,34472|34474|34478|34491,PFOA,7.4,4.0,True,10000,L,FL3424897
FL,STONECREST SUBDIVISION (7WPS),STONECREST SUBDIVISION (7WPS),34472,34472|34474|34478|34491,PFOS,5.0,4.0,True,10000,L,FL3424897
FL,SUNRISE SOUTHWEST,SUNRISE SOUTHWEST,33325,33325|33330|33331,PFBS,6.6,2000.0,False,3300,S,FL4064326
FL,SUNRISE SOUTHWEST,SUNRISE SOUTHWEST,33325,33325|33330|33331,PFOA,12.3,4.0,True,3300,S,FL4064326
FL,SUNRISE SPRINGTREE,SUNRISE SPRINGTREE,33021,33021|33022|33023|33301|33309|33311|33312|33313|33314|33315|33316|33317|33319|33321|33322|33323|33324|33325|33326|33332|33334|33335|33339|33351|33432,PFBS,3.4,2000.0,False,10000,L,FL4061410
FL,SUNRISE SPRINGTREE,SUNRISE SPRINGTREE,33021,33021|33022|33023|33301|33309|33311|33312|33313|33314|33315|33316|33317|33319|33321|33322|33323|33324|33325|33326|33332|33334|33335|33339|33351|33432,PFOA,4.9,4.0,True,10000,L,FL4061410
FL,SUNRISE SPRINGTREE,SUNRISE SPRINGTREE,33021,33021|33022|33023|33301|33309|33311|33312|33313|33314|33315|33316|33317|33319|33321|33322|33323|33324|33325|33326|33332|33334|33335|33339|33351|33432,PFOS,11.0,4.0,True,10000,L,FL4061410
FL,"SURFSIDE, TOWN OF","SURFSIDE, TOWN OF",33154,33154,PFBS,3.4,2000.0,False,3300,S,FL4131424
FL,"SURFSIDE, TOWN OF","SURFSIDE, TOWN OF",33154,33154,PFHxS,3.1,10.0,False,3300,S,FL4131424
FL,"SURFSIDE, TOWN OF","SURFSIDE, TOWN OF",33154,33154,PFOA,4.7,4.0,True,3300,S,FL4131424
FL,"SURFSIDE, TOWN OF","SURFSIDE, TOWN OF",33154,33154,PFOS,14.8,4.0,True,3300,S,FL4131424
FL,"TALLAHASSEE, CITY OF","TALLAHASSEE, CITY OF",32301,32301|32302|32303|32304|32305|32306|32307|32308|32309|32310|32311|32312|32313|32314|32316|32317|32362|32399,PFBS,3.2,2000.0,False,10000,L,FL1370655
FL,"TALLAHASSEE, CITY OF","TALLAHASSEE, CITY OF",32301,32301|32302|32303|32304|32305|32306|32307|32308|32309|32310|32311|32312|32313|32314|32316|32317|32362|32399,PFHxS,3.5,10.0,False,10000,L,FL1370655
FL,"TALLAHASSEE, CITY OF","TALLAHASSEE, CITY OF",32301,32301|32302|32303|32304|32305|32306|32307|32308|32309|32310|32311|32312|32313|32314|32316|32317|32362|32399,PFOS,7.9,4.0,True,10000,L,FL1370655
FL,"TAMARAC (EAST), CITY OF","TAMARAC (EAST), CITY OF",33309,33309,PFBS,5.0,2000.0,False,3300,S,FL4061593
FL,"TAMARAC (EAST), CITY OF","TAMARAC (EAST), CITY OF",33309,33309,PFHxS,3.3,10.0,False,3300,S,FL4061593
FL,"TAMARAC (EAST), CITY OF","TAMARAC (EAST), CITY OF",33309,33309,PFOA,5.6,4.0,True,3300,S,FL4061593
FL,"TAMARAC (EAST), CITY OF","TAMARAC (EAST), CITY OF",33309,33309,PFOS,17.1,4.0,True,3300,S,FL4061593
FL,"TAMARAC (WEST), CITY OF","TAMARAC (WEST), CITY OF",33321,33321,PFBS,5.8,2000.0,False,10000,L,FL4061429
FL,"TAMARAC (WEST), CITY OF","TAMARAC (WEST), CITY OF",33321,33321,PFOA,5.7,4.0,True,10000,L,FL4061429
FL,"TAMARAC (WEST), CITY OF","TAMARAC (WEST), CITY OF",33321,33321,PFOS,11.0,4.0,True,10000,L,FL4061429
FL,TARPON SPRINGS WATER SYSTEM,TARPON SPRINGS WATER SYSTEM,34688,34688|34689,PFBS,14.6,2000.0,False,10000,L,FL6521784
FL,TARPON SPRINGS WATER SYSTEM,TARPON SPRINGS WATER SYSTEM,34688,34688|34689,PFHxS,9.1,10.0,False,10000,L,FL6521784
FL,TARPON SPRINGS WATER SYSTEM,TARPON SPRINGS WATER SYSTEM,34688,34688|34689,PFOA,10.5,4.0,True,10000,L,FL6521784
FL,TARPON SPRINGS WATER SYSTEM,TARPON SPRINGS WATER SYSTEM,34688,34688|34689,PFOS,36.9,4.0,True,10000,L,FL6521784
FL,"TEQUESTA PWS, VILLAGE OF","TEQUESTA PWS, VILLAGE OF",33469,33469,PFBS,6.1,2000.0,False,10000,L,FL4501438
FL,"TEQUESTA PWS, VILLAGE OF","TEQUESTA PWS, VILLAGE OF",33469,33469,PFOA,7.8,4.0,True,10000,L,FL4501438
FL,"TEQUESTA PWS, VILLAGE OF","TEQUESTA PWS, VILLAGE OF",33469,33469,PFOS,11.0,4.0,True,10000,L,FL4501438
FL,TIMBER LAKE ESTATES,TIMBER LAKE ESTATES,33543,33543,PFBS,4.0,2000.0,False,3300,S,FL6514837
FL,TIMBER LAKE ESTATES,TIMBER LAKE ESTATES,33543,33543,PFOS,4.2,4.0,True,3300,S,FL6514837
FL,"TITUSVILLE, CITY OF","TITUSVILLE, CITY OF",32780,32780|32796,PFOS,7.0,4.0,True,10000,L,FL3051367
FL,TOHO WATER AUTHORITY WESTERN,TOHO WATER AUTHORITY WESTERN,33896,33896|34714|34746|34747|34787,PFOS,4.2,4.0,True,10000,L,FL3491011
FL,TOWN OF FORT MYERS BEACH (BEACH WATER),TOWN OF FORT MYERS BEACH (BEACH WATER),33931,33931,PFOS,4.0,4.0,False,3300,S,FL5364145
FL,UNIVERSITY OF SOUTH FLORIDA,UNIVERSITY OF SOUTH FLORIDA,33620,33620,PFBS,13.0,2000.0,False,10000,L,FL6291882
FL,UNIVERSITY OF SOUTH FLORIDA,UNIVERSITY OF SOUTH FLORIDA,33620,33620,PFHxS,12.0,10.0,True,10000,L,FL6291882
FL,UNIVERSITY OF SOUTH FLORIDA,UNIVERSITY OF SOUTH FLORIDA,33620,33620,PFOA,11.0,4.0,True,10000,L,FL6291882
FL,UNIVERSITY OF SOUTH FLORIDA,UNIVERSITY OF SOUTH FLORIDA,33620,33620,PFOS,25.0,4.0,True,10000,L,FL6291882
FL,VC/ENTERPRISE,VC/ENTERPRISE,32725,32725,PFBS,8.2,2000.0,False,3300,S,FL3644328
FL,VC/ENTERPRISE,VC/ENTERPRISE,32725,32725,PFHxS,4.2,10.0,False,3300,S,FL3644328
FL,VC/ENTERPRISE,VC/ENTERPRISE,32725,32725,PFOA,8.4,4.0,True,3300,S,FL3644328
FL,VC/ENTERPRISE,VC/ENTERPRISE,32725,32725,PFOS,8.5,4.0,True,3300,S,FL3644328
FL,VC/SOUTHWEST WATER SYSTEM,VC/SOUTHWEST WATER SYSTEM,32713,32713|32763,PFBS,12.0,2000.0,False,10000,L,FL3641336
FL,VC/SOUTHWEST WATER SYSTEM,VC/SOUTHWEST WATER SYSTEM,32713,32713|32763,PFHxS,5.7,10.0,False,10000,L,FL3641336
FL,VC/SOUTHWEST WATER SYSTEM,VC/SOUTHWEST WATER SYSTEM,32713,32713|32763,PFOA,12.0,4.0,True,10000,L,FL3641336
FL,VC/SOUTHWEST WATER SYSTEM,VC/SOUTHWEST WATER SYSTEM,32713,32713|32763,PFOS,22.0,4.0,True,10000,L,FL3641336
FL,VC/SOUTHWEST WTP-2,VC/SOUTHWEST WTP-2,32725,32725|32738,PFBS,5.2,2000.0,False,3300,S,FL3644155
FL,"VERO BEACH, CITY OF","VERO BEACH, CITY OF",32960,32960|32963|32966,PFHxS,5.5,10.0,False,10000,L,FL3310206
FL,"VERO BEACH, CITY OF","VERO BEACH, CITY OF",32960,32960|32963|32966,PFOS,9.9,4.0,True,10000,L,FL3310206
FL,VILLAGE OF PINE RIDGE (CONSEC),VILLAGE OF PINE RIDGE (CONSEC),32163,32163,PFHxS,6.4,10.0,False,3300,S,FL3600007
FL,"VILLAGES OF LAKE-SUMTER - WTPS 1, 3, ; 5","VILLAGES OF LAKE-SUMTER - WTPS 1, 3, ; 5",32159,32159,PFBS,10.8,2000.0,False,10000,L,FL3350942
FL,"VILLAGES OF LAKE-SUMTER - WTPS 1, 3, ; 5","VILLAGES OF LAKE-SUMTER - WTPS 1, 3, ; 5",32159,32159,PFHxS,4.8,10.0,False,10000,L,FL3350942
FL,"VILLAGES OF LAKE-SUMTER - WTPS 1, 3, ; 5","VILLAGES OF LAKE-SUMTER - WTPS 1, 3, ; 5",32159,32159,PFOA,7.3,4.0,True,10000,L,FL3350942
FL,"VILLAGES OF LAKE-SUMTER - WTPS 1, 3, ; 5","VILLAGES OF LAKE-SUMTER - WTPS 1, 3, ; 5",32159,32159,PFOS,8.3,4.0,True,10000,L,FL3350942
FL,"WEST MIAMI, CITY OF","WEST MIAMI, CITY OF",,,PFBS,4.5,2000.0,False,3300,S,FL4131558
FL,"WEST MIAMI, CITY OF","WEST MIAMI, CITY OF",,,PFOA,4.7,4.0,True,3300,S,FL4131558
FL,"WEST MIAMI, CITY OF","WEST MIAMI, CITY OF",,,PFOS,12.3,4.0,True,3300,S,FL4131558
FL,WEST PALM BEACH WTP,WEST PALM BEACH WTP,33401,33401|33405|33406|33407|33409|33411|33412|33417|33480,PFBS,3.7,2000.0,False,10000,L,FL4501559
FL,WEST SIDE CONSOLIDATED,WEST SIDE CONSOLIDATED,34473,34473|34478|34481,PFBS,8.4,2000.0,False,10000,L,FL6421144
FL,WEST SIDE CONSOLIDATED,WEST SIDE CONSOLIDATED,34473,34473|34478|34481,PFHxS,3.1,10.0,False,10000,L,FL6421144
FL,WEST SIDE CONSOLIDATED,WEST SIDE CONSOLIDATED,34473,34473|34478|34481,PFOA,6.1,4.0,True,10000,L,FL6421144
FL,WEST SIDE CONSOLIDATED,WEST SIDE CONSOLIDATED,34473,34473|34478|34481,PFOS,10.6,4.0,True,10000,L,FL6421144
FL,"WILDWOOD, CITY OF (7 WPS)","WILDWOOD, CITY OF (7 WPS)",32162,32162|34484|34785,PFBS,13.0,2000.0,False,10000,L,FL6600331
FL,"WILDWOOD, CITY OF (7 WPS)","WILDWOOD, CITY OF (7 WPS)",32162,32162|34484|34785,PFOA,7.2,4.0,True,10000,L,FL6600331
FL,"WILDWOOD, CITY OF (7 WPS)","WILDWOOD, CITY OF (7 WPS)",32162,32162|34484|34785,PFOS,7.1,4.0,True,10000,L,FL6600331
FL,"WILTON MANORS, CITY OF","WILTON MANORS, CITY OF",33305,33305|33306|33311|33334,PFBS,4.3,2000.0,False,10000,L,FL4061574
FL,"WILTON MANORS, CITY OF","WILTON MANORS, CITY OF",33305,33305|33306|33311|33334,PFHxS,3.2,10.0,False,10000,L,FL4061574
FL,"WILTON MANORS, CITY OF","WILTON MANORS, CITY OF",33305,33305|33306|33311|33334,PFOA,5.8,4.0,True,10000,L,FL4061574
FL,"WILTON MANORS, CITY OF","WILTON MANORS, CITY OF",33305,33305|33306|33311|33334,PFOS,15.0,4.0,True,10000,L,FL4061574
FL,WINTER GARDEN WATER DEPT (3 WPS),WINTER GARDEN WATER DEPT (3 WPS),34787,34787,PFBS,4.6,2000.0,False,10000,L,FL3481481
FL,WINTER GARDEN WATER DEPT (3 WPS),WINTER GARDEN WATER DEPT (3 WPS),34787,34787,PFOA,5.3,4.0,True,10000,L,FL3481481
FL,WINTER GARDEN WATER DEPT (3 WPS),WINTER GARDEN WATER DEPT (3 WPS),34787,34787,PFOS,13.0,4.0,True,10000,L,FL3481481
FL,WINTER HAVEN WATER DEPARTMENT,WINTER HAVEN WATER DEPARTMENT,33880,33880|33881|33884,PFBS,4.9,2000.0,False,10000,L,FL6531992
FL,WINTER HAVEN WATER DEPARTMENT,WINTER HAVEN WATER DEPARTMENT,33880,33880|33881|33884,PFHxS,4.5,10.0,False,10000,L,FL6531992
FL,WINTER HAVEN WATER DEPARTMENT,WINTER HAVEN WATER DEPARTMENT,33880,33880|33881|33884,PFOA,5.9,4.0,True,10000,L,FL6531992
FL,WINTER HAVEN WATER DEPARTMENT,WINTER HAVEN WATER DEPARTMENT,33880,33880|33881|33884,PFOS,6.0,4.0,True,10000,L,FL6531992
FL,"WINTER SPRINGS, CITY OF (3 WPS)","WINTER SPRINGS, CITY OF (3 WPS)",32708,32708,PFHxS,3.3,10.0,False,10000,L,FL3590879
FL,"WINTER SPRINGS, CITY OF (3 WPS)","WINTER SPRINGS, CITY OF (3 WPS)",32708,32708,PFOA,5.0,4.0,True,10000,L,FL3590879
FL,"WINTER SPRINGS, CITY OF (3 WPS)","WINTER SPRINGS, CITY OF (3 WPS)",32708,32708,PFOS,6.9,4.0,True,10000,L,FL3590879
FL,ZEPHYRHILLS CITY OF,ZEPHYRHILLS CITY OF,33525,33525|33540|33541|33542,PFBS,10.5,2000.0,False,10000,L,FL6512020
FL,ZEPHYRHILLS CITY OF,ZEPHYRHILLS CITY OF,33525,33525|33540|33541|33542,PFHxS,18.1,10.0,True,10000,L,FL6512020
FL,ZEPHYRHILLS CITY OF,ZEPHYRHILLS CITY OF,33525,33525|33540|33541|33542,PFOA,7.4,4.0,True,10000,L,FL6512020
FL,ZEPHYRHILLS CITY OF,ZEPHYRHILLS CITY OF,33525,33525|33540|33541|33542,PFOS,26.0,4.0,True,10000,L,FL6512020
GA,ALBANY,ALBANY,31701,31701|31705|31707|31721,PFBS,6.4,2000.0,False,10000,L,GA0950000
GA,ALBANY,ALBANY,31701,31701|31705|31707|31721,PFOS,4.0,4.0,False,10000,L,GA0950000
GA,ATLANTA,ATLANTA,30213,30213|30268|30291|30296|30303|30305|30306|30307|30308|30309|30310|30311|30312|30313|30314|30315|30316|30317|30318|30319|30320|30324|30326|30327|30328|30331|30336|30337|30339|30342|30349|30350|30354|30363,PFBS,4.6,2000.0,False,10000,L,GA1210001
GA,AUGUSTA-RICHMOND CO WS,AUGUSTA-RICHMOND CO WS,30815,30815|30901|30906|30909,PFBS,5.9,2000.0,False,10000,L,GA2450000
GA,AUGUSTA-RICHMOND CO WS,AUGUSTA-RICHMOND CO WS,30815,30815|30901|30906|30909,PFHxS,51.2,10.0,True,10000,L,GA2450000
GA,AUGUSTA-RICHMOND CO WS,AUGUSTA-RICHMOND CO WS,30815,30815|30901|30906|30909,PFOA,29.9,4.0,True,10000,L,GA2450000
GA,AUGUSTA-RICHMOND CO WS,AUGUSTA-RICHMOND CO WS,30815,30815|30901|30906|30909,PFOS,51.0,4.0,True,10000,L,GA2450000
GA,AUSTELL,AUSTELL,30106,30106|30168,PFBS,3.6,2000.0,False,3300,S,GA0670001
GA,"BARNESVILLE, GA","BARNESVILLE, GA",30204,30204,PFBS,4.8,2000.0,False,3300,S,GA1710000
GA,"BARNESVILLE, GA","BARNESVILLE, GA",30204,30204,PFOS,4.5,4.0,True,3300,S,GA1710000
GA,BARTOW COUNTY,BARTOW COUNTY,30101,30101|30102|30103|30104|30120|30121|30137|30139|30145|30161|30171|30178|30184,PFBS,3.5,2000.0,False,10000,L,GA0150001
GA,BLAIRSVILLE,BLAIRSVILLE,30512,30512,PFBS,3.2,2000.0,False,3300,S,GA2910000
GA,BLAIRSVILLE,BLAIRSVILLE,30512,30512,PFOS,4.5,4.0,True,3300,S,GA2910000
GA,BRASELTON,BRASELTON,30517,30517|30519|30542|30548,PFBS,3.7,2000.0,False,10000,L,GA1570000
GA,BRASELTON,BRASELTON,30517,30517|30519|30542|30548,PFOA,4.2,4.0,True,10000,L,GA1570000
GA,BRASELTON,BRASELTON,30517,30517|30519|30542|30548,PFOS,4.6,4.0,True,10000,L,GA1570000
GA,BUTTS COUNTY/JACKSON/JENKINSBURG WS,BUTTS COUNTY/JACKSON/JENKINSBURG WS,30216,30216|30233|30234,PFBS,5.3,2000.0,False,10000,L,GA0350051
GA,BUTTS COUNTY/JACKSON/JENKINSBURG WS,BUTTS COUNTY/JACKSON/JENKINSBURG WS,30216,30216|30233|30234,PFHxS,4.1,10.0,False,10000,L,GA0350051
GA,BUTTS COUNTY/JACKSON/JENKINSBURG WS,BUTTS COUNTY/JACKSON/JENKINSBURG WS,30216,30216|30233|30234,PFOA,4.7,4.0,True,10000,L,GA0350051
GA,BUTTS COUNTY/JACKSON/JENKINSBURG WS,BUTTS COUNTY/JACKSON/JENKINSBURG WS,30216,30216|30233|30234,PFOS,5.8,4.0,True,10000,L,GA0350051
GA,CALHOUN,CALHOUN,30139,30139|30701|30732|30733|30734|30735|30746,PFBS,290.0,2000.0,False,10000,L,GA1290000
GA,CALHOUN,CALHOUN,30139,30139|30701|30732|30733|30734|30735|30746,PFHxS,7.0,10.0,False,10000,L,GA1290000
GA,CALHOUN,CALHOUN,30139,30139|30701|30732|30733|30734|30735|30746,PFOA,29.0,4.0,True,10000,L,GA1290000
GA,CALHOUN,CALHOUN,30139,30139|30701|30732|30733|30734|30735|30746,PFOS,29.0,4.0,True,10000,L,GA1290000
GA,CARTERSVILLE,CARTERSVILLE,30120,30120|30121,PFBS,3.0,2000.0,False,10000,L,GA0150002
GA,CATOOSA UTIL. DIST. AUTHORITY,CATOOSA UTIL. DIST. AUTHORITY,30710,30710|30736|30741|37363|37411|37412|37421,PFBS,32.5,2000.0,False,10000,L,GA0470000
GA,"CENTERVILLE, GA","CENTERVILLE, GA",31028,31028|31088|31093,PFHxS,13.0,10.0,True,10000,L,GA1530000
GA,"CENTERVILLE, GA","CENTERVILLE, GA",31028,31028|31088|31093,PFOA,6.1,4.0,True,10000,L,GA1530000
GA,CHATSWORTH,CHATSWORTH,30705,30705|30708|30711|30724|30751,PFBS,81.0,2000.0,False,10000,L,GA2130000
GA,CHATSWORTH,CHATSWORTH,30705,30705|30708|30711|30724|30751,PFHxS,3.0,10.0,False,10000,L,GA2130000
GA,CHATSWORTH,CHATSWORTH,30705,30705|30708|30711|30724|30751,PFOA,15.0,4.0,True,10000,L,GA2130000
GA,CHATSWORTH,CHATSWORTH,30705,30705|30708|30711|30724|30751,PFOS,12.0,4.0,True,10000,L,GA2130000
GA,CHATTOOGA COUNTY,CHATTOOGA COUNTY,30105,30105|30165|30728|30730|30731|30747|30753,PFBS,150.0,2000.0,False,3300,S,GA0550000
GA,CHATTOOGA COUNTY,CHATTOOGA COUNTY,30105,30105|30165|30728|30730|30731|30747|30753,PFOA,20.0,4.0,True,3300,S,GA0550000
GA,CHATTOOGA COUNTY,CHATTOOGA COUNTY,30105,30105|30165|30728|30730|30731|30747|30753,PFOS,6.5,4.0,True,3300,S,GA0550000
GA,CHICKAMAUGA,CHICKAMAUGA,30707,30707,PFBS,40.1,2000.0,False,3300,S,GA2950000
GA,CHICKAMAUGA,CHICKAMAUGA,30707,30707,PFOA,10.6,4.0,True,3300,S,GA2950000
GA,CHICKAMAUGA,CHICKAMAUGA,30707,30707,PFOS,15.4,4.0,True,3300,S,GA2950000
GA,CLAYTON COUNTY WATER AUTHORITY,CLAYTON COUNTY WATER AUTHORITY,30236,30236|30238|30250|30260|30273|30274|30287|30288|30296|30297|30298,PFBS,6.5,2000.0,False,10000,L,GA0630000
GA,CLAYTON COUNTY WATER AUTHORITY,CLAYTON COUNTY WATER AUTHORITY,30236,30236|30238|30250|30260|30273|30274|30287|30288|30296|30297|30298,PFHxS,6.6,10.0,False,10000,L,GA0630000
GA,CLAYTON COUNTY WATER AUTHORITY,CLAYTON COUNTY WATER AUTHORITY,30236,30236|30238|30250|30260|30273|30274|30287|30288|30296|30297|30298,PFOA,8.4,4.0,True,10000,L,GA0630000
GA,CLAYTON COUNTY WATER AUTHORITY,CLAYTON COUNTY WATER AUTHORITY,30236,30236|30238|30250|30260|30273|30274|30287|30288|30296|30297|30298,PFOS,8.5,4.0,True,10000,L,GA0630000
GA,COBB COUNTY,COBB COUNTY,30008,30008|30060|30062|30064|30066|30067|30068|30075|30080|30082|30101|30102|30106|30126|30127|30141|30144|30152|30168|30188|30339,PFBS,4.2,2000.0,False,10000,L,GA0670003
GA,COCHRAN,COCHRAN,31014,31014,PFBS,3.5,2000.0,False,3300,S,GA0230000
GA,COCHRAN,COCHRAN,31014,31014,PFHxS,3.6,10.0,False,3300,S,GA0230000
GA,COCHRAN,COCHRAN,31014,31014,PFOS,10.7,4.0,True,3300,S,GA0230000
GA,COLUMBUS,COLUMBUS,31901,31901|31902|31903|31904|31905|31906|31907|31908|31909|31914|31917|31993|31997|31998|31999,PFBS,5.0,2000.0,False,10000,L,GA2150000
GA,COLUMBUS,COLUMBUS,31901,31901|31902|31903|31904|31905|31906|31907|31908|31909|31914|31917|31993|31997|31998|31999,PFHxS,4.7,10.0,False,10000,L,GA2150000
GA,COLUMBUS,COLUMBUS,31901,31901|31902|31903|31904|31905|31906|31907|31908|31909|31914|31917|31993|31997|31998|31999,PFOA,33.9,4.0,True,10000,L,GA2150000
GA,COLUMBUS,COLUMBUS,31901,31901|31902|31903|31904|31905|31906|31907|31908|31909|31914|31917|31993|31997|31998|31999,PFOS,8.4,4.0,True,10000,L,GA2150000
GA,DALTON UTILITIES,DALTON UTILITIES,30705,30705|30710|30720|30721|30740|30755|30756,PFBS,34.0,2000.0,False,10000,L,GA3130000
GA,DALTON UTILITIES,DALTON UTILITIES,30705,30705|30710|30720|30721|30740|30755|30756,PFOA,8.4,4.0,True,10000,L,GA3130000
GA,DALTON UTILITIES,DALTON UTILITIES,30705,30705|30710|30720|30721|30740|30755|30756,PFOS,8.4,4.0,True,10000,L,GA3130000
GA,EAST POINT,EAST POINT,30344,30344,PFBS,7.2,2000.0,False,10000,L,GA1210003
GA,EAST POINT,EAST POINT,30344,30344,PFOA,9.3,4.0,True,10000,L,GA1210003
GA,EAST POINT,EAST POINT,30344,30344,PFOS,6.4,4.0,True,10000,L,GA1210003
GA,EFFINGHAM COUNTY SURFACE WATER SYSTEM,EFFINGHAM COUNTY SURFACE WATER SYSTEM,31312,31312|31326,PFBS,4.9,2000.0,False,3300,S,GA1030131
GA,EFFINGHAM COUNTY SURFACE WATER SYSTEM,EFFINGHAM COUNTY SURFACE WATER SYSTEM,31312,31312|31326,PFOA,5.7,4.0,True,3300,S,GA1030131
GA,EFFINGHAM COUNTY SURFACE WATER SYSTEM,EFFINGHAM COUNTY SURFACE WATER SYSTEM,31312,31312|31326,PFOS,6.4,4.0,True,3300,S,GA1030131
GA,FAYETTE COUNTY,FAYETTE COUNTY,30214,30214|30215|30269|30290,PFBS,3.0,2000.0,False,10000,L,GA1130001
GA,FAYETTE COUNTY,FAYETTE COUNTY,30214,30214|30215|30269|30290,PFHxS,3.4,10.0,False,10000,L,GA1130001
GA,FAYETTEVILLE,FAYETTEVILLE,30214,30214|30215,PFBS,3.4,2000.0,False,10000,L,GA1130003
GA,FAYETTEVILLE,FAYETTEVILLE,30214,30214|30215,PFHxS,3.7,10.0,False,10000,L,GA1130003
GA,FAYETTEVILLE,FAYETTEVILLE,30214,30214|30215,PFOS,4.4,4.0,True,10000,L,GA1130003
GA,FLOYD COUNTY,FLOYD COUNTY,30124,30124|30145|30161|30172,PFBS,93.3,2000.0,False,10000,L,GA1150001
GA,FLOYD COUNTY,FLOYD COUNTY,30124,30124|30145|30161|30172,PFOA,11.1,4.0,True,10000,L,GA1150001
GA,FLOYD COUNTY,FLOYD COUNTY,30124,30124|30145|30161|30172,PFOS,9.2,4.0,True,10000,L,GA1150001
GA,FORSYTH,FORSYTH,31029,31029,PFOS,6.1,4.0,True,3300,S,GA2070001
GA,FORT OGLETHORPE,FORT OGLETHORPE,30742,30742,PFBS,20.0,2000.0,False,3300,S,GA0470001
GA,FORT OGLETHORPE,FORT OGLETHORPE,30742,30742,PFOA,4.5,4.0,True,3300,S,GA0470001
GA,FORT OGLETHORPE,FORT OGLETHORPE,30742,30742,PFOS,6.1,4.0,True,3300,S,GA0470001
GA,GRAY,GRAY,31032,31032,PFBS,3.5,2000.0,False,3300,S,GA1690000
GA,GRAY,GRAY,31032,31032,PFHxS,3.7,10.0,False,3300,S,GA1690000
GA,GRAY,GRAY,31032,31032,PFOA,6.8,4.0,True,3300,S,GA1690000
GA,GRAY,GRAY,31032,31032,PFOS,6.3,4.0,True,3300,S,GA1690000
GA,GRIFFIN,GRIFFIN,30224,30224,PFBS,11.0,2000.0,False,10000,L,GA2550000
GA,GRIFFIN,GRIFFIN,30224,30224,PFHxS,20.0,10.0,True,10000,L,GA2550000
GA,GRIFFIN,GRIFFIN,30224,30224,PFOA,9.7,4.0,True,10000,L,GA2550000
GA,GRIFFIN,GRIFFIN,30224,30224,PFOS,14.0,4.0,True,10000,L,GA2550000
GA,HAMPTON,HAMPTON,30228,30228,PFBS,4.9,2000.0,False,3300,S,GA1510000
GA,HAMPTON,HAMPTON,30228,30228,PFOA,4.1,4.0,True,3300,S,GA1510000
GA,HAMPTON,HAMPTON,30228,30228,PFOS,5.6,4.0,True,3300,S,GA1510000
GA,HAPEVILLE,HAPEVILLE,30354,30354,PFBS,4.9,2000.0,False,3300,S,GA1210006
GA,HAPEVILLE,HAPEVILLE,30354,30354,PFOS,4.1,4.0,True,3300,S,GA1210006
GA,HARRIS COUNTY WATER SYSTEM,HARRIS COUNTY WATER SYSTEM,31804,31804|31807|31808|31811|31820|31831|31833,PFBS,4.9,2000.0,False,10000,L,GA1450011
GA,HARRIS COUNTY WATER SYSTEM,HARRIS COUNTY WATER SYSTEM,31804,31804|31807|31808|31811|31820|31831|31833,PFOA,5.8,4.0,True,10000,L,GA1450011
GA,HARRIS COUNTY WATER SYSTEM,HARRIS COUNTY WATER SYSTEM,31804,31804|31807|31808|31811|31820|31831|31833,PFOS,7.3,4.0,True,10000,L,GA1450011
GA,HART CO. WATER & SEWER AUTH.,HART CO. WATER & SEWER AUTH.,30516,30516|30520|30553|30624|30634|30643|30662,PFBS,5.8,2000.0,False,3300,S,GA1470065
GA,"HENRY COUNTY WATER AUTHORITY, GA","HENRY COUNTY WATER AUTHORITY, GA",30228,30228|30233|30236|30248|30252|30253|30273|30281|30294,PFBS,3.0,2000.0,False,10000,L,GA1510001
GA,HOGANSVILLE,HOGANSVILLE,30230,30230,PFBS,4.5,2000.0,False,3300,S,GA2850000
GA,JASPER,JASPER,30143,30143,PFBS,4.4,2000.0,False,3300,S,GA2270000
GA,JONES COUNTY,JONES COUNTY,31032,31032|31033|31211|31217,PFBS,4.4,2000.0,False,10000,L,GA1690002
GA,LAFAYETTE,LAFAYETTE,30707,30707|30728|30739,PFBS,44.0,2000.0,False,10000,L,GA2950002
GA,LAFAYETTE,LAFAYETTE,30707,30707|30728|30739,PFHxS,5.2,10.0,False,10000,L,GA2950002
GA,LAFAYETTE,LAFAYETTE,30707,30707|30728|30739,PFOA,31.0,4.0,True,10000,L,GA2950002
GA,LAFAYETTE,LAFAYETTE,30707,30707|30728|30739,PFOS,56.0,4.0,True,10000,L,GA2950002
GA,LAGRANGE,LAGRANGE,30240,30240,PFBS,5.2,2000.0,False,10000,L,GA2850001
GA,LAGRANGE,LAGRANGE,30240,30240,PFOA,4.1,4.0,True,10000,L,GA2850001
GA,MCDONOUGH,MCDONOUGH,30252,30252|30253,PFBS,4.2,2000.0,False,3300,S,GA1510003
GA,MCDONOUGH,MCDONOUGH,30252,30252|30253,PFOS,5.3,4.0,True,3300,S,GA1510003
GA,"MONROE, GA","MONROE, GA",30655,30655|30656,PFBS,4.2,2000.0,False,10000,L,GA2970001
GA,OAK STREET SUBDIVISION,OAK STREET SUBDIVISION,31605,31605,PFHxS,3.2,10.0,False,3300,S,GA1850022
GA,OAK STREET SUBDIVISION,OAK STREET SUBDIVISION,31605,31605,PFOS,12.1,4.0,True,3300,S,GA1850022
GA,PALMETTO,PALMETTO,30268,30268,PFBS,3.9,2000.0,False,3300,S,GA1210008
GA,PAULDING COUNTY WATER SYSTEM,PAULDING COUNTY WATER SYSTEM,30101,30101|30127|30132|30134|30141|30153|30157|30179|30180,PFBS,3.0,2000.0,False,10000,L,GA2230002
GA,PAULDING COUNTY WATER SYSTEM,PAULDING COUNTY WATER SYSTEM,30101,30101|30127|30132|30134|30141|30153|30157|30179|30180,PFOA,4.5,4.0,True,10000,L,GA2230002
GA,POOLER,POOLER,31322,31322,PFBS,3.7,2000.0,False,10000,L,GA0510001
GA,POOLER,POOLER,31322,31322,PFOA,5.0,4.0,True,10000,L,GA0510001
GA,POOLER,POOLER,31322,31322,PFOS,4.6,4.0,True,10000,L,GA0510001
GA,PORT WENTWORTH,PORT WENTWORTH,31407,31407,PFBS,4.6,2000.0,False,3300,S,GA0510002
GA,PORT WENTWORTH,PORT WENTWORTH,31407,31407,PFOA,6.4,4.0,True,3300,S,GA0510002
GA,PORT WENTWORTH,PORT WENTWORTH,31407,31407,PFOS,6.7,4.0,True,3300,S,GA0510002
GA,REYNOLDS PLANTATION,REYNOLDS PLANTATION,30642,30642,PFBS,3.2,2000.0,False,3300,S,GA1330046
GA,ROCKDALE CO. WATER SYSTEM,ROCKDALE CO. WATER SYSTEM,30012,30012|30013|30094|30281,PFBS,3.5,2000.0,False,10000,L,GA2470000
GA,ROME,ROME,30161,30161|30162|30164|30165,PFBS,52.8,2000.0,False,10000,L,GA1150002
GA,ROME,ROME,30161,30161|30162|30164|30165,PFOA,17.3,4.0,True,10000,L,GA1150002
GA,ROME,ROME,30161,30161|30162|30164|30165,PFOS,10.9,4.0,True,10000,L,GA1150002
GA,ROSWELL,ROSWELL,30075,30075,PFBS,5.8,2000.0,False,10000,L,GA1210009
GA,SAVANNAH-I & D,SAVANNAH-I & D,31407,31407|31408|31421,PFBS,4.1,2000.0,False,10000,L,GA0510004
GA,SAVANNAH-I & D,SAVANNAH-I & D,31407,31407|31408|31421,PFOA,5.5,4.0,True,10000,L,GA0510004
GA,SAVANNAH-I & D,SAVANNAH-I & D,31407,31407|31408|31421,PFOS,5.2,4.0,True,10000,L,GA0510004
GA,SENOIA,SENOIA,30276,30276,PFBS,3.9,2000.0,False,3300,S,GA0770003
GA,SENOIA,SENOIA,30276,30276,PFHxS,5.3,10.0,False,3300,S,GA0770003
GA,SENOIA,SENOIA,30276,30276,PFOA,6.7,4.0,True,3300,S,GA0770003
GA,SENOIA,SENOIA,30276,30276,PFOS,4.5,4.0,True,3300,S,GA0770003
GA,SOCIAL CIRCLE,SOCIAL CIRCLE,30025,30025,PFBS,3.6,2000.0,False,3300,S,GA2970002
GA,SOUTH MONROE COUNTY WATER SYSTEM,SOUTH MONROE COUNTY WATER SYSTEM,31004,31004|31029|31046|31210|31220,PFBS,5.2,2000.0,False,3300,S,GA2070074
GA,SOUTH MONROE COUNTY WATER SYSTEM,SOUTH MONROE COUNTY WATER SYSTEM,31004,31004|31029|31046|31210|31220,PFOA,4.4,4.0,True,3300,S,GA2070074
GA,SOUTH MONROE COUNTY WATER SYSTEM,SOUTH MONROE COUNTY WATER SYSTEM,31004,31004|31029|31046|31210|31220,PFOS,5.1,4.0,True,3300,S,GA2070074
GA,SPALDING COUNTY WATER SYSTEM,SPALDING COUNTY WATER SYSTEM,30223,30223|30224,PFBS,8.2,2000.0,False,10000,L,GA2550036
GA,SPALDING COUNTY WATER SYSTEM,SPALDING COUNTY WATER SYSTEM,30223,30223|30224,PFHxS,18.0,10.0,True,10000,L,GA2550036
GA,SPALDING COUNTY WATER SYSTEM,SPALDING COUNTY WATER SYSTEM,30223,30223|30224,PFOA,10.0,4.0,True,10000,L,GA2550036
GA,SPALDING COUNTY WATER SYSTEM,SPALDING COUNTY WATER SYSTEM,30223,30223|30224,PFOS,13.0,4.0,True,10000,L,GA2550036
GA,STATHAM,STATHAM,30666,30666,PFBS,4.5,2000.0,False,3300,S,GA0130001
GA,STOCKBRIDGE,STOCKBRIDGE,30281,30281,PFBS,4.7,2000.0,False,3300,S,GA1510004
GA,TALBOT COUNTY WATER WORKS,TALBOT COUNTY WATER WORKS,31801,31801|31810|31812|31816|31826|31827|31831|31836,PFBS,7.6,2000.0,False,3300,S,GA2630005
GA,TALBOT COUNTY WATER WORKS,TALBOT COUNTY WATER WORKS,31801,31801|31810|31812|31816|31826|31827|31831|31836,PFOA,5.8,4.0,True,3300,S,GA2630005
GA,TALBOT COUNTY WATER WORKS,TALBOT COUNTY WATER WORKS,31801,31801|31810|31812|31816|31826|31827|31831|31836,PFOS,6.8,4.0,True,3300,S,GA2630005
GA,THOMSON-MCDUFFIE CO W&S COMM,THOMSON-MCDUFFIE CO W&S COMM,30808,30808|30824,PFBS,5.5,2000.0,False,10000,L,GA1890001
GA,VALDOSTA,VALDOSTA,31605,31605,PFBS,5.8,2000.0,False,10000,L,GA1850002
GA,VALDOSTA,VALDOSTA,31605,31605,PFOA,6.1,4.0,True,10000,L,GA1850002
GA,VALDOSTA,VALDOSTA,31605,31605,PFOS,7.0,4.0,True,10000,L,GA1850002
GA,WALKER COUNTY WATER AUTHORITY,WALKER COUNTY WATER AUTHORITY,30707,30707,PFBS,31.0,2000.0,False,10000,L,GA2950003
GA,WALKER COUNTY WATER AUTHORITY,WALKER COUNTY WATER AUTHORITY,30707,30707,PFOA,12.0,4.0,True,10000,L,GA2950003
GA,WALKER COUNTY WATER AUTHORITY,WALKER COUNTY WATER AUTHORITY,30707,30707,PFOS,22.0,4.0,True,10000,L,GA2950003
GA,WALTON CO. WATER & SEWER AUTH.,WALTON CO. WATER & SEWER AUTH.,30018,30018|30052|30641|30655|30656,PFBS,3.0,2000.0,False,10000,L,GA2970008
GA,WEST POINT,WEST POINT,31833,31833,PFBS,6.0,2000.0,False,3300,S,GA2850002
GA,WEST POINT,WEST POINT,31833,31833,PFOA,4.0,4.0,False,3300,S,GA2850002
GA,WINDER,WINDER,30011,30011|30548|30620|30666|30680,PFBS,4.1,2000.0,False,10000,L,GA0130002
GA,WINDER,WINDER,30011,30011|30548|30620|30666|30680,PFOA,4.5,4.0,True,10000,L,GA0130002
GA,WINDER,WINDER,30011,30011|30548|30620|30666|30680,PFOS,4.3,4.0,True,10000,L,GA0130002
GA,"WOODSTOCK, GA","WOODSTOCK, GA",30188,30188,PFBS,7.4,2000.0,False,10000,L,GA0570003
GA,"WOODSTOCK, GA","WOODSTOCK, GA",30188,30188,PFHxS,4.0,10.0,False,10000,L,GA0570003
GA,"WOODSTOCK, GA","WOODSTOCK, GA",30188,30188,PFOA,6.8,4.0,True,10000,L,GA0570003
GA,"WOODSTOCK, GA","WOODSTOCK, GA",30188,30188,PFOS,5.3,4.0,True,10000,L,GA0570003
GU,ANDERSEN AIR FORCE BASE WATER SYSTEM,ANDERSEN AIR FORCE BASE WATER SYSTEM,96543,96543|96929,PFHxS,3.4,10.0,False,3300,S,GU0000009
GU,GWA NORTHERN WATER SYSTEM,GWA NORTHERN WATER SYSTEM,96910,96910|96913|96915|96929,PFBS,34.9,2000.0,False,10000,L,GU0000006
GU,GWA NORTHERN WATER SYSTEM,GWA NORTHERN WATER SYSTEM,96910,96910|96913|96915|96929,PFHxS,80.0,10.0,True,10000,L,GU0000006
GU,GWA NORTHERN WATER SYSTEM,GWA NORTHERN WATER SYSTEM,96910,96910|96913|96915|96929,PFOA,18.3,4.0,True,10000,L,GU0000006
GU,GWA NORTHERN WATER SYSTEM,GWA NORTHERN WATER SYSTEM,96910,96910|96913|96915|96929,PFOS,135.0,4.0,True,10000,L,GU0000006
GU,U.S. NAVY WATER SYSTEM,U.S. NAVY WATER SYSTEM,96910,96910|96913|96915|96929,PFHxS,3.4,10.0,False,10000,L,GU0000010
HI,HNL-WINDWARD-PEARL HARBOR,HNL-WINDWARD-PEARL HARBOR,96701,96701|96717|96730|96734|96744|96762|96782|96795|96813|96814|96815|96816|96817|96818|96819|96821|96822|96825|96826,PFHxS,3.0,10.0,False,10000,L,HI0000331
IA,BONDURANT MUNI WATER SUPPLY,BONDURANT MUNI WATER SUPPLY,50035,50035,PFHxS,3.5,10.0,False,3300,S,IA7717032
IA,BURLINGTON MUNICIPAL WATERWORKS,BURLINGTON MUNICIPAL WATERWORKS,52601,52601,PFBS,6.2,2000.0,False,10000,L,IA2909053
IA,CAMBRIDGE WATER SUPPLY,CAMBRIDGE WATER SUPPLY,50046,50046,PFBS,3.5,2000.0,False,3300,S,IA8509069
IA,CARLISLE WATER SUPPLY,CARLISLE WATER SUPPLY,50047,50047,PFHxS,3.1,10.0,False,3300,S,IA9113071
IA,DECORAH WATER DEPARTMENT,DECORAH WATER DEPARTMENT,52101,52101,PFBS,7.0,2000.0,False,3300,S,IA9630012
IA,DUBUQUE WATER WORKS,DUBUQUE WATER WORKS,52001,52001|52002|52003|52068,PFOA,5.1,4.0,True,10000,L,IA3126052
IA,HIAWATHA WATER DEPT,HIAWATHA WATER DEPT,52233,52233,PFBS,3.4,2000.0,False,3300,S,IA5735045
IA,HIAWATHA WATER DEPT,HIAWATHA WATER DEPT,52233,52233,PFHxS,3.7,10.0,False,3300,S,IA5735045
IA,IOWA-AMERICAN WTR CO-CLINTON DISTRICT,IOWA-AMERICAN WTR CO-CLINTON DISTRICT,52732,52732|52736,PFBS,11.7,2000.0,False,10000,L,IA2326048
IA,IOWA-AMERICAN WTR CO-DAVENPORT,IOWA-AMERICAN WTR CO-DAVENPORT,51357,51357|52722|52726|52732|52753|52801|52802|52803|52804|52805|52806|52807,PFOA,4.1,4.0,True,10000,L,IA8222001
IA,KEOKUK MUNICIPAL WATER WORKS,KEOKUK MUNICIPAL WATER WORKS,52632,52632,PFBS,6.3,2000.0,False,10000,L,IA5640019
IA,MUSCATINE POWER & WATER,MUSCATINE POWER & WATER,52761,52761,PFBS,5.2,2000.0,False,10000,L,IA7048001
IA,MUSCATINE POWER & WATER,MUSCATINE POWER & WATER,52761,52761,PFOA,7.2,4.0,True,10000,L,IA7048001
IA,MUSCATINE POWER & WATER,MUSCATINE POWER & WATER,52761,52761,PFOS,4.5,4.0,True,10000,L,IA7048001
IA,OSAGE MUNICIPAL WATER SUPPLY,OSAGE MUNICIPAL WATER SUPPLY,50461,50461,PFHxS,4.3,10.0,False,3300,S,IA6663001
IA,OSAGE MUNICIPAL WATER SUPPLY,OSAGE MUNICIPAL WATER SUPPLY,50461,50461,PFOS,4.2,4.0,True,3300,S,IA6663001
IA,SIOUX CITY WATER SUPPLY,SIOUX CITY WATER SUPPLY,51101,51101|51102|51103|51104|51105|51106|51107|51108|51111,PFBS,21.0,2000.0,False,10000,L,IA9778054
IA,SIOUX CITY WATER SUPPLY,SIOUX CITY WATER SUPPLY,51101,51101|51102|51103|51104|51105|51106|51107|51108|51111,PFHxS,35.0,10.0,True,10000,L,IA9778054
IA,SIOUX CITY WATER SUPPLY,SIOUX CITY WATER SUPPLY,51101,51101|51102|51103|51104|51105|51106|51107|51108|51111,PFOA,6.0,4.0,True,10000,L,IA9778054
IA,SIOUX CITY WATER SUPPLY,SIOUX CITY WATER SUPPLY,51101,51101|51102|51103|51104|51105|51106|51107|51108|51111,PFOS,4.3,4.0,True,10000,L,IA9778054
IA,URBAN BLUFFS - NORTH,URBAN BLUFFS - NORTH,51503,51503|51548|51559|51576,PFBS,3.7,2000.0,False,3300,S,IA7820701
IA,WATERLOO WATER WORKS,WATERLOO WATER WORKS,50701,50701|50702|50703|50704|50706|50707,PFBS,3.2,2000.0,False,10000,L,IA0790074
IA,WATERLOO WATER WORKS,WATERLOO WATER WORKS,50701,50701|50702|50703|50704|50706|50707,PFHxS,13.0,10.0,True,10000,L,IA0790074
IA,WAVERLY WATER DEPARTMENT,WAVERLY WATER DEPARTMENT,50677,50677,PFBS,4.7,2000.0,False,3300,S,IA0990085
IA,WAVERLY WATER DEPARTMENT,WAVERLY WATER DEPARTMENT,50677,50677,PFHxS,15.0,10.0,True,3300,S,IA0990085
IA,WAVERLY WATER DEPARTMENT,WAVERLY WATER DEPARTMENT,50677,50677,PFOA,7.2,4.0,True,3300,S,IA0990085
IA,WEST BURLINGTON MUNI. WATER SUPPLY,WEST BURLINGTON MUNI. WATER SUPPLY,52655,52655,PFBS,3.6,2000.0,False,3300,S,IA2985002
IA,WEST BURLINGTON MUNI. WATER SUPPLY,WEST BURLINGTON MUNI. WATER SUPPLY,52655,52655,PFOA,5.3,4.0,True,3300,S,IA2985002
ID,CAPITOL WATER CORP,CAPITOL WATER CORP,83704,83704,PFBS,4.0,2000.0,False,3300,S,ID4010022
ID,CAPITOL WATER CORP,CAPITOL WATER CORP,83704,83704,PFHxS,5.5,10.0,False,3300,S,ID4010022
ID,CAPITOL WATER CORP,CAPITOL WATER CORP,83704,83704,PFNA,51.0,10.0,True,3300,S,ID4010022
ID,CAPITOL WATER CORP,CAPITOL WATER CORP,83704,83704,PFOA,5.9,4.0,True,3300,S,ID4010022
ID,CAPITOL WATER CORP,CAPITOL WATER CORP,83704,83704,PFOS,9.8,4.0,True,3300,S,ID4010022
ID,GARDEN CITY WATER AND SEWER SYSTEM,GARDEN CITY WATER AND SEWER SYSTEM,83714,83714,PFBS,6.7,2000.0,False,10000,L,ID4010066
ID,GARDEN CITY WATER AND SEWER SYSTEM,GARDEN CITY WATER AND SEWER SYSTEM,83714,83714,PFHxS,25.4,10.0,True,10000,L,ID4010066
ID,GARDEN CITY WATER AND SEWER SYSTEM,GARDEN CITY WATER AND SEWER SYSTEM,83714,83714,PFNA,8.2,10.0,False,10000,L,ID4010066
ID,GARDEN CITY WATER AND SEWER SYSTEM,GARDEN CITY WATER AND SEWER SYSTEM,83714,83714,PFOS,28.2,4.0,True,10000,L,ID4010066
ID,LEWISTON CITY OF,LEWISTON CITY OF,83501,83501,PFBS,5.6,2000.0,False,10000,L,ID2350014
ID,MERIDIAN WATER DEPT,MERIDIAN WATER DEPT,83642,83642|83646|83680,PFHxS,3.8,10.0,False,10000,L,ID4010097
ID,MERIDIAN WATER DEPT,MERIDIAN WATER DEPT,83642,83642|83646|83680,PFOS,4.9,4.0,True,10000,L,ID4010097
ID,MOUNTAIN HOME AIR FORCE BASE,MOUNTAIN HOME AIR FORCE BASE,83648,83648,PFBS,4.8,2000.0,False,3300,S,ID4200054
ID,MOUNTAIN HOME AIR FORCE BASE,MOUNTAIN HOME AIR FORCE BASE,83648,83648,PFHxS,10.0,10.0,False,3300,S,ID4200054
ID,SHELLEY CITY OF,SHELLEY CITY OF,83274,83274,PFBS,3.0,2000.0,False,3300,S,ID6060071
IL,ABINGDON,ABINGDON,61410,61410,PFBS,3.5,2000.0,False,3300,S,IL0950050
IL,ABINGDON,ABINGDON,61410,61410,PFOA,9.4,4.0,True,3300,S,IL0950050
IL,ABINGDON,ABINGDON,61410,61410,PFOS,4.8,4.0,True,3300,S,IL0950050
IL,AQUA ILLINOIS-UNIVERSITY PARK,AQUA ILLINOIS-UNIVERSITY PARK,60484,60484,PFBS,5.3,2000.0,False,3300,S,IL1975030
IL,AURORA,AURORA,60502,60502|60504|60505|60506|60564,PFBS,3.7,2000.0,False,10000,L,IL0894070
IL,BELVIDERE,BELVIDERE,61008,61008,PFHxS,5.5,10.0,False,10000,L,IL0070050
IL,BETHALTO,BETHALTO,62010,62010|62018|62024|62067,PFBS,4.5,2000.0,False,10000,L,IL1190150
IL,BETHALTO,BETHALTO,62010,62010|62018|62024|62067,PFHxS,3.6,10.0,False,10000,L,IL1190150
IL,CHANNAHON,CHANNAHON,60410,60410|60447,PFBS,17.0,2000.0,False,3300,S,IL1970200
IL,CHANNAHON,CHANNAHON,60410,60410|60447,PFOA,4.6,4.0,True,3300,S,IL1970200
IL,CHANNAHON,CHANNAHON,60410,60410|60447,PFOS,5.9,4.0,True,3300,S,IL1970200
IL,CHESTER,CHESTER,62233,62233|62241,PFBS,3.2,2000.0,False,3300,S,IL1570100
IL,"COLLINSVILLE, IL","COLLINSVILLE, IL",62234,62234,PFBS,16.0,2000.0,False,10000,L,IL1194280
IL,"COLLINSVILLE, IL","COLLINSVILLE, IL",62234,62234,PFHxS,12.0,10.0,True,10000,L,IL1194280
IL,"COLLINSVILLE, IL","COLLINSVILLE, IL",62234,62234,PFOA,18.0,4.0,True,10000,L,IL1194280
IL,"COLLINSVILLE, IL","COLLINSVILLE, IL",62234,62234,PFOS,8.9,4.0,True,10000,L,IL1194280
IL,COLUMBIA,COLUMBIA,62206,62206|62236|62239|62240,PFBS,3.4,2000.0,False,10000,L,IL1330050
IL,CREST HILL,CREST HILL,60403,60403,PFBS,52.1,2000.0,False,10000,L,IL1970250
IL,CREST HILL,CREST HILL,60403,60403,PFHxS,12.2,10.0,True,10000,L,IL1970250
IL,CREST HILL,CREST HILL,60403,60403,PFOA,13.7,4.0,True,10000,L,IL1970250
IL,CRYSTAL LAKE,CRYSTAL LAKE,60014,60014,PFBS,4.6,2000.0,False,10000,L,IL1110150
IL,DIXMOOR,DIXMOOR,60406,60406|60426,PFOA,4.8,4.0,True,3300,S,IL0310660
IL,DIXMOOR,DIXMOOR,60406,60406|60426,PFOS,5.5,4.0,True,3300,S,IL0310660
IL,DUPO,DUPO,62236,62236|62239|62240|62260,PFBS,3.7,2000.0,False,3300,S,IL1630350
IL,DUPO,DUPO,62236,62236|62239|62240|62260,PFHxS,3.1,10.0,False,3300,S,IL1630350
IL,DUPO,DUPO,62236,62236|62239|62240|62260,PFOS,5.6,4.0,True,3300,S,IL1630350
IL,EAST ALTON,EAST ALTON,62024,62024,PFBS,8.4,2000.0,False,3300,S,IL1190200
IL,EAST ALTON,EAST ALTON,62024,62024,PFHxS,8.8,10.0,False,3300,S,IL1190200
IL,EAST ALTON,EAST ALTON,62024,62024,PFOA,16.0,4.0,True,3300,S,IL1190200
IL,EAST ALTON,EAST ALTON,62024,62024,PFOS,17.0,4.0,True,3300,S,IL1190200
IL,EAST MOLINE,EAST MOLINE,61244,61244,PFBS,3.6,2000.0,False,10000,L,IL1610250
IL,EAST PEORIA,EAST PEORIA,61571,61571|61611,PFBS,7.3,2000.0,False,10000,L,IL1790200
IL,EAST PEORIA,EAST PEORIA,61571,61571|61611,PFHxS,4.1,10.0,False,10000,L,IL1790200
IL,EAST PEORIA,EAST PEORIA,61571,61571|61611,PFOS,4.2,4.0,True,10000,L,IL1790200
IL,EDWARDSVILLE,EDWARDSVILLE,62025,62025,PFBS,3.5,2000.0,False,10000,L,IL1190250
IL,FOX LAKE,FOX LAKE,60020,60020|60041|60050|60081,PFOS,5.0,4.0,True,10000,L,IL0970200
IL,FOX RIVER GROVE,FOX RIVER GROVE,60021,60021,PFHxS,4.6,10.0,False,3300,S,IL1110200
IL,FREEBURG,FREEBURG,62243,62243,PFOS,7.0,4.0,True,3300,S,IL1630600
IL,FREEPORT,FREEPORT,61032,61032,PFOS,14.0,4.0,True,10000,L,IL1770200
IL,GALESBURG,GALESBURG,61401,61401|61410|61430|61439|61448|61453,PFBS,6.6,2000.0,False,10000,L,IL0950200
IL,GALESBURG,GALESBURG,61401,61401|61410|61430|61439|61448|61453,PFOA,14.0,4.0,True,10000,L,IL0950200
IL,GALESBURG,GALESBURG,61401,61401|61410|61430|61439|61448|61453,PFOS,4.2,4.0,True,10000,L,IL0950200
IL,HOMEWOOD,HOMEWOOD,60430,60430,PFOA,4.3,4.0,True,10000,L,IL0311350
IL,IL AMERICAN-PEKIN,IL AMERICAN-PEKIN,61535,61535|61546|61554|61555|61558|61568,PFBS,10.4,2000.0,False,10000,L,IL1795040
IL,IL AMERICAN-PEKIN,IL AMERICAN-PEKIN,61535,61535|61546|61554|61555|61558|61568,PFHxS,8.3,10.0,False,10000,L,IL1795040
IL,IL AMERICAN-PEKIN,IL AMERICAN-PEKIN,61535,61535|61546|61554|61555|61558|61568,PFNA,4.5,10.0,False,10000,L,IL1795040
IL,IL AMERICAN-PEKIN,IL AMERICAN-PEKIN,61535,61535|61546|61554|61555|61558|61568,PFOS,4.4,4.0,True,10000,L,IL1795040
IL,IL AMERICAN-PEORIA,IL AMERICAN-PEORIA,61523,61523|61525|61526|61528|61536|61539|61547|61552|61601|61602|61603|61604|61605|61606|61607|61612|61613|61614|61615|61616|61625|61629|61630|61633|61634|61636|61637|61638|61639|61641|61643|61650|61651|61652|61653|61654|61655|61656,PFBS,4.8,2000.0,False,10000,L,IL1435030
IL,IL AMERICAN-PEORIA,IL AMERICAN-PEORIA,61523,61523|61525|61526|61528|61536|61539|61547|61552|61601|61602|61603|61604|61605|61606|61607|61612|61613|61614|61615|61616|61625|61629|61630|61633|61634|61636|61637|61638|61639|61641|61643|61650|61651|61652|61653|61654|61655|61656,PFOS,6.5,4.0,True,10000,L,IL1435030
IL,IL AMERICAN-SOUTH BELOIT,IL AMERICAN-SOUTH BELOIT,61080,61080,PFBS,3.7,2000.0,False,3300,S,IL2010450
IL,IL AMERICAN-STREATOR,IL AMERICAN-STREATOR,60470,60470|61311|61313|61319|61321|61333|61364|61740,PFBS,5.5,2000.0,False,10000,L,IL0995030
IL,IL AMERICAN-VALLEY VIEW,IL AMERICAN-VALLEY VIEW,60137,60137|60148,PFOA,7.3,4.0,True,3300,S,IL0437350
IL,IL American - Lincoln,IL American - Lincoln,62656,62656,PFOA,5.7,4.0,True,10000,L,IL1075030
IL,LA SALLE,LA SALLE,61301,61301,PFBS,3.1,2000.0,False,3300,S,IL0990300
IL,LOCKPORT,LOCKPORT,60441,60441,PFBS,3.2,2000.0,False,10000,L,IL1970500
IL,LOCKPORT,LOCKPORT,60441,60441,PFHxS,9.2,10.0,False,10000,L,IL1970500
IL,MARENGO,MARENGO,60152,60152,PFBS,11.0,2000.0,False,3300,S,IL1110650
IL,MCHENRY,MCHENRY,60050,60050,PFBS,3.9,2000.0,False,10000,L,IL1110600
IL,MILLSTADT,MILLSTADT,62260,62260,PFBS,23.0,2000.0,False,3300,S,IL1630850
IL,MINOOKA,MINOOKA,60447,60447,PFBS,4.0,2000.0,False,10000,L,IL0630550
IL,MITCHELL PWD,MITCHELL PWD,62025,62025|62040,PFBS,21.0,2000.0,False,3300,S,IL1195210
IL,MORO PWD,MORO PWD,62067,62067,PFBS,4.7,2000.0,False,3300,S,IL1195250
IL,MORO PWD,MORO PWD,62067,62067,PFHxS,4.6,10.0,False,3300,S,IL1195250
IL,MOUNT CARMEL,MOUNT CARMEL,62863,62863,PFBS,4.1,2000.0,False,3300,S,IL1850200
IL,MOUNT CARMEL,MOUNT CARMEL,62863,62863,PFOS,4.8,4.0,True,3300,S,IL1850200
IL,NEW BADEN,NEW BADEN,62258,62258|62265|62293,PFOS,9.4,4.0,True,3300,S,IL0274700
IL,NORTH EAST CENTRAL PWD,NORTH EAST CENTRAL PWD,62010,62010|62025|62084|62097,PFOA,4.1,4.0,True,3300,S,IL1195280
IL,NORTH EAST CENTRAL PWD,NORTH EAST CENTRAL PWD,62010,62010|62025|62084|62097,PFOS,4.1,4.0,True,3300,S,IL1195280
IL,NORTH PARK PWD,NORTH PARK PWD,61011,61011|61073|61103|61111|61115,PFBS,5.4,2000.0,False,10000,L,IL2015500
IL,NORTH PARK PWD,NORTH PARK PWD,61011,61011|61073|61103|61111|61115,PFHxS,18.2,10.0,True,10000,L,IL2015500
IL,NORTH PARK PWD,NORTH PARK PWD,61011,61011|61073|61103|61111|61115,PFOA,6.2,4.0,True,10000,L,IL2015500
IL,NORTH PARK PWD,NORTH PARK PWD,61011,61011|61073|61103|61111|61115,PFOS,7.3,4.0,True,10000,L,IL2015500
IL,PEORIA HEIGHTS,PEORIA HEIGHTS,61603,61603|61614|61616,PFBS,17.0,2000.0,False,3300,S,IL1434750
IL,PEORIA HEIGHTS,PEORIA HEIGHTS,61603,61603|61614|61616,PFHxS,6.5,10.0,False,3300,S,IL1434750
IL,PLEASANT VALLEY PWD,PLEASANT VALLEY PWD,61604,61604,PFBS,11.0,2000.0,False,3300,S,IL1435470
IL,PLEASANT VALLEY PWD,PLEASANT VALLEY PWD,61604,61604,PFHxS,14.0,10.0,True,3300,S,IL1435470
IL,Prairie Path Water Co. - Whispering Hills,Prairie Path Water Co. - Whispering Hills,60050,60050,PFBS,8.6,2000.0,False,3300,S,IL1115700
IL,Prairie Path Water Co. - Whispering Hills,Prairie Path Water Co. - Whispering Hills,60050,60050,PFHxS,5.7,10.0,False,3300,S,IL1115700
IL,Prairie Path Water Co. - Whispering Hills,Prairie Path Water Co. - Whispering Hills,60050,60050,PFOA,8.3,4.0,True,3300,S,IL1115700
IL,QUINCY,QUINCY,62301,62301|62305,PFBS,5.7,2000.0,False,10000,L,IL0010650
IL,ROBINSON-PALESTINE WATER COMMISSION,ROBINSON-PALESTINE WATER COMMISSION,62433,62433|62449|62451|62454,PFHxS,4.0,10.0,False,10000,L,IL0335030
IL,ROBINSON-PALESTINE WATER COMMISSION,ROBINSON-PALESTINE WATER COMMISSION,62433,62433|62449|62451|62454,PFOS,4.6,4.0,True,10000,L,IL0335030
IL,"ROCK ISLAND ARSENAL, US ARMY","ROCK ISLAND ARSENAL, US ARMY",61299,61299,PFOA,4.6,4.0,True,3300,S,IL1615387
IL,"ROCKFORD, IL","ROCKFORD, IL",61101,61101|61102|61103|61107|61108|61109|61114,PFHxS,6.6,10.0,False,10000,L,IL2010300
IL,ROCKTON,ROCKTON,61072,61072|61073,PFHxS,12.0,10.0,True,3300,S,IL2010350
IL,SOUTH ELGIN,SOUTH ELGIN,60177,60177,PFBS,9.7,2000.0,False,10000,L,IL0890800
IL,SOUTH ELGIN,SOUTH ELGIN,60177,60177,PFOA,5.7,4.0,True,10000,L,IL0890800
IL,SOUTHERN IL UNIVERSITY-EDWARDSVILLE,SOUTHERN IL UNIVERSITY-EDWARDSVILLE,62026,62026,PFBS,3.7,2000.0,False,3300,S,IL1195550
IL,ST CHARLES,ST CHARLES,60174,60174,PFBS,4.3,2000.0,False,10000,L,IL0894830
IL,SUGAR GROVE,SUGAR GROVE,60554,60554,PFHxS,8.0,10.0,False,10000,L,IL0890850
IL,"TROY, IL","TROY, IL",62234,62234|62281|62294,PFBS,3.9,2000.0,False,10000,L,IL1191000
IL,WILMINGTON,WILMINGTON,60481,60481,PFBS,3.1,2000.0,False,3300,S,IL1971100
IN,ANDERSON WATER DEPARTMENT,ANDERSON WATER DEPARTMENT,46011,46011|46013|46016,PFOS,4.1,4.0,True,10000,L,IN5248002
IN,ANGOLA WATER DEPARTMENT,ANGOLA WATER DEPARTMENT,46703,46703,PFBS,4.6,2000.0,False,3300,S,IN5276001
IN,BROWN COUNTY WATER UTILITY,BROWN COUNTY WATER UTILITY,46151,46151|46160|46164|46181|47201|47235|47448|47468,PFBS,3.1,2000.0,False,10000,L,IN5207001
IN,BROWN COUNTY WATER UTILITY,BROWN COUNTY WATER UTILITY,46151,46151|46160|46164|46181|47201|47235|47448|47468,PFOA,12.9,4.0,True,10000,L,IN5207001
IN,BROWN COUNTY WATER UTILITY,BROWN COUNTY WATER UTILITY,46151,46151|46160|46164|46181|47201|47235|47448|47468,PFOS,10.5,4.0,True,10000,L,IN5207001
IN,CANAAN UTILITIES,CANAAN UTILITIES,47017,47017|47023|47042|47224|47250,PFBS,4.3,2000.0,False,3300,S,IN5239001
IN,CITIZENS WATER - INDIANAPOLIS,CITIZENS WATER - INDIANAPOLIS,46032,46032|46037|46038|46040|46055|46062|46077|46107|46112|46113|46123|46140|46143|46163|46183|46201|46202|46203|46204|46205|46206|46208|46214|46216|46217|46218|46219|46220|46221|46222|46224|46225|46226|46227|46228|46229|46231|46234|46235|46236|46237|46239|46240|46241|46249|46250|46251|46254|46256|46259|46260|46268|46278|46282|46285,PFBS,4.0,2000.0,False,10000,L,IN5249004
IN,CLINTON WATER UTILITY,CLINTON WATER UTILITY,47842,47842,PFBS,4.1,2000.0,False,3300,S,IN5283004
IN,CLINTON WATER UTILITY,CLINTON WATER UTILITY,47842,47842,PFHxS,5.6,10.0,False,3300,S,IN5283004
IN,COLUMBUS MUNICIPAL UTILITY,COLUMBUS MUNICIPAL UTILITY,47201,47201|47203,PFBS,9.6,2000.0,False,10000,L,IN5203002
IN,DUPONT WATER COMPANY,DUPONT WATER COMPANY,47223,47223|47230|47231|47243|47250|47265|47282,PFBS,4.5,2000.0,False,3300,S,IN5240004
IN,ELKHART PUBLIC WORKS AND UTILITIES,ELKHART PUBLIC WORKS AND UTILITIES,46514,46514|46515|46516|46517,PFBS,9.8,2000.0,False,10000,L,IN5220008
IN,ELKHART PUBLIC WORKS AND UTILITIES,ELKHART PUBLIC WORKS AND UTILITIES,46514,46514|46515|46516|46517,PFHxS,8.8,10.0,False,10000,L,IN5220008
IN,ELKHART PUBLIC WORKS AND UTILITIES,ELKHART PUBLIC WORKS AND UTILITIES,46514,46514|46515|46516|46517,PFOA,5.2,4.0,True,10000,L,IN5220008
IN,"GIBSON WATER, INC.","GIBSON WATER, INC.",47639,47639|47648|47649|47665|47670,PFOA,4.9,4.0,True,3300,S,IN5226009
IN,GREENVILLE WATER UTILITY,GREENVILLE WATER UTILITY,47119,47119|47122|47124,PFBS,3.0,2000.0,False,3300,S,IN5222004
IN,GREENVILLE WATER UTILITY,GREENVILLE WATER UTILITY,47119,47119|47122|47124,PFOA,7.2,4.0,True,3300,S,IN5222004
IN,HANOVER WATER DEPARTMENT,HANOVER WATER DEPARTMENT,47243,47243,PFBS,5.2,2000.0,False,3300,S,IN5239003
IN,HANOVER WATER DEPARTMENT,HANOVER WATER DEPARTMENT,47243,47243,PFOA,6.3,4.0,True,3300,S,IN5239003
IN,HANOVER WATER DEPARTMENT,HANOVER WATER DEPARTMENT,47243,47243,PFOS,4.1,4.0,True,3300,S,IN5239003
IN,INDIANA AMERICAN WATER - CHARLESTOWN,INDIANA AMERICAN WATER - CHARLESTOWN,47111,47111,PFOA,13.4,4.0,True,3300,S,IN5210003
IN,INDIANA AMERICAN WATER - CRAWFORDSVILLE,INDIANA AMERICAN WATER - CRAWFORDSVILLE,47933,47933,PFBS,4.9,2000.0,False,10000,L,IN5254005
IN,INDIANA AMERICAN WATER - TERRE HAUTE,INDIANA AMERICAN WATER - TERRE HAUTE,47801,47801|47802|47803|47804|47805|47807|47808|47809|47885,PFBS,3.0,2000.0,False,10000,L,IN5284012
IN,INDIANA AMERICAN WATER - TERRE HAUTE,INDIANA AMERICAN WATER - TERRE HAUTE,47801,47801|47802|47803|47804|47805|47807|47808|47809|47885,PFOS,5.2,4.0,True,10000,L,IN5284012
IN,INDIANA AMERICAN WATER - WARSAW,INDIANA AMERICAN WATER - WARSAW,46580,46580|46581|46582|46590,PFBS,5.1,2000.0,False,10000,L,IN5243030
IN,JACKSON COUNTY WATER UTILITY,JACKSON COUNTY WATER UTILITY,47201,47201|47220|47229|47235|47260|47264|47270|47274|47281,PFOA,6.0,4.0,True,10000,L,IN5236003
IN,JACKSON COUNTY WATER UTILITY,JACKSON COUNTY WATER UTILITY,47201,47201|47220|47229|47235|47260|47264|47270|47274|47281,PFOS,5.1,4.0,True,10000,L,IN5236003
IN,LAPORTE WATER WORKS,LAPORTE WATER WORKS,46350,46350,PFBS,7.4,2000.0,False,10000,L,IN5246017
IN,"MADISON WATER DEPARTMENT, IN","MADISON WATER DEPARTMENT, IN",47231,47231|47243|47250,PFBS,8.5,2000.0,False,10000,L,IN5239006
IN,"MADISON WATER DEPARTMENT, IN","MADISON WATER DEPARTMENT, IN",47231,47231|47243|47250,PFOA,4.6,4.0,True,10000,L,IN5239006
IN,MARYSVILLE OTISCO NABB WATER CORP.,MARYSVILLE OTISCO NABB WATER CORP.,47111,47111|47126|47138|47141|47143|47163|47177,PFOA,14.5,4.0,True,3300,S,IN5210006
IN,MISHAWAKA UTILITIES,MISHAWAKA UTILITIES,46530,46530|46544|46545|46561|46635,PFBS,3.7,2000.0,False,10000,L,IN5271009
IN,MISHAWAKA UTILITIES,MISHAWAKA UTILITIES,46530,46530|46544|46545|46561|46635,PFHxS,5.6,10.0,False,10000,L,IN5271009
IN,MISHAWAKA UTILITIES,MISHAWAKA UTILITIES,46530,46530|46544|46545|46561|46635,PFOS,4.2,4.0,True,10000,L,IN5271009
IN,MOUNT VERNON WATER WORKS,MOUNT VERNON WATER WORKS,47620,47620,HFPO-DA (GenX),5.3,10.0,False,3300,S,IN5265006
IN,MOUNT VERNON WATER WORKS,MOUNT VERNON WATER WORKS,47620,47620,PFOA,4.0,4.0,False,3300,S,IN5265006
IN,NAPOLEON COMMUNITY RURAL WATER CORP.,NAPOLEON COMMUNITY RURAL WATER CORP.,47006,47006|47034|47036|47037|47240|47263,PFBS,5.4,2000.0,False,3300,S,IN5269007
IN,PALMYRA WATER WORKS,PALMYRA WATER WORKS,47115,47115|47120|47124|47161|47164,PFOA,6.5,4.0,True,3300,S,IN5231004
IN,"PIKE-GIBSON WATER, INC.","PIKE-GIBSON WATER, INC.",47564,47564|47598|47613|47640|47647|47649|47660,HFPO-DA (GenX),5.3,10.0,False,3300,S,IN5263003
IN,"PIKE-GIBSON WATER, INC.","PIKE-GIBSON WATER, INC.",47564,47564|47598|47613|47640|47647|47649|47660,PFBS,3.5,2000.0,False,3300,S,IN5263003
IN,"PIKE-GIBSON WATER, INC.","PIKE-GIBSON WATER, INC.",47564,47564|47598|47613|47640|47647|47649|47660,PFOA,7.9,4.0,True,3300,S,IN5263003
IN,PLAINFIELD WATER WORKS,PLAINFIELD WATER WORKS,46118,46118|46123|46158|46168|46241,PFBS,3.8,2000.0,False,10000,L,IN5232020
IN,PURDUE UNIV. WATER WORKS,PURDUE UNIV. WATER WORKS,47906,47906|47907,PFBS,17.4,2000.0,False,10000,L,IN5279015
IN,PURDUE UNIV. WATER WORKS,PURDUE UNIV. WATER WORKS,47906,47906|47907,PFHxS,6.8,10.0,False,10000,L,IN5279015
IN,"RAMSEY WATER COMPANY, INC.","RAMSEY WATER COMPANY, INC.",47112,47112|47114|47115|47119|47122|47124|47136|47137|47161|47164|47166,PFOA,5.2,4.0,True,10000,L,IN5231005
IN,SELLERSBURG WATER DEPARTMENT,SELLERSBURG WATER DEPARTMENT,47130,47130|47172,PFOA,4.0,4.0,False,10000,L,IN5210010
IN,SOUTH BEND WATER WORKS,SOUTH BEND WATER WORKS,46530,46530|46544|46552|46554|46556|46601|46613|46614|46615|46616|46617|46619|46624|46628|46634|46635|46637|46660|46680,PFBS,8.7,2000.0,False,10000,L,IN5271014
IN,SOUTH BEND WATER WORKS,SOUTH BEND WATER WORKS,46530,46530|46544|46552|46554|46556|46601|46613|46614|46615|46616|46617|46619|46624|46628|46634|46635|46637|46660|46680,PFHxS,25.6,10.0,True,10000,L,IN5271014
IN,SOUTH BEND WATER WORKS,SOUTH BEND WATER WORKS,46530,46530|46544|46552|46554|46556|46601|46613|46614|46615|46616|46617|46619|46624|46628|46634|46635|46637|46660|46680,PFOA,10.0,4.0,True,10000,L,IN5271014
IN,SOUTHWESTERN BARTHOLOMEW WATER CORP.,SOUTHWESTERN BARTHOLOMEW WATER CORP.,47201,47201|47448,PFBS,8.7,2000.0,False,3300,S,IN5203008
IN,TELL CITY WATER DEPARTMENT,TELL CITY WATER DEPARTMENT,47520,47520|47525|47551|47574|47586,PFOA,4.3,4.0,True,3300,S,IN5262004
IN,UNIVERSITY OF NOTRE DAME,UNIVERSITY OF NOTRE DAME,46556,46556,PFBS,4.5,2000.0,False,3300,S,IN5271020
IN,UNIVERSITY OF NOTRE DAME,UNIVERSITY OF NOTRE DAME,46556,46556,PFOA,4.1,4.0,True,3300,S,IN5271020
IN,WEST TERRE HAUTE WATER,WEST TERRE HAUTE WATER,47885,47885,PFBS,3.5,2000.0,False,3300,S,IN5284015
IN,WEST TERRE HAUTE WATER,WEST TERRE HAUTE WATER,47885,47885,PFHxS,3.5,10.0,False,3300,S,IN5284015
IN,WEST TERRE HAUTE WATER,WEST TERRE HAUTE WATER,47885,47885,PFOS,7.1,4.0,True,3300,S,IN5284015
KS,"ARKANSAS CITY, CITY OF","ARKANSAS CITY, CITY OF",67005,67005,PFHxS,3.4,10.0,False,10000,L,KS2003509
KS,"ARKANSAS CITY, CITY OF","ARKANSAS CITY, CITY OF",67005,67005,PFOS,4.4,4.0,True,10000,L,KS2003509
KS,"COFFEYVILLE, CITY OF","COFFEYVILLE, CITY OF",67337,67337,PFBS,3.1,2000.0,False,3300,S,KS2012513
KS,"DESOTO, CITY OF","DESOTO, CITY OF",66018,66018,PFBS,3.1,2000.0,False,3300,S,KS2009102
KS,DOUGLAS CO RWD 3,DOUGLAS CO RWD 3,66047,66047|66049|66050|66409|66524|66542|66546|66609,PFBS,3.0,2000.0,False,3300,S,KS2004507
KS,DOUGLAS CO RWD 3,DOUGLAS CO RWD 3,66047,66047|66049|66050|66409|66524|66542|66546|66609,PFHxS,3.3,10.0,False,3300,S,KS2004507
KS,FRUSI WATER TREATMENT PLANT,FRUSI WATER TREATMENT PLANT,66442,66442,PFBS,6.9,2000.0,False,10000,L,KS2006114
KS,FRUSI WATER TREATMENT PLANT,FRUSI WATER TREATMENT PLANT,66442,66442,PFHxS,20.1,10.0,True,10000,L,KS2006114
KS,FRUSI WATER TREATMENT PLANT,FRUSI WATER TREATMENT PLANT,66442,66442,PFOA,21.1,4.0,True,10000,L,KS2006114
KS,FRUSI WATER TREATMENT PLANT,FRUSI WATER TREATMENT PLANT,66442,66442,PFOS,8.8,4.0,True,10000,L,KS2006114
KS,"GODDARD, CITY OF","GODDARD, CITY OF",67052,67052,PFBS,17.0,2000.0,False,3300,S,KS2017325
KS,"GREAT BEND, CITY OF","GREAT BEND, CITY OF",67530,67530,PFBS,11.0,2000.0,False,10000,L,KS2000911
KS,"GREAT BEND, CITY OF","GREAT BEND, CITY OF",67530,67530,PFHxS,60.0,10.0,True,10000,L,KS2000911
KS,"GREAT BEND, CITY OF","GREAT BEND, CITY OF",67530,67530,PFOA,5.2,4.0,True,10000,L,KS2000911
KS,"GREAT BEND, CITY OF","GREAT BEND, CITY OF",67530,67530,PFOS,11.0,4.0,True,10000,L,KS2000911
KS,"HAYS, CITY OF","HAYS, CITY OF",67601,67601,PFBS,3.8,2000.0,False,10000,L,KS2005111
KS,"HUGOTON, CITY OF","HUGOTON, CITY OF",67951,67951,PFHxS,3.1,10.0,False,3300,S,KS2018901
KS,"LAWRENCE, CITY OF","LAWRENCE, CITY OF",66044,66044|66046|66047|66049,PFHxS,4.2,10.0,False,10000,L,KS2004503
KS,"MULVANE, CITY OF","MULVANE, CITY OF",67110,67110,PFBS,37.1,2000.0,False,3300,S,KS2019113
KS,"PARK CITY, CITY OF","PARK CITY, CITY OF",67147,67147|67204|67219,PFBS,6.2,2000.0,False,3300,S,KS2017303
KS,"PARK CITY, CITY OF","PARK CITY, CITY OF",67147,67147|67204|67219,PFHxS,7.2,10.0,False,3300,S,KS2017303
KS,"PARK CITY, CITY OF","PARK CITY, CITY OF",67147,67147|67204|67219,PFOS,4.5,4.0,True,3300,S,KS2017303
KS,"PRATT, CITY OF","PRATT, CITY OF",67124,67124,PFBS,4.4,2000.0,False,3300,S,KS2015103
KS,"PRATT, CITY OF","PRATT, CITY OF",67124,67124,PFNA,6.2,10.0,False,3300,S,KS2015103
KS,"PRATT, CITY OF","PRATT, CITY OF",67124,67124,PFOS,4.1,4.0,True,3300,S,KS2015103
KS,"SALINA, CITY OF","SALINA, CITY OF",67401,67401,PFBS,30.1,2000.0,False,10000,L,KS2016914
KS,"SALINA, CITY OF","SALINA, CITY OF",67401,67401,PFHxS,3.3,10.0,False,10000,L,KS2016914
KS,SHAWNEE CO RWD 8,SHAWNEE CO RWD 8,66409,66409|66542|66605|66609,PFHxS,3.2,10.0,False,3300,S,KS2017708
KS,"WAMEGO, CITY OF","WAMEGO, CITY OF",66547,66547,PFBS,10.5,2000.0,False,3300,S,KS2014908
KY,BEATTYVILLE WATER WORKS,BEATTYVILLE WATER WORKS,41311,41311,PFBS,4.4,2000.0,False,3300,S,KY0650024
KY,BEATTYVILLE WATER WORKS,BEATTYVILLE WATER WORKS,41311,41311,PFOA,5.4,4.0,True,3300,S,KY0650024
KY,BEATTYVILLE WATER WORKS,BEATTYVILLE WATER WORKS,41311,41311,PFOS,5.4,4.0,True,3300,S,KY0650024
KY,BIG SANDY WATER DISTRICT,BIG SANDY WATER DISTRICT,41124,41124|41129|41132|41143|41146|41168|41201|41230|41232|41240|41254|41264,HFPO-DA (GenX),25.0,10.0,True,10000,L,KY0100944
KY,BIG SANDY WATER DISTRICT,BIG SANDY WATER DISTRICT,41124,41124|41129|41132|41143|41146|41168|41201|41230|41232|41240|41254|41264,PFBS,3.7,2000.0,False,10000,L,KY0100944
KY,BRACKEN COUNTY WATER DISTRICT,BRACKEN COUNTY WATER DISTRICT,41002,41002|41004|41040|41043|41044,PFBS,3.1,2000.0,False,3300,S,KY0120039
KY,BRACKEN COUNTY WATER DISTRICT,BRACKEN COUNTY WATER DISTRICT,41002,41002|41004|41040|41043|41044,PFHxS,5.5,10.0,False,3300,S,KY0120039
KY,BUFFALO TRAIL WATER ASSOC,BUFFALO TRAIL WATER ASSOC,41004,41004|41031|41039|41044|41055|41056|41064,PFOA,5.0,4.0,True,3300,S,KY0810046
KY,BUFFALO TRAIL WATER ASSOC,BUFFALO TRAIL WATER ASSOC,41004,41004|41031|41039|41044|41055|41056|41064,PFOS,4.2,4.0,True,3300,S,KY0810046
KY,CANNONSBURG WATER DISTRICT,CANNONSBURG WATER DISTRICT,41102,41102|41121|41129|41144,PFBS,3.4,2000.0,False,3300,S,KY0100064
KY,CANNONSBURG WATER DISTRICT,CANNONSBURG WATER DISTRICT,41102,41102|41121|41129|41144,PFOA,6.8,4.0,True,3300,S,KY0100064
KY,CARROLLTON UTILITIES,CARROLLTON UTILITIES,41008,41008,PFBS,4.0,2000.0,False,3300,S,KY0210067
KY,CARROLLTON UTILITIES,CARROLLTON UTILITIES,41008,41008,PFHxS,12.0,10.0,True,3300,S,KY0210067
KY,CORBIN UTILITIES COMMISSION,CORBIN UTILITIES COMMISSION,40701,40701|40702,PFBS,3.7,2000.0,False,10000,L,KY1180085
KY,CORBIN UTILITIES COMMISSION,CORBIN UTILITIES COMMISSION,40701,40701|40702,PFOA,6.7,4.0,True,10000,L,KY1180085
KY,CRITTENDEN-LIVINGSTON CO WATER DISTRICT,CRITTENDEN-LIVINGSTON CO WATER DISTRICT,42028,42028|42044|42045|42047|42058|42064|42078|42081|42083,PFOS,7.3,4.0,True,3300,S,KY0700532
KY,CUMBERLAND FALLS HIGHWAY WATER DISTRICT,CUMBERLAND FALLS HIGHWAY WATER DISTRICT,40701,40701,PFBS,5.1,2000.0,False,3300,S,KY1180093
KY,CUMBERLAND FALLS HIGHWAY WATER DISTRICT,CUMBERLAND FALLS HIGHWAY WATER DISTRICT,40701,40701,PFOA,8.6,4.0,True,3300,S,KY1180093
KY,CYNTHIANA MUNICIPAL WATER WORKS,CYNTHIANA MUNICIPAL WATER WORKS,41031,41031,PFHxS,11.0,10.0,True,3300,S,KY0490096
KY,CYNTHIANA MUNICIPAL WATER WORKS,CYNTHIANA MUNICIPAL WATER WORKS,41031,41031,PFOS,37.0,4.0,True,3300,S,KY0490096
KY,E DAVIESS CO WATER ASSOC INC,E DAVIESS CO WATER ASSOC INC,42301,42301|42303|42343|42347|42348|42351|42355|42366|42368|42378,PFOA,5.0,4.0,True,10000,L,KY0300109
KY,EAST PENDLETON WATER DISTRICT,EAST PENDLETON WATER DISTRICT,41003,41003|41004|41006|41007|41031|41040|41043,PFBS,3.1,2000.0,False,3300,S,KY0960112
KY,EAST PENDLETON WATER DISTRICT,EAST PENDLETON WATER DISTRICT,41003,41003|41004|41006|41007|41031|41040|41043,PFHxS,5.6,10.0,False,3300,S,KY0960112
KY,EAST PENDLETON WATER DISTRICT,EAST PENDLETON WATER DISTRICT,41003,41003|41004|41006|41007|41031|41040|41043,PFOA,4.1,4.0,True,3300,S,KY0960112
KY,FLATWOODS WATER COMPANY,FLATWOODS WATER COMPANY,41139,41139,PFBS,4.0,2000.0,False,3300,S,KY0450132
KY,FLATWOODS WATER COMPANY,FLATWOODS WATER COMPANY,41139,41139,PFOA,6.5,4.0,True,3300,S,KY0450132
KY,GEORGETOWN MUNICIPAL WATER SERVICE,GEORGETOWN MUNICIPAL WATER SERVICE,40324,40324,PFBS,9.4,2000.0,False,10000,L,KY1050157
KY,GEORGETOWN MUNICIPAL WATER SERVICE,GEORGETOWN MUNICIPAL WATER SERVICE,40324,40324,PFHxS,3.0,10.0,False,10000,L,KY1050157
KY,GEORGETOWN MUNICIPAL WATER SERVICE,GEORGETOWN MUNICIPAL WATER SERVICE,40324,40324,PFOA,9.3,4.0,True,10000,L,KY1050157
KY,GEORGETOWN MUNICIPAL WATER SERVICE,GEORGETOWN MUNICIPAL WATER SERVICE,40324,40324,PFOS,12.0,4.0,True,10000,L,KY1050157
KY,GRAND RIVERS WATER SYSTEM,GRAND RIVERS WATER SYSTEM,42045,42045,PFOS,5.2,4.0,True,3300,S,KY0700162
KY,HARDIN COUNTY WATER DISTRICT #2,HARDIN COUNTY WATER DISTRICT #2,40150,40150|42701|42788,PFBS,5.2,2000.0,False,10000,L,KY0470175
KY,HARDIN COUNTY WATER DISTRICT #2,HARDIN COUNTY WATER DISTRICT #2,40150,40150|42701|42788,PFNA,4.7,10.0,False,10000,L,KY0470175
KY,HARDIN COUNTY WATER DISTRICT #2,HARDIN COUNTY WATER DISTRICT #2,40150,40150|42701|42788,PFOA,6.2,4.0,True,10000,L,KY0470175
KY,HARDIN COUNTY WATER DISTRICT #2,HARDIN COUNTY WATER DISTRICT #2,40150,40150|42701|42788,PFOS,5.3,4.0,True,10000,L,KY0470175
KY,HARRISON CO WATER ASSOC,HARRISON CO WATER ASSOC,40361,40361|40370|41003|41031|41040,PFBS,4.2,2000.0,False,10000,L,KY0490179
KY,HARRISON CO WATER ASSOC,HARRISON CO WATER ASSOC,40361,40361|40370|41003|41031|41040,PFHxS,15.3,10.0,True,10000,L,KY0490179
KY,HARRISON CO WATER ASSOC,HARRISON CO WATER ASSOC,40361,40361|40370|41003|41031|41040,PFOS,47.9,4.0,True,10000,L,KY0490179
KY,KENTUCKY-AMERICAN WATER CO,KENTUCKY-AMERICAN WATER CO,40324,40324|40347|40355|40356|40359|40361|40362|40370|40379|40383|40391|40502|40503|40504|40505|40506|40507|40508|40509|40510|40511|40513|40514|40515|40516|40517|41010|41031|41035|41046|41052|41083|41086|41098,PFBS,3.6,2000.0,False,10000,L,KY0340250
KY,LEDBETTER WATER DISTRICT,LEDBETTER WATER DISTRICT,42058,42058|42081,PFOA,4.3,4.0,True,3300,S,KY0700243
KY,LEDBETTER WATER DISTRICT,LEDBETTER WATER DISTRICT,42058,42058|42081,PFOS,6.2,4.0,True,3300,S,KY0700243
KY,LOUISVILLE WATER COMPANY,LOUISVILLE WATER COMPANY,40010,40010|40014|40023|40025|40026|40031|40041|40047|40056|40059|40109|40110|40118|40150|40165|40202|40203|40204|40205|40206|40207|40208|40209|40210|40211|40212|40213|40214|40215|40216|40217|40218|40219|40220|40222|40223|40228|40229|40241|40242|40243|40245|40258|40272|40280|40291|40292|40299,PFBS,3.0,2000.0,False,10000,L,KY0560258
KY,LOUISVILLE WATER COMPANY,LOUISVILLE WATER COMPANY,40010,40010|40014|40023|40025|40026|40031|40041|40047|40056|40059|40109|40110|40118|40150|40165|40202|40203|40204|40205|40206|40207|40208|40209|40210|40211|40212|40213|40214|40215|40216|40217|40218|40219|40220|40222|40223|40228|40229|40241|40242|40243|40245|40258|40272|40280|40291|40292|40299,PFOA,7.5,4.0,True,10000,L,KY0560258
KY,LYON COUNTY WATER DISTRICT,LYON COUNTY WATER DISTRICT,42038,42038|42055,PFOS,4.4,4.0,True,3300,S,KY0720933
KY,"MANCHESTER WATER WORKS, KY","MANCHESTER WATER WORKS, KY",40962,40962,PFHxS,7.0,10.0,False,10000,L,KY0260737
KY,MT WASHINGTON WATER COMPANY,MT WASHINGTON WATER COMPANY,40047,40047|40071|40165|40291,PFOA,7.2,4.0,True,10000,L,KY0150300
KY,NORTH MCLEAN CO WATER DISTRICT,NORTH MCLEAN CO WATER DISTRICT,42327,42327|42352|42376,PFOA,6.5,4.0,True,3300,S,KY0300320
KY,NORTH NELSON WATER DISTRICT,NORTH NELSON WATER DISTRICT,40004,40004|40008|40013|40020|40047|40071|40165,PFBS,3.7,2000.0,False,10000,L,KY0900323
KY,NORTH NELSON WATER DISTRICT,NORTH NELSON WATER DISTRICT,40004,40004|40008|40013|40020|40047|40071|40165,PFOA,5.7,4.0,True,10000,L,KY0900323
KY,NORTH SHELBY WATER DISTRICT,NORTH SHELBY WATER DISTRICT,40003,40003|40065,PFOA,4.1,4.0,True,10000,L,KY1060324
KY,OWENSBORO MUNICIPAL UTILITIES,OWENSBORO MUNICIPAL UTILITIES,42301,42301|42303,PFOA,5.0,4.0,True,10000,L,KY0300336
KY,PADUCAH WATER WORKS,PADUCAH WATER WORKS,42001,42001|42002|42003|42027|42029|42053|42069|42086,PFBS,3.3,2000.0,False,10000,L,KY0730533
KY,PADUCAH WATER WORKS,PADUCAH WATER WORKS,42001,42001|42002|42003|42027|42029|42053|42069|42086,PFOA,5.8,4.0,True,10000,L,KY0730533
KY,PADUCAH WATER WORKS,PADUCAH WATER WORKS,42001,42001|42002|42003|42027|42029|42053|42069|42086,PFOS,8.1,4.0,True,10000,L,KY0730533
KY,PARIS WATER WORKS,PARIS WATER WORKS,40361,40361,PFBS,3.1,2000.0,False,10000,L,KY0090343
KY,PARKSVILLE WATER DISTRICT,PARKSVILLE WATER DISTRICT,40328,40328|40422|40440|40452|40464|40468,PFBS,4.0,2000.0,False,3300,S,KY0110345
KY,S E DAVIESS CO WATER DISTRICT,S E DAVIESS CO WATER DISTRICT,42303,42303|42366|42376,PFOA,5.0,4.0,True,10000,L,KY0300387
KY,SO WOODFORD CO WATER DISTRICT,SO WOODFORD CO WATER DISTRICT,40383,40383,PFBS,3.9,2000.0,False,3300,S,KY1200411
KY,STURGIS WATER WORKS,STURGIS WATER WORKS,,,PFBS,3.4,2000.0,False,3300,S,KY1130422
KY,STURGIS WATER WORKS,STURGIS WATER WORKS,,,PFOA,10.8,4.0,True,3300,S,KY1130422
KY,TAYLORSVILLE WATER WORKS,TAYLORSVILLE WATER WORKS,40022,40022|40023|40046|40047|40065|40071|40299,PFOA,6.5,4.0,True,10000,L,KY1080425
KY,UNION COUNTY WATER DISTRICT,UNION COUNTY WATER DISTRICT,42404,42404|42437|42459|42460|42461|42462,PFBS,7.7,2000.0,False,3300,S,KY1130433
KY,UNION COUNTY WATER DISTRICT,UNION COUNTY WATER DISTRICT,42404,42404|42437|42459|42460|42461|42462,PFOA,8.6,4.0,True,3300,S,KY1130433
KY,WALTON WATERWORKS DEPARTMENT,WALTON WATERWORKS DEPARTMENT,41094,41094,HFPO-DA (GenX),6.8,10.0,False,3300,S,KY0080442
KY,WEST SHELBY WATER DISTRICT,WEST SHELBY WATER DISTRICT,40022,40022|40023|40065|40067|40245,PFOA,4.6,4.0,True,3300,S,KY1060457
KY,WESTERN LEWIS RECTORVILLE WATER DISTRICT,WESTERN LEWIS RECTORVILLE WATER DISTRICT,41056,41056|41189,HFPO-DA (GenX),7.3,10.0,False,3300,S,KY0810366
KY,WHITESVILLE WATER WORKS,WHITESVILLE WATER WORKS,42366,42366|42378,PFOA,5.6,4.0,True,3300,S,KY0300467
KY,WHITLEY CO WATER DISTRICT,WHITLEY CO WATER DISTRICT,40701,40701|40759|40769|40771,PFBS,4.1,2000.0,False,3300,S,KY1180468
KY,WHITLEY CO WATER DISTRICT,WHITLEY CO WATER DISTRICT,40701,40701|40759|40769|40771,PFOA,10.0,4.0,True,3300,S,KY1180468
KY,WHITLEY CO WATER DISTRICT,WHITLEY CO WATER DISTRICT,40701,40701|40759|40769|40771,PFOS,4.6,4.0,True,3300,S,KY1180468
LA,CITY OF ABBEVILLE WATER SYSTEM,CITY OF ABBEVILLE WATER SYSTEM,70510,70510|70511,PFHxS,3.7,10.0,False,10000,L,LA1113001
LA,CITY OF PLAQUEMINE WATER SYSTEM,CITY OF PLAQUEMINE WATER SYSTEM,70764,70764|70765,PFBS,3.0,2000.0,False,10000,L,LA1047005
LA,CITY OF PLAQUEMINE WATER SYSTEM,CITY OF PLAQUEMINE WATER SYSTEM,70764,70764|70765,PFOA,6.2,4.0,True,10000,L,LA1047005
LA,CITY OF PLAQUEMINE WATER SYSTEM,CITY OF PLAQUEMINE WATER SYSTEM,70764,70764|70765,PFOS,6.0,4.0,True,10000,L,LA1047005
LA,CITY OF VIDALIA WATER SYSTEM,CITY OF VIDALIA WATER SYSTEM,,,PFBS,3.5,2000.0,False,3300,S,LA1029011
LA,CITY OF VIDALIA WATER SYSTEM,CITY OF VIDALIA WATER SYSTEM,,,PFNA,4.8,10.0,False,3300,S,LA1029011
LA,CITY OF VIDALIA WATER SYSTEM,CITY OF VIDALIA WATER SYSTEM,,,PFOA,20.1,4.0,True,3300,S,LA1029011
LA,CITY OF VIDALIA WATER SYSTEM,CITY OF VIDALIA WATER SYSTEM,,,PFOS,7.3,4.0,True,3300,S,LA1029011
LA,NEW ORLEANS  CARROLLTON WW,NEW ORLEANS  CARROLLTON WW,70112,70112|70113|70115|70116|70117|70118|70119|70122|70124|70125|70126|70127|70128|70129|70130|70148,HFPO-DA (GenX),5.4,10.0,False,10000,L,LA1071009
LA,NEW ORLEANS  CARROLLTON WW,NEW ORLEANS  CARROLLTON WW,70112,70112|70113|70115|70116|70117|70118|70119|70122|70124|70125|70126|70127|70128|70129|70130|70148,PFOA,4.1,4.0,True,10000,L,LA1071009
LA,NEW ORLEANS  CARROLLTON WW,NEW ORLEANS  CARROLLTON WW,70112,70112|70113|70115|70116|70117|70118|70119|70122|70124|70125|70126|70127|70128|70129|70130|70148,PFOS,4.2,4.0,True,10000,L,LA1071009
LA,NEW ORLEANS ALGIERS WATER WORKS,NEW ORLEANS ALGIERS WATER WORKS,70114,70114|70131,PFOA,4.0,4.0,False,10000,L,LA1071001
LA,NEW ORLEANS ALGIERS WATER WORKS,NEW ORLEANS ALGIERS WATER WORKS,70114,70114|70131,PFOS,4.5,4.0,True,10000,L,LA1071001
LA,PARISH UTILITIES OF ASCENSION,PARISH UTILITIES OF ASCENSION,70346,70346,PFBS,4.7,2000.0,False,3300,S,LA1005035
LA,PARISH UTILITIES OF ASCENSION,PARISH UTILITIES OF ASCENSION,70346,70346,PFOS,4.5,4.0,True,3300,S,LA1005035
LA,PORT SULPHUR WATER DISTRICT,PORT SULPHUR WATER DISTRICT,70050,70050|70083,PFOS,4.6,4.0,True,3300,S,LA1075006
LA,RAYVILLE WATER SYSTEM,RAYVILLE WATER SYSTEM,71269,71269,PFHxS,3.4,10.0,False,3300,S,LA1083006
LA,ST JOHN WATER DISTRICT 2,ST JOHN WATER DISTRICT 2,70049,70049,PFBS,3.7,2000.0,False,3300,S,LA1095002
LA,VILLAGE OF PARKS WATER SYSTEM,VILLAGE OF PARKS WATER SYSTEM,70582,70582,PFOA,6.4,4.0,True,10000,L,LA1099008
LA,VILLAGE OF PARKS WATER SYSTEM,VILLAGE OF PARKS WATER SYSTEM,70582,70582,PFOS,4.3,4.0,True,10000,L,LA1099008
LA,VILLAGE WATER SYSTEM,VILLAGE WATER SYSTEM,71037,71037|71055|71067,PFBS,3.9,2000.0,False,10000,L,LA1015018
MA,ABINGTON/ROCKLAND JOINT WTR. WORKS,ABINGTON/ROCKLAND JOINT WTR. WORKS,02351,02351|02359|02370,PFBS,3.0,2000.0,False,10000,L,MA4001000
MA,ABINGTON/ROCKLAND JOINT WTR. WORKS,ABINGTON/ROCKLAND JOINT WTR. WORKS,02351,02351|02359|02370,PFHxS,4.0,10.0,False,10000,L,MA4001000
MA,ABINGTON/ROCKLAND JOINT WTR. WORKS,ABINGTON/ROCKLAND JOINT WTR. WORKS,02351,02351|02359|02370,PFOA,12.0,4.0,True,10000,L,MA4001000
MA,ABINGTON/ROCKLAND JOINT WTR. WORKS,ABINGTON/ROCKLAND JOINT WTR. WORKS,02351,02351|02359|02370,PFOS,7.0,4.0,True,10000,L,MA4001000
MA,ACTON WATER SUPPLY DISTRICT,ACTON WATER SUPPLY DISTRICT,01718,01718|01719|01720|01775,PFBS,3.7,2000.0,False,10000,L,MA2002000
MA,ACTON WATER SUPPLY DISTRICT,ACTON WATER SUPPLY DISTRICT,01718,01718|01719|01720|01775,PFHxS,3.2,10.0,False,10000,L,MA2002000
MA,ACTON WATER SUPPLY DISTRICT,ACTON WATER SUPPLY DISTRICT,01718,01718|01719|01720|01775,PFOA,13.4,4.0,True,10000,L,MA2002000
MA,ACTON WATER SUPPLY DISTRICT,ACTON WATER SUPPLY DISTRICT,01718,01718|01719|01720|01775,PFOS,4.9,4.0,True,10000,L,MA2002000
MA,"AQUARION WATER COMPANY, MILLBURY","AQUARION WATER COMPANY, MILLBURY",01527,01527|01586|01607,PFBS,3.7,2000.0,False,3300,S,MA2186000
MA,"AQUARION WATER COMPANY, MILLBURY","AQUARION WATER COMPANY, MILLBURY",01527,01527|01586|01607,PFOA,15.8,4.0,True,3300,S,MA2186000
MA,"AQUARION WATER COMPANY, MILLBURY","AQUARION WATER COMPANY, MILLBURY",01527,01527|01586|01607,PFOS,6.2,4.0,True,3300,S,MA2186000
MA,ATTLEBORO WATER DEPT,ATTLEBORO WATER DEPT,02048,02048|02703|02760,PFHxS,3.8,10.0,False,10000,L,MA4016000
MA,ATTLEBORO WATER DEPT,ATTLEBORO WATER DEPT,02048,02048|02703|02760,PFOA,6.6,4.0,True,10000,L,MA4016000
MA,ATTLEBORO WATER DEPT,ATTLEBORO WATER DEPT,02048,02048|02703|02760,PFOS,12.0,4.0,True,10000,L,MA4016000
MA,"AUBURN WATER DISTRICT, MA","AUBURN WATER DISTRICT, MA",01501,01501,PFOA,5.7,4.0,True,10000,L,MA2017000
MA,"AUBURN WATER DISTRICT, MA","AUBURN WATER DISTRICT, MA",01501,01501,PFOS,4.7,4.0,True,10000,L,MA2017000
MA,BARNSTABLE FIRE DISTRICT,BARNSTABLE FIRE DISTRICT,02630,02630|02632|02637|02668|02675,PFBS,18.2,2000.0,False,3300,S,MA4020000
MA,BARNSTABLE FIRE DISTRICT,BARNSTABLE FIRE DISTRICT,02630,02630|02632|02637|02668|02675,PFHxS,3.6,10.0,False,3300,S,MA4020000
MA,BARNSTABLE FIRE DISTRICT,BARNSTABLE FIRE DISTRICT,02630,02630|02632|02637|02668|02675,PFOA,4.4,4.0,True,3300,S,MA4020000
MA,BARNSTABLE FIRE DISTRICT,BARNSTABLE FIRE DISTRICT,02630,02630|02632|02637|02668|02675,PFOS,7.1,4.0,True,3300,S,MA4020000
MA,BELLINGHAM DPW  WATER  SEWER DIV.,BELLINGHAM DPW  WATER  SEWER DIV.,02019,02019,PFBS,4.1,2000.0,False,10000,L,MA2025000
MA,BELLINGHAM DPW  WATER  SEWER DIV.,BELLINGHAM DPW  WATER  SEWER DIV.,02019,02019,PFOA,4.3,4.0,True,10000,L,MA2025000
MA,BELLINGHAM DPW  WATER  SEWER DIV.,BELLINGHAM DPW  WATER  SEWER DIV.,02019,02019,PFOS,5.0,4.0,True,10000,L,MA2025000
MA,BILLERICA WATER WORKS,BILLERICA WATER WORKS,01821,01821|01822|01862|01865|01866,PFBS,3.1,2000.0,False,10000,L,MA3031000
MA,BILLERICA WATER WORKS,BILLERICA WATER WORKS,01821,01821|01822|01862|01865|01866,PFOA,5.5,4.0,True,10000,L,MA3031000
MA,BLACKSTONE WATER DEPARTMENT,BLACKSTONE WATER DEPARTMENT,,,PFOA,5.7,4.0,True,3300,S,MA2032000
MA,BOURNE WATER DISTRICT,BOURNE WATER DISTRICT,02532,02532|02534|02559,PFHxS,7.6,10.0,False,10000,L,MA4036000
MA,BOURNE WATER DISTRICT,BOURNE WATER DISTRICT,02532,02532|02534|02559,PFOS,4.8,4.0,True,10000,L,MA4036000
MA,BOYLSTON WATER DISTRICT,BOYLSTON WATER DISTRICT,,,PFBS,3.6,2000.0,False,3300,S,MA2039000
MA,BOYLSTON WATER DISTRICT,BOYLSTON WATER DISTRICT,,,PFOA,6.0,4.0,True,3300,S,MA2039000
MA,BRAINTREE WATER AND SEWER DEPT.,BRAINTREE WATER AND SEWER DEPT.,02184,02184,PFBS,3.0,2000.0,False,10000,L,MA4040000
MA,BRAINTREE WATER AND SEWER DEPT.,BRAINTREE WATER AND SEWER DEPT.,02184,02184,PFOA,5.3,4.0,True,10000,L,MA4040000
MA,BRAINTREE WATER AND SEWER DEPT.,BRAINTREE WATER AND SEWER DEPT.,02184,02184,PFOS,8.5,4.0,True,10000,L,MA4040000
MA,BRIDGEWATER WATER DEPARTMENT,BRIDGEWATER WATER DEPARTMENT,02324,02324,PFBS,5.0,2000.0,False,10000,L,MA4042000
MA,BRIDGEWATER WATER DEPARTMENT,BRIDGEWATER WATER DEPARTMENT,02324,02324,PFHxS,4.0,10.0,False,10000,L,MA4042000
MA,BRIDGEWATER WATER DEPARTMENT,BRIDGEWATER WATER DEPARTMENT,02324,02324,PFOA,9.0,4.0,True,10000,L,MA4042000
MA,BRIDGEWATER WATER DEPARTMENT,BRIDGEWATER WATER DEPARTMENT,02324,02324,PFOS,7.0,4.0,True,10000,L,MA4042000
MA,CAMBRIDGE WATER DEPARTMENT,CAMBRIDGE WATER DEPARTMENT,02138,02138|02139|02140|02141|02142,PFOA,4.8,4.0,True,10000,L,MA3049000
MA,CANTON WATER DEPT,CANTON WATER DEPT,02021,02021,PFOA,5.0,4.0,True,10000,L,MA4050000
MA,CENTERVILLE OSTERVILLE MARSTONS MILLS WD,CENTERVILLE OSTERVILLE MARSTONS MILLS WD,02632,02632|02634|02648|02655,PFBS,4.0,2000.0,False,10000,L,MA4020002
MA,CENTERVILLE OSTERVILLE MARSTONS MILLS WD,CENTERVILLE OSTERVILLE MARSTONS MILLS WD,02632,02632|02634|02648|02655,PFHxS,3.1,10.0,False,10000,L,MA4020002
MA,CENTERVILLE OSTERVILLE MARSTONS MILLS WD,CENTERVILLE OSTERVILLE MARSTONS MILLS WD,02632,02632|02634|02648|02655,PFOA,4.9,4.0,True,10000,L,MA4020002
MA,CHELMSFORD WATER DISTRICT,CHELMSFORD WATER DISTRICT,01824,01824,PFBS,4.2,2000.0,False,10000,L,MA3056000
MA,CHELMSFORD WATER DISTRICT,CHELMSFORD WATER DISTRICT,01824,01824,PFOA,8.9,4.0,True,10000,L,MA3056000
MA,CHELMSFORD WATER DISTRICT,CHELMSFORD WATER DISTRICT,01824,01824,PFOS,7.2,4.0,True,10000,L,MA3056000
MA,COHASSET WATER DEPT,COHASSET WATER DEPT,02025,02025|02043,PFOA,6.7,4.0,True,3300,S,MA4065000
MA,COHASSET WATER DEPT,COHASSET WATER DEPT,02025,02025|02043,PFOS,4.5,4.0,True,3300,S,MA4065000
MA,"CONCORD WATER DEPT, MA","CONCORD WATER DEPT, MA",01720,01720|01742,PFBS,9.4,2000.0,False,10000,L,MA3067000
MA,"CONCORD WATER DEPT, MA","CONCORD WATER DEPT, MA",01720,01720|01742,PFOA,6.0,4.0,True,10000,L,MA3067000
MA,DANVERS WATER DEPT.,DANVERS WATER DEPT.,01923,01923|01949,PFOS,5.2,4.0,True,10000,L,MA3071000
MA,DARTMOUTH WATER DIVISION,DARTMOUTH WATER DIVISION,02747,02747|02748,PFBS,20.7,2000.0,False,10000,L,MA4072000
MA,DARTMOUTH WATER DIVISION,DARTMOUTH WATER DIVISION,02747,02747|02748,PFOA,4.2,4.0,True,10000,L,MA4072000
MA,DARTMOUTH WATER DIVISION,DARTMOUTH WATER DIVISION,02747,02747|02748,PFOS,50.6,4.0,True,10000,L,MA4072000
MA,DEDHAM WESTWOOD WATER DIST.,DEDHAM WESTWOOD WATER DIST.,02026,02026|02090,PFOA,6.5,4.0,True,10000,L,MA3073000
MA,DEDHAM WESTWOOD WATER DIST.,DEDHAM WESTWOOD WATER DIST.,02026,02026|02090,PFOS,5.1,4.0,True,10000,L,MA3073000
MA,DIGHTON WATER DISTRICT,DIGHTON WATER DISTRICT,02715,02715|02764,PFOA,5.5,4.0,True,3300,S,MA4076000
MA,DIGHTON WATER DISTRICT,DIGHTON WATER DISTRICT,02715,02715|02764,PFOS,4.1,4.0,True,3300,S,MA4076000
MA,DRACUT WATER SUPPLY DISTRICT,DRACUT WATER SUPPLY DISTRICT,01826,01826|01879,PFBS,10.1,2000.0,False,10000,L,MA3079000
MA,DRACUT WATER SUPPLY DISTRICT,DRACUT WATER SUPPLY DISTRICT,01826,01826|01879,PFOA,6.1,4.0,True,10000,L,MA3079000
MA,DUXBURY WATER DEPARTMENT,DUXBURY WATER DEPARTMENT,02332,02332,PFBS,3.5,2000.0,False,10000,L,MA4082000
MA,DUXBURY WATER DEPARTMENT,DUXBURY WATER DEPARTMENT,02332,02332,PFHxS,31.0,10.0,True,10000,L,MA4082000
MA,DUXBURY WATER DEPARTMENT,DUXBURY WATER DEPARTMENT,02332,02332,PFOA,7.5,4.0,True,10000,L,MA4082000
MA,DUXBURY WATER DEPARTMENT,DUXBURY WATER DEPARTMENT,02332,02332,PFOS,35.0,4.0,True,10000,L,MA4082000
MA,EASTON WATER DIV,EASTON WATER DIV,02334,02334|02356|02375,PFBS,5.7,2000.0,False,10000,L,MA4088000
MA,EASTON WATER DIV,EASTON WATER DIV,02334,02334|02356|02375,PFHxS,7.9,10.0,False,10000,L,MA4088000
MA,EASTON WATER DIV,EASTON WATER DIV,02334,02334|02356|02375,PFOA,9.9,4.0,True,10000,L,MA4088000
MA,EASTON WATER DIV,EASTON WATER DIV,02334,02334|02356|02375,PFOS,16.3,4.0,True,10000,L,MA4088000
MA,East Bridgewater Water Dept.,East Bridgewater Water Dept.,02333,02333,PFOA,5.1,4.0,True,10000,L,MA4083000
MA,"FITCHBURG DPW, DIV. OF WATER SUPPLY","FITCHBURG DPW, DIV. OF WATER SUPPLY",01420,01420|01462|01473,PFOA,4.9,4.0,True,10000,L,MA2097000
MA,FOXBORO WATER DEPARTMENT,FOXBORO WATER DEPARTMENT,02035,02035,PFBS,4.6,2000.0,False,10000,L,MA4099000
MA,FOXBORO WATER DEPARTMENT,FOXBORO WATER DEPARTMENT,02035,02035,PFOA,6.3,4.0,True,10000,L,MA4099000
MA,FOXBORO WATER DEPARTMENT,FOXBORO WATER DEPARTMENT,02035,02035,PFOS,6.7,4.0,True,10000,L,MA4099000
MA,"FRANKLIN WATER DEPARTMENT, MA","FRANKLIN WATER DEPARTMENT, MA",02038,02038,PFBS,3.7,2000.0,False,10000,L,MA2101000
MA,"FRANKLIN WATER DEPARTMENT, MA","FRANKLIN WATER DEPARTMENT, MA",02038,02038,PFHxS,5.4,10.0,False,10000,L,MA2101000
MA,"FRANKLIN WATER DEPARTMENT, MA","FRANKLIN WATER DEPARTMENT, MA",02038,02038,PFOA,4.7,4.0,True,10000,L,MA2101000
MA,"FRANKLIN WATER DEPARTMENT, MA","FRANKLIN WATER DEPARTMENT, MA",02038,02038,PFOS,5.6,4.0,True,10000,L,MA2101000
MA,GRAFTON WATER DISTRICT,GRAFTON WATER DISTRICT,01519,01519|01536|01560,PFBS,3.1,2000.0,False,10000,L,MA2110000
MA,GRAFTON WATER DISTRICT,GRAFTON WATER DISTRICT,01519,01519|01536|01560,PFOA,6.9,4.0,True,10000,L,MA2110000
MA,GRAFTON WATER DISTRICT,GRAFTON WATER DISTRICT,01519,01519|01536|01560,PFOS,6.9,4.0,True,10000,L,MA2110000
MA,GROTON WATER DEPARTMENT,GROTON WATER DEPARTMENT,01450,01450,PFBS,3.0,2000.0,False,3300,S,MA2115000
MA,GROVELAND WATER DEPARTMENT,GROVELAND WATER DEPARTMENT,01834,01834,PFOA,6.3,4.0,True,3300,S,MA3116000
MA,HALIFAX WATER DEPARTMENT,HALIFAX WATER DEPARTMENT,02338,02338|02359,PFHxS,3.7,10.0,False,3300,S,MA4118000
MA,HALIFAX WATER DEPARTMENT,HALIFAX WATER DEPARTMENT,02338,02338|02359,PFOA,5.7,4.0,True,3300,S,MA4118000
MA,HAMILTON WATER DEPT,HAMILTON WATER DEPT,01982,01982,PFBS,6.4,2000.0,False,3300,S,MA3119000
MA,HAMILTON WATER DEPT,HAMILTON WATER DEPT,01982,01982,PFOA,11.1,4.0,True,3300,S,MA3119000
MA,HAMILTON WATER DEPT,HAMILTON WATER DEPT,01982,01982,PFOS,11.2,4.0,True,3300,S,MA3119000
MA,"HANOVER WATER DEPT, MA","HANOVER WATER DEPT, MA",02339,02339,PFBS,6.6,2000.0,False,10000,L,MA4122000
MA,"HANOVER WATER DEPT, MA","HANOVER WATER DEPT, MA",02339,02339,PFOA,8.9,4.0,True,10000,L,MA4122000
MA,"HANOVER WATER DEPT, MA","HANOVER WATER DEPT, MA",02339,02339,PFOS,11.4,4.0,True,10000,L,MA4122000
MA,HANSON WATER DEPARTMENT,HANSON WATER DEPARTMENT,02341,02341|02350,PFOA,5.6,4.0,True,3300,S,MA4123000
MA,HANSON WATER DEPARTMENT,HANSON WATER DEPARTMENT,02341,02341|02350,PFOS,4.0,4.0,False,3300,S,MA4123000
MA,HATFIELD WATER DEPT,HATFIELD WATER DEPT,01038,01038|01088,PFBS,11.5,2000.0,False,3300,S,MA1127000
MA,HAYSTACK ESTATES,HAYSTACK ESTATES,01886,01886,PFBS,3.3,2000.0,False,3300,S,MA3330019
MA,HAYSTACK ESTATES,HAYSTACK ESTATES,01886,01886,PFOA,5.6,4.0,True,3300,S,MA3330019
MA,HOLBROOK PUBLIC WORKS DEPT,HOLBROOK PUBLIC WORKS DEPT,02343,02343,PFBS,3.0,2000.0,False,10000,L,MA4133000
MA,HOLBROOK PUBLIC WORKS DEPT,HOLBROOK PUBLIC WORKS DEPT,02343,02343,PFOA,7.0,4.0,True,10000,L,MA4133000
MA,HOLBROOK PUBLIC WORKS DEPT,HOLBROOK PUBLIC WORKS DEPT,02343,02343,PFOS,11.9,4.0,True,10000,L,MA4133000
MA,"HOLDEN WATER DIVISION, DPW","HOLDEN WATER DIVISION, DPW",01520,01520|01522,PFBS,3.3,2000.0,False,10000,L,MA2134000
MA,"HOLDEN WATER DIVISION, DPW","HOLDEN WATER DIVISION, DPW",01520,01520|01522,PFOA,4.9,4.0,True,10000,L,MA2134000
MA,HOLLISTON WATER DEPARTMENT,HOLLISTON WATER DEPARTMENT,01746,01746,PFBS,3.9,2000.0,False,10000,L,MA2136000
MA,HOLLISTON WATER DEPARTMENT,HOLLISTON WATER DEPARTMENT,01746,01746,PFOA,5.3,4.0,True,10000,L,MA2136000
MA,HOLLISTON WATER DEPARTMENT,HOLLISTON WATER DEPARTMENT,01746,01746,PFOS,6.5,4.0,True,10000,L,MA2136000
MA,HOPEDALE WATER DEPARTMENT,HOPEDALE WATER DEPARTMENT,01747,01747,PFOA,6.8,4.0,True,3300,S,MA2138000
MA,HOPEDALE WATER DEPARTMENT,HOPEDALE WATER DEPARTMENT,01747,01747,PFOS,4.3,4.0,True,3300,S,MA2138000
MA,HOPKINTON WATER DEPARTMENT,HOPKINTON WATER DEPARTMENT,01748,01748,PFBS,5.5,2000.0,False,3300,S,MA2139000
MA,HOPKINTON WATER DEPARTMENT,HOPKINTON WATER DEPARTMENT,01748,01748,PFOA,7.2,4.0,True,3300,S,MA2139000
MA,IPSWICH DPU  WATER DEPT,IPSWICH DPU  WATER DEPT,01938,01938,PFBS,4.1,2000.0,False,10000,L,MA3144000
MA,IPSWICH DPU  WATER DEPT,IPSWICH DPU  WATER DEPT,01938,01938,PFOA,7.3,4.0,True,10000,L,MA3144000
MA,KENWOOD WATER DISTRICT,KENWOOD WATER DISTRICT,01826,01826,PFBS,3.0,2000.0,False,3300,S,MA3079001
MA,KENWOOD WATER DISTRICT,KENWOOD WATER DISTRICT,01826,01826,PFOA,6.3,4.0,True,3300,S,MA3079001
MA,LEOMINSTER WATER DIVISION,LEOMINSTER WATER DIVISION,01453,01453,PFOA,4.3,4.0,True,10000,L,MA2153000
MA,LINCOLN WATER DEPT,LINCOLN WATER DEPT,01773,01773,PFHxS,3.2,10.0,False,3300,S,MA3157000
MA,LINCOLN WATER DEPT,LINCOLN WATER DEPT,01773,01773,PFOA,6.4,4.0,True,3300,S,MA3157000
MA,LINCOLN WATER DEPT,LINCOLN WATER DEPT,01773,01773,PFOS,5.4,4.0,True,3300,S,MA3157000
MA,LOWELL REGIONAL WATER UTILITY,LOWELL REGIONAL WATER UTILITY,01826,01826|01850|01851|01852|01853|01854,PFOA,4.6,4.0,True,10000,L,MA3160000
MA,LUNENBURG WATER DISTRICT,LUNENBURG WATER DISTRICT,01462,01462,PFOA,5.1,4.0,True,3300,S,MA2162000
MA,LYNN WATER AND SEWER COMM,LYNN WATER AND SEWER COMM,01901,01901|01902|01903|01904|01905,PFBS,3.1,2000.0,False,10000,L,MA3163000
MA,LYNN WATER AND SEWER COMM,LYNN WATER AND SEWER COMM,01901,01901|01902|01903|01904|01905,PFOA,4.7,4.0,True,10000,L,MA3163000
MA,LYNNFIELD CENTER WATER DISTRICT,LYNNFIELD CENTER WATER DISTRICT,01940,01940,PFOA,6.1,4.0,True,3300,S,MA3164000
MA,MANCHESTER BY THE SEA DPW,MANCHESTER BY THE SEA DPW,01944,01944,PFBS,5.0,2000.0,False,3300,S,MA3166000
MA,MANCHESTER BY THE SEA DPW,MANCHESTER BY THE SEA DPW,01944,01944,PFOA,12.0,4.0,True,3300,S,MA3166000
MA,MANCHESTER BY THE SEA DPW,MANCHESTER BY THE SEA DPW,01944,01944,PFOS,4.8,4.0,True,3300,S,MA3166000
MA,MANSFIELD WATER DIVISION,MANSFIELD WATER DIVISION,02048,02048,PFBS,3.8,2000.0,False,10000,L,MA4167000
MA,MANSFIELD WATER DIVISION,MANSFIELD WATER DIVISION,02048,02048,PFHxS,3.1,10.0,False,10000,L,MA4167000
MA,MANSFIELD WATER DIVISION,MANSFIELD WATER DIVISION,02048,02048,PFOA,4.3,4.0,True,10000,L,MA4167000
MA,MANSFIELD WATER DIVISION,MANSFIELD WATER DIVISION,02048,02048,PFOS,6.2,4.0,True,10000,L,MA4167000
MA,MARSHFIELD WATER DEPARTMENT,MARSHFIELD WATER DEPARTMENT,02020,02020|02041|02047|02050|02051|02059|02065,PFBS,3.9,2000.0,False,10000,L,MA4171000
MA,MARSHFIELD WATER DEPARTMENT,MARSHFIELD WATER DEPARTMENT,02020,02020|02041|02047|02050|02051|02059|02065,PFOA,7.0,4.0,True,10000,L,MA4171000
MA,MARSHFIELD WATER DEPARTMENT,MARSHFIELD WATER DEPARTMENT,02020,02020|02041|02047|02050|02051|02059|02065,PFOS,4.6,4.0,True,10000,L,MA4171000
MA,"MAYNARD DPW, WATER DIVISION","MAYNARD DPW, WATER DIVISION",01720,01720|01754|01775|01776,PFBS,3.1,2000.0,False,10000,L,MA2174000
MA,"MAYNARD DPW, WATER DIVISION","MAYNARD DPW, WATER DIVISION",01720,01720|01754|01775|01776,PFOA,7.1,4.0,True,10000,L,MA2174000
MA,"MAYNARD DPW, WATER DIVISION","MAYNARD DPW, WATER DIVISION",01720,01720|01754|01775|01776,PFOS,4.2,4.0,True,10000,L,MA2174000
MA,MCI SHIRLEY,MCI SHIRLEY,01464,01464,PFHxS,8.7,10.0,False,3300,S,MA2270001
MA,MEDFIELD WATER DEPT.,MEDFIELD WATER DEPT.,02052,02052,PFBS,4.6,2000.0,False,10000,L,MA2175000
MA,MEDFIELD WATER DEPT.,MEDFIELD WATER DEPT.,02052,02052,PFOA,7.0,4.0,True,10000,L,MA2175000
MA,MEDFIELD WATER DEPT.,MEDFIELD WATER DEPT.,02052,02052,PFOS,6.7,4.0,True,10000,L,MA2175000
MA,MEDWAY WATER DEPARTMENT,MEDWAY WATER DEPARTMENT,02053,02053,PFBS,3.0,2000.0,False,3300,S,MA2177000
MA,MEDWAY WATER DEPARTMENT,MEDWAY WATER DEPARTMENT,02053,02053,PFOA,7.2,4.0,True,3300,S,MA2177000
MA,MERRIMAC WATER DEPARTMENT,MERRIMAC WATER DEPARTMENT,01860,01860,PFOA,6.9,4.0,True,3300,S,MA3180000
MA,METHUEN WATER DEPT,METHUEN WATER DEPT,01841,01841|01844,PFOA,4.0,4.0,False,10000,L,MA3181000
MA,MIDDLEBOROUGH WATER SUPPLY,MIDDLEBOROUGH WATER SUPPLY,02330,02330|02346|02347|02367|02770,PFBS,5.0,2000.0,False,10000,L,MA4182000
MA,MIDDLEBOROUGH WATER SUPPLY,MIDDLEBOROUGH WATER SUPPLY,02330,02330|02346|02347|02367|02770,PFHxS,3.0,10.0,False,10000,L,MA4182000
MA,MIDDLEBOROUGH WATER SUPPLY,MIDDLEBOROUGH WATER SUPPLY,02330,02330|02346|02347|02367|02770,PFOA,11.0,4.0,True,10000,L,MA4182000
MA,MIDDLEBOROUGH WATER SUPPLY,MIDDLEBOROUGH WATER SUPPLY,02330,02330|02346|02347|02367|02770,PFOS,5.0,4.0,True,10000,L,MA4182000
MA,MIDDLETON WATER DEPT.,MIDDLETON WATER DEPT.,01923,01923|01949,PFBS,3.0,2000.0,False,3300,S,MA3184000
MA,MIDDLETON WATER DEPT.,MIDDLETON WATER DEPT.,01923,01923|01949,PFOA,4.5,4.0,True,3300,S,MA3184000
MA,MILFORD WATER COMPANY,MILFORD WATER COMPANY,01757,01757,PFBS,4.1,2000.0,False,10000,L,MA2185000
MA,MILFORD WATER COMPANY,MILFORD WATER COMPANY,01757,01757,PFOA,7.1,4.0,True,10000,L,MA2185000
MA,MILFORD WATER COMPANY,MILFORD WATER COMPANY,01757,01757,PFOS,6.6,4.0,True,10000,L,MA2185000
MA,MILLIS WATER DEPT,MILLIS WATER DEPT,02054,02054,PFBS,9.1,2000.0,False,3300,S,MA2187000
MA,MILLIS WATER DEPT,MILLIS WATER DEPT,02054,02054,PFOA,6.9,4.0,True,3300,S,MA2187000
MA,MILLIS WATER DEPT,MILLIS WATER DEPT,02054,02054,PFOS,7.3,4.0,True,3300,S,MA2187000
MA,NATICK WATER DEPARTMENT,NATICK WATER DEPARTMENT,01760,01760|02030|02482,PFBS,6.5,2000.0,False,10000,L,MA3198000
MA,NATICK WATER DEPARTMENT,NATICK WATER DEPARTMENT,01760,01760|02030|02482,PFHxS,11.2,10.0,True,10000,L,MA3198000
MA,NATICK WATER DEPARTMENT,NATICK WATER DEPARTMENT,01760,01760|02030|02482,PFOA,14.3,4.0,True,10000,L,MA3198000
MA,NATICK WATER DEPARTMENT,NATICK WATER DEPARTMENT,01760,01760|02030|02482,PFOS,37.3,4.0,True,10000,L,MA3198000
MA,NEEDHAM WATER DEPT,NEEDHAM WATER DEPT,02492,02492|02494,PFOA,4.6,4.0,True,10000,L,MA3199000
MA,NEEDHAM WATER DEPT,NEEDHAM WATER DEPT,02492,02492|02494,PFOS,5.0,4.0,True,10000,L,MA3199000
MA,NEWBURYPORT WATER DEPARTMENT,NEWBURYPORT WATER DEPARTMENT,01950,01950|01951|01985,PFBS,3.4,2000.0,False,10000,L,MA3206000
MA,NEWBURYPORT WATER DEPARTMENT,NEWBURYPORT WATER DEPARTMENT,01950,01950|01951|01985,PFOS,4.6,4.0,True,10000,L,MA3206000
MA,NORFOLK WATER DIVISION,NORFOLK WATER DIVISION,02056,02056,PFBS,4.0,2000.0,False,3300,S,MA2208000
MA,NORFOLK WATER DIVISION,NORFOLK WATER DIVISION,02056,02056,PFOA,7.0,4.0,True,3300,S,MA2208000
MA,NORFOLK WATER DIVISION,NORFOLK WATER DIVISION,02056,02056,PFOS,4.5,4.0,True,3300,S,MA2208000
MA,NORTH ADAMS WATER DEPT,NORTH ADAMS WATER DEPT,01247,01247,PFOA,5.9,4.0,True,10000,L,MA1209000
MA,NORTH ATTLEBORO WATER DEPT,NORTH ATTLEBORO WATER DEPT,02760,02760,PFBS,6.0,2000.0,False,10000,L,MA4211000
MA,NORTH ATTLEBORO WATER DEPT,NORTH ATTLEBORO WATER DEPT,02760,02760,PFHxS,4.0,10.0,False,10000,L,MA4211000
MA,NORTH ATTLEBORO WATER DEPT,NORTH ATTLEBORO WATER DEPT,02760,02760,PFOA,9.0,4.0,True,10000,L,MA4211000
MA,NORTH ATTLEBORO WATER DEPT,NORTH ATTLEBORO WATER DEPT,02760,02760,PFOS,8.0,4.0,True,10000,L,MA4211000
MA,NORTON WATER DEPARTMENT,NORTON WATER DEPARTMENT,02766,02766,PFBS,4.9,2000.0,False,10000,L,MA4218000
MA,NORTON WATER DEPARTMENT,NORTON WATER DEPARTMENT,02766,02766,PFHxS,6.4,10.0,False,10000,L,MA4218000
MA,NORTON WATER DEPARTMENT,NORTON WATER DEPARTMENT,02766,02766,PFOA,8.8,4.0,True,10000,L,MA4218000
MA,NORTON WATER DEPARTMENT,NORTON WATER DEPARTMENT,02766,02766,PFOS,4.0,4.0,False,10000,L,MA4218000
MA,NORWELL WATER DEPARTMENT,NORWELL WATER DEPARTMENT,02061,02061,PFBS,7.7,2000.0,False,10000,L,MA4219000
MA,NORWELL WATER DEPARTMENT,NORWELL WATER DEPARTMENT,02061,02061,PFOA,9.9,4.0,True,10000,L,MA4219000
MA,NORWELL WATER DEPARTMENT,NORWELL WATER DEPARTMENT,02061,02061,PFOS,18.4,4.0,True,10000,L,MA4219000
MA,ONSET FIRE DISTRICT,ONSET FIRE DISTRICT,02558,02558,PFOS,7.1,4.0,True,3300,S,MA4310003
MA,ORANGE WATER DEPT,ORANGE WATER DEPT,01331,01331|01364,PFNA,4.8,10.0,False,3300,S,MA1223000
MA,PEABODY WATER DEPT.,PEABODY WATER DEPT.,01960,01960|01961,PFBS,3.2,2000.0,False,10000,L,MA3229000
MA,PEABODY WATER DEPT.,PEABODY WATER DEPT.,01960,01960|01961,PFOA,7.0,4.0,True,10000,L,MA3229000
MA,PEPPERELL DPW WATER DIVISION,PEPPERELL DPW WATER DIVISION,01463,01463,PFOA,11.4,4.0,True,3300,S,MA2232000
MA,PEPPERELL DPW WATER DIVISION,PEPPERELL DPW WATER DIVISION,01463,01463,PFOS,10.0,4.0,True,3300,S,MA2232000
MA,PLAINVILLE WATER DEPARTMENT,PLAINVILLE WATER DEPARTMENT,02762,02762,PFBS,17.6,2000.0,False,3300,S,MA4238000
MA,PLAINVILLE WATER DEPARTMENT,PLAINVILLE WATER DEPARTMENT,02762,02762,PFOA,4.3,4.0,True,3300,S,MA4238000
MA,PLAINVILLE WATER DEPARTMENT,PLAINVILLE WATER DEPARTMENT,02762,02762,PFOS,5.9,4.0,True,3300,S,MA4238000
MA,"PLYMOUTH WATER DEPARTMENT, MA","PLYMOUTH WATER DEPARTMENT, MA",02360,02360,PFBS,4.0,2000.0,False,10000,L,MA4239000
MA,RANDOLPH WATER DEPARTMENT,RANDOLPH WATER DEPARTMENT,02368,02368,PFHxS,3.0,10.0,False,10000,L,MA4244000
MA,RANDOLPH WATER DEPARTMENT,RANDOLPH WATER DEPARTMENT,02368,02368,PFOA,7.3,4.0,True,10000,L,MA4244000
MA,RANDOLPH WATER DEPARTMENT,RANDOLPH WATER DEPARTMENT,02368,02368,PFOS,13.0,4.0,True,10000,L,MA4244000
MA,RAYNHAM CENTER WATER DISTRICT,RAYNHAM CENTER WATER DISTRICT,02767,02767|02768,PFBS,18.2,2000.0,False,10000,L,MA4245000
MA,RAYNHAM CENTER WATER DISTRICT,RAYNHAM CENTER WATER DISTRICT,02767,02767|02768,PFHxS,3.2,10.0,False,10000,L,MA4245000
MA,RAYNHAM CENTER WATER DISTRICT,RAYNHAM CENTER WATER DISTRICT,02767,02767|02768,PFOA,92.0,4.0,True,10000,L,MA4245000
MA,ROWLEY WATER DEPARTMENT,ROWLEY WATER DEPARTMENT,01969,01969,PFOA,7.7,4.0,True,3300,S,MA3254000
MA,ROWLEY WATER DEPARTMENT,ROWLEY WATER DEPARTMENT,01969,01969,PFOS,5.7,4.0,True,3300,S,MA3254000
MA,SALISBURY WATER DEPARTMENT,SALISBURY WATER DEPARTMENT,01952,01952,PFOA,6.0,4.0,True,10000,L,MA3259000
MA,SCITUATE WATER DIVISION,SCITUATE WATER DIVISION,02061,02061|02066,PFBS,3.0,2000.0,False,10000,L,MA4264000
MA,SCITUATE WATER DIVISION,SCITUATE WATER DIVISION,02061,02061|02066,PFOA,5.6,4.0,True,10000,L,MA4264000
MA,SCITUATE WATER DIVISION,SCITUATE WATER DIVISION,02061,02061|02066,PFOS,5.7,4.0,True,10000,L,MA4264000
MA,SEEKONK WATER DISTRICT,SEEKONK WATER DISTRICT,02771,02771,PFOS,5.0,4.0,True,10000,L,MA4265000
MA,SHARON WATER DEPT,SHARON WATER DEPT,02067,02067,PFBS,4.7,2000.0,False,10000,L,MA4266000
MA,SHARON WATER DEPT,SHARON WATER DEPT,02067,02067,PFHxS,29.0,10.0,True,10000,L,MA4266000
MA,SHARON WATER DEPT,SHARON WATER DEPT,02067,02067,PFOA,8.1,4.0,True,10000,L,MA4266000
MA,SHARON WATER DEPT,SHARON WATER DEPT,02067,02067,PFOS,15.0,4.0,True,10000,L,MA4266000
MA,SHIRLEY WATER DISTRICT,SHIRLEY WATER DISTRICT,01464,01464|01523,PFBS,3.0,2000.0,False,3300,S,MA2270000
MA,SHIRLEY WATER DISTRICT,SHIRLEY WATER DISTRICT,01464,01464|01523,PFOA,6.9,4.0,True,3300,S,MA2270000
MA,SHREWSBURY WATER DEPARTMENT,SHREWSBURY WATER DEPARTMENT,01545,01545,PFBS,4.3,2000.0,False,10000,L,MA2271000
MA,SHREWSBURY WATER DEPARTMENT,SHREWSBURY WATER DEPARTMENT,01545,01545,PFOA,5.4,4.0,True,10000,L,MA2271000
MA,SHREWSBURY WATER DEPARTMENT,SHREWSBURY WATER DEPARTMENT,01545,01545,PFOS,5.6,4.0,True,10000,L,MA2271000
MA,STERLING WATER DEPARTMENT,STERLING WATER DEPARTMENT,01564,01564,PFOS,5.2,4.0,True,3300,S,MA2282000
MA,STOUGHTON WATER DEPARTMENT,STOUGHTON WATER DEPARTMENT,02072,02072,PFBS,3.2,2000.0,False,10000,L,MA4285000
MA,STOUGHTON WATER DEPARTMENT,STOUGHTON WATER DEPARTMENT,02072,02072,PFOA,7.3,4.0,True,10000,L,MA4285000
MA,STOUGHTON WATER DEPARTMENT,STOUGHTON WATER DEPARTMENT,02072,02072,PFOS,6.3,4.0,True,10000,L,MA4285000
MA,SUDBURY WATER DISTRICT,SUDBURY WATER DISTRICT,01776,01776,PFBS,4.0,2000.0,False,10000,L,MA3288000
MA,SUDBURY WATER DISTRICT,SUDBURY WATER DISTRICT,01776,01776,PFOA,9.0,4.0,True,10000,L,MA3288000
MA,SWANSEA WATER DISTRICT,SWANSEA WATER DISTRICT,02777,02777,PFBS,3.5,2000.0,False,10000,L,MA4292000
MA,SWANSEA WATER DISTRICT,SWANSEA WATER DISTRICT,02777,02777,PFHxS,7.7,10.0,False,10000,L,MA4292000
MA,SWANSEA WATER DISTRICT,SWANSEA WATER DISTRICT,02777,02777,PFOA,5.1,4.0,True,10000,L,MA4292000
MA,TEMPLETON MUNIC. LIGHT AND WATER PLANT,TEMPLETON MUNIC. LIGHT AND WATER PLANT,01436,01436|01438|01468,PFOA,5.2,4.0,True,3300,S,MA2294000
MA,TEWKSBURY WATER DEPARTMENT,TEWKSBURY WATER DEPARTMENT,01876,01876,PFOA,5.0,4.0,True,10000,L,MA3295000
MA,TOPSFIELD WATER DEPARTMENT,TOPSFIELD WATER DEPARTMENT,01983,01983,PFBS,4.0,2000.0,False,3300,S,MA3298000
MA,TOPSFIELD WATER DEPARTMENT,TOPSFIELD WATER DEPARTMENT,01983,01983,PFOA,9.0,4.0,True,3300,S,MA3298000
MA,TOPSFIELD WATER DEPARTMENT,TOPSFIELD WATER DEPARTMENT,01983,01983,PFOS,5.4,4.0,True,3300,S,MA3298000
MA,TOWN OF AVON,TOWN OF AVON,02332,02332,PFOA,5.1,4.0,True,3300,S,MA4018000
MA,TOWN OF AVON,TOWN OF AVON,02332,02332,PFOS,6.0,4.0,True,3300,S,MA4018000
MA,TOWNSEND WATER DEPARTMENT,TOWNSEND WATER DEPARTMENT,01469,01469|01474,PFOA,6.5,4.0,True,3300,S,MA2299000
MA,TYNGSBOROUGH WATER DISTRICT,TYNGSBOROUGH WATER DISTRICT,01879,01879,PFOA,4.6,4.0,True,3300,S,MA3301000
MA,"UXBRIDGE DPW,  WATER DIVISION","UXBRIDGE DPW,  WATER DIVISION",01569,01569,PFBS,3.8,2000.0,False,10000,L,MA2304000
MA,"UXBRIDGE DPW,  WATER DIVISION","UXBRIDGE DPW,  WATER DIVISION",01569,01569,PFHxS,3.4,10.0,False,10000,L,MA2304000
MA,"UXBRIDGE DPW,  WATER DIVISION","UXBRIDGE DPW,  WATER DIVISION",01569,01569,PFOS,6.7,4.0,True,10000,L,MA2304000
MA,WAKEFIELD WATER DEPT,WAKEFIELD WATER DEPT,01880,01880,PFOA,6.9,4.0,True,10000,L,MA3305000
MA,WALPOLE WATER DEPT,WALPOLE WATER DEPT,02032,02032|02071|02081,PFOA,4.0,4.0,False,10000,L,MA4307000
MA,WALPOLE WATER DEPT,WALPOLE WATER DEPT,02032,02032|02071|02081,PFOS,4.0,4.0,False,10000,L,MA4307000
MA,WARE WATER DEPT,WARE WATER DEPT,01082,01082,PFOA,4.9,4.0,True,3300,S,MA1309000
MA,WARE WATER DEPT,WARE WATER DEPT,01082,01082,PFOS,7.1,4.0,True,3300,S,MA1309000
MA,WAYLAND WATER DEPARTMENT,WAYLAND WATER DEPARTMENT,01778,01778,PFOA,9.0,4.0,True,10000,L,MA3315000
MA,WAYLAND WATER DEPARTMENT,WAYLAND WATER DEPARTMENT,01778,01778,PFOS,4.0,4.0,False,10000,L,MA3315000
MA,WEBSTER WATER DEPARTMENT,WEBSTER WATER DEPARTMENT,01570,01570,PFOA,4.4,4.0,True,10000,L,MA2316000
MA,WEIR RIVER WATER SYSTEM,WEIR RIVER WATER SYSTEM,02025,02025|02043|02045,PFBS,3.3,2000.0,False,10000,L,MA4131000
MA,WEIR RIVER WATER SYSTEM,WEIR RIVER WATER SYSTEM,02025,02025|02043|02045,PFOA,6.4,4.0,True,10000,L,MA4131000
MA,WELLESLEY WATER DIVISION,WELLESLEY WATER DIVISION,02481,02481|02482,PFBS,5.3,2000.0,False,10000,L,MA3317000
MA,WELLESLEY WATER DIVISION,WELLESLEY WATER DIVISION,02481,02481|02482,PFOA,6.3,4.0,True,10000,L,MA3317000
MA,WELLESLEY WATER DIVISION,WELLESLEY WATER DIVISION,02481,02481|02482,PFOS,6.6,4.0,True,10000,L,MA3317000
MA,WENHAM WATER DEPT.,WENHAM WATER DEPT.,01982,01982|01984,PFBS,3.9,2000.0,False,3300,S,MA3320000
MA,WENHAM WATER DEPT.,WENHAM WATER DEPT.,01982,01982|01984,PFOA,7.2,4.0,True,3300,S,MA3320000
MA,WENHAM WATER DEPT.,WENHAM WATER DEPT.,01982,01982|01984,PFOS,6.4,4.0,True,3300,S,MA3320000
MA,WEST BOYLSTON WATER DISTRICT,WEST BOYLSTON WATER DISTRICT,01583,01583,PFOA,5.4,4.0,True,3300,S,MA2321000
MA,WEST BRIDGEWATER WATER DEPT,WEST BRIDGEWATER WATER DEPT,02379,02379,PFBS,4.2,2000.0,False,3300,S,MA4322000
MA,WEST BRIDGEWATER WATER DEPT,WEST BRIDGEWATER WATER DEPT,02379,02379,PFOA,5.5,4.0,True,3300,S,MA4322000
MA,WESTBOROUGH WATER DEPARTMENT,WESTBOROUGH WATER DEPARTMENT,01581,01581,PFBS,3.4,2000.0,False,10000,L,MA2328000
MA,WESTBOROUGH WATER DEPARTMENT,WESTBOROUGH WATER DEPARTMENT,01581,01581,PFOA,5.8,4.0,True,10000,L,MA2328000
MA,WESTBOROUGH WATER DEPARTMENT,WESTBOROUGH WATER DEPARTMENT,01581,01581,PFOS,7.5,4.0,True,10000,L,MA2328000
MA,WESTFORD WATER DEPARTMENT,WESTFORD WATER DEPARTMENT,01886,01886,PFBS,3.2,2000.0,False,10000,L,MA3330000
MA,WESTFORD WATER DEPARTMENT,WESTFORD WATER DEPARTMENT,01886,01886,PFOA,8.6,4.0,True,10000,L,MA3330000
MA,WESTFORD WATER DEPARTMENT,WESTFORD WATER DEPARTMENT,01886,01886,PFOS,4.4,4.0,True,10000,L,MA3330000
MA,WHITMAN WATER SYSTEM,WHITMAN WATER SYSTEM,02382,02382,PFBS,3.2,2000.0,False,10000,L,MA4338000
MA,WOBURN WATER DEPT.,WOBURN WATER DEPT.,01801,01801|01813|01815|01888,PFBS,3.8,2000.0,False,10000,L,MA3347000
MA,WOBURN WATER DEPT.,WOBURN WATER DEPT.,01801,01801|01813|01815|01888,PFOA,8.4,4.0,True,10000,L,MA3347000
MA,WOBURN WATER DEPT.,WOBURN WATER DEPT.,01801,01801|01813|01815|01888,PFOS,6.9,4.0,True,10000,L,MA3347000
MA,WRENTHAM WATER DIVISION,WRENTHAM WATER DIVISION,02093,02093,PFBS,5.9,2000.0,False,10000,L,MA4350000
MA,WRENTHAM WATER DIVISION,WRENTHAM WATER DIVISION,02093,02093,PFOA,5.7,4.0,True,10000,L,MA4350000
MA,WRENTHAM WATER DIVISION,WRENTHAM WATER DIVISION,02093,02093,PFOS,4.4,4.0,True,10000,L,MA4350000
MA,YARMOUTH WATER DEPARTMENT,YARMOUTH WATER DEPARTMENT,02664,02664|02673|02675,PFHxS,3.1,10.0,False,10000,L,MA4351000
MD,BOONSBORO - KEEDYSVILLE,BOONSBORO - KEEDYSVILLE,21713,21713|21756,PFBS,7.2,2000.0,False,3300,S,MD0210002
MD,BOONSBORO - KEEDYSVILLE,BOONSBORO - KEEDYSVILLE,21713,21713|21756,PFHxS,3.1,10.0,False,3300,S,MD0210002
MD,BOONSBORO - KEEDYSVILLE,BOONSBORO - KEEDYSVILLE,21713,21713|21756,PFOA,6.7,4.0,True,3300,S,MD0210002
MD,CITY OF ABERDEEN,CITY OF ABERDEEN,21001,21001|21005,PFBS,4.5,2000.0,False,10000,L,MD0120001
MD,CITY OF ABERDEEN,CITY OF ABERDEEN,21001,21001|21005,PFHxS,5.8,10.0,False,10000,L,MD0120001
MD,CITY OF ABERDEEN,CITY OF ABERDEEN,21001,21001|21005,PFOA,7.6,4.0,True,10000,L,MD0120001
MD,CITY OF ABERDEEN,CITY OF ABERDEEN,21001,21001|21005,PFOS,8.6,4.0,True,10000,L,MD0120001
MD,CITY OF FRUITLAND,CITY OF FRUITLAND,21804,21804|21826,PFHxS,4.0,10.0,False,3300,S,MD0220008
MD,CITY OF FRUITLAND,CITY OF FRUITLAND,21804,21804|21826,PFOS,4.1,4.0,True,3300,S,MD0220008
MD,CITY OF ROCKVILLE,CITY OF ROCKVILLE,20850,20850|20851|20852|20854,PFBS,3.6,2000.0,False,10000,L,MD0150003
MD,CITY OF SALISBURY,CITY OF SALISBURY,21801,21801|21804,PFBS,6.2,2000.0,False,10000,L,MD0220004
MD,CITY OF SALISBURY,CITY OF SALISBURY,21801,21801|21804,PFHxS,6.2,10.0,False,10000,L,MD0220004
MD,CITY OF SALISBURY,CITY OF SALISBURY,21801,21801|21804,PFOA,5.9,4.0,True,10000,L,MD0220004
MD,CITY OF SALISBURY,CITY OF SALISBURY,21801,21801|21804,PFOS,20.0,4.0,True,10000,L,MD0220004
MD,CITY OF TANEYTOWN,CITY OF TANEYTOWN,21787,21787,PFBS,15.1,2000.0,False,3300,S,MD0060012
MD,CITY OF TANEYTOWN,CITY OF TANEYTOWN,21787,21787,PFHxS,4.3,10.0,False,3300,S,MD0060012
MD,CITY OF TANEYTOWN,CITY OF TANEYTOWN,21787,21787,PFOA,4.6,4.0,True,3300,S,MD0060012
MD,CITY OF TANEYTOWN,CITY OF TANEYTOWN,21787,21787,PFOS,10.7,4.0,True,3300,S,MD0060012
MD,"CITY OF WESTMINSTER, MD","CITY OF WESTMINSTER, MD",21157,21157,PFBS,8.6,2000.0,False,10000,L,MD0060015
MD,"CITY OF WESTMINSTER, MD","CITY OF WESTMINSTER, MD",21157,21157,PFHxS,4.2,10.0,False,10000,L,MD0060015
MD,"CITY OF WESTMINSTER, MD","CITY OF WESTMINSTER, MD",21157,21157,PFOA,12.4,4.0,True,10000,L,MD0060015
MD,"CITY OF WESTMINSTER, MD","CITY OF WESTMINSTER, MD",21157,21157,PFOS,6.9,4.0,True,10000,L,MD0060015
MD,GLENELG COUNTRY SCHOOL,GLENELG COUNTRY SCHOOL,21042,21042,PFBS,7.5,2000.0,False,3300,S,MD1130003
MD,GLENELG COUNTRY SCHOOL,GLENELG COUNTRY SCHOOL,21042,21042,PFNA,6.5,10.0,False,3300,S,MD1130003
MD,GLENELG COUNTRY SCHOOL,GLENELG COUNTRY SCHOOL,21042,21042,PFOA,10.0,4.0,True,3300,S,MD1130003
MD,MARYLAND AMERICAN WATER COMPANY,MARYLAND AMERICAN WATER COMPANY,21014,21014|21015|21047|21050,PFBS,7.1,2000.0,False,10000,L,MD0120003
MD,MARYLAND AMERICAN WATER COMPANY,MARYLAND AMERICAN WATER COMPANY,21014,21014|21015|21047|21050,PFHxS,3.4,10.0,False,10000,L,MD0120003
MD,MARYLAND AMERICAN WATER COMPANY,MARYLAND AMERICAN WATER COMPANY,21014,21014|21015|21047|21050,PFOA,9.3,4.0,True,10000,L,MD0120003
MD,MARYLAND AMERICAN WATER COMPANY,MARYLAND AMERICAN WATER COMPANY,21014,21014|21015|21047|21050,PFOS,9.1,4.0,True,10000,L,MD0120003
MD,NEW LIFE CHRISTIAN SCHOOL,NEW LIFE CHRISTIAN SCHOOL,21703,21703,PFBS,14.3,2000.0,False,3300,S,MD1100052
MD,NEW LIFE CHRISTIAN SCHOOL,NEW LIFE CHRISTIAN SCHOOL,21703,21703,PFOA,10.1,4.0,True,3300,S,MD1100052
MD,NEW LIFE CHRISTIAN SCHOOL,NEW LIFE CHRISTIAN SCHOOL,21703,21703,PFOS,15.3,4.0,True,3300,S,MD1100052
MD,OCEAN PINES,OCEAN PINES,21811,21811,PFBS,3.7,2000.0,False,10000,L,MD0230005
MD,TOWN OF BERLIN,TOWN OF BERLIN,21811,21811,PFHxS,4.9,10.0,False,3300,S,MD0230001
MD,TOWN OF ELKTON,TOWN OF ELKTON,21921,21921,PFBS,12.3,2000.0,False,10000,L,MD0070011
MD,TOWN OF ELKTON,TOWN OF ELKTON,21921,21921,PFHxS,4.4,10.0,False,10000,L,MD0070011
MD,TOWN OF ELKTON,TOWN OF ELKTON,21921,21921,PFOA,23.3,4.0,True,10000,L,MD0070011
MD,TOWN OF ELKTON,TOWN OF ELKTON,21921,21921,PFOS,7.1,4.0,True,10000,L,MD0070011
MD,TOWN OF HAMPSTEAD,TOWN OF HAMPSTEAD,21074,21074,PFBS,13.4,2000.0,False,3300,S,MD0060003
MD,TOWN OF HAMPSTEAD,TOWN OF HAMPSTEAD,21074,21074,PFHxS,3.4,10.0,False,3300,S,MD0060003
MD,TOWN OF HAMPSTEAD,TOWN OF HAMPSTEAD,21074,21074,PFOA,9.1,4.0,True,3300,S,MD0060003
MD,TOWN OF HAMPSTEAD,TOWN OF HAMPSTEAD,21074,21074,PFOS,5.7,4.0,True,3300,S,MD0060003
MD,TOWN OF MANCHESTER,TOWN OF MANCHESTER,21102,21102,PFBS,16.8,2000.0,False,3300,S,MD0060006
MD,TOWN OF MANCHESTER,TOWN OF MANCHESTER,21102,21102,PFHxS,3.1,10.0,False,3300,S,MD0060006
MD,TOWN OF MANCHESTER,TOWN OF MANCHESTER,21102,21102,PFOA,4.7,4.0,True,3300,S,MD0060006
MD,TOWN OF MIDDLETOWN,TOWN OF MIDDLETOWN,21769,21769,PFBS,4.9,2000.0,False,3300,S,MD0100018
MD,TOWN OF MIDDLETOWN,TOWN OF MIDDLETOWN,21769,21769,PFHxS,3.4,10.0,False,3300,S,MD0100018
MD,TOWN OF MIDDLETOWN,TOWN OF MIDDLETOWN,21769,21769,PFOA,4.8,4.0,True,3300,S,MD0100018
MD,TOWN OF MIDDLETOWN,TOWN OF MIDDLETOWN,21769,21769,PFOS,6.1,4.0,True,3300,S,MD0100018
MD,TOWN OF MOUNT AIRY,TOWN OF MOUNT AIRY,21771,21771,PFBS,6.6,2000.0,False,3300,S,MD0060007
MD,TOWN OF MOUNT AIRY,TOWN OF MOUNT AIRY,21771,21771,PFOA,12.7,4.0,True,3300,S,MD0060007
MD,TOWN OF MOUNT AIRY,TOWN OF MOUNT AIRY,21771,21771,PFOS,6.0,4.0,True,3300,S,MD0060007
MD,TOWN OF POOLESVILLE,TOWN OF POOLESVILLE,20837,20837,PFBS,4.8,2000.0,False,3300,S,MD0150002
MD,TOWN OF POOLESVILLE,TOWN OF POOLESVILLE,20837,20837,PFHxS,6.9,10.0,False,3300,S,MD0150002
MD,TOWN OF POOLESVILLE,TOWN OF POOLESVILLE,20837,20837,PFOA,5.4,4.0,True,3300,S,MD0150002
MD,TOWN OF POOLESVILLE,TOWN OF POOLESVILLE,20837,20837,PFOS,6.5,4.0,True,3300,S,MD0150002
MD,TOWN OF THURMONT,TOWN OF THURMONT,21788,21788,PFBS,4.3,2000.0,False,3300,S,MD0100023
MD,TOWN OF THURMONT,TOWN OF THURMONT,21788,21788,PFHxS,5.3,10.0,False,3300,S,MD0100023
MD,TOWN OF THURMONT,TOWN OF THURMONT,21788,21788,PFOA,15.0,4.0,True,3300,S,MD0100023
MD,TOWN OF THURMONT,TOWN OF THURMONT,21788,21788,PFOS,48.0,4.0,True,3300,S,MD0100023
MD,WALDORF - CHARLES COUNTY DPW,WALDORF - CHARLES COUNTY DPW,20601,20601|20602|20603|20695,PFBS,3.1,2000.0,False,10000,L,MD0080049
ME,"FRANKLIN WATER DEPARTMENT, ME","FRANKLIN WATER DEPARTMENT, ME",04634,04634,PFHxS,3.3,10.0,False,3300,S,ME0090570
ME,GARDINER WATER DISTRICT,GARDINER WATER DISTRICT,04345,04345,PFHxS,4.2,10.0,False,3300,S,ME0090610
ME,HOULTON WATER COMPANY,HOULTON WATER COMPANY,,,PFOS,4.8,4.0,True,3300,S,ME0090700
ME,KENNEBEC WATER DISTRICT,KENNEBEC WATER DISTRICT,04901,04901|04937|04962|04975|04989,PFOA,6.4,4.0,True,10000,L,ME0090750
ME,LISBON WATER DEPARTMENT,LISBON WATER DEPARTMENT,04252,04252,PFBS,9.3,2000.0,False,3300,S,ME0090870
ME,LISBON WATER DEPARTMENT,LISBON WATER DEPARTMENT,04252,04252,PFHxS,13.2,10.0,True,3300,S,ME0090870
ME,LISBON WATER DEPARTMENT,LISBON WATER DEPARTMENT,04252,04252,PFOA,4.1,4.0,True,3300,S,ME0090870
ME,SANFORD WATER DISTRICT,SANFORD WATER DISTRICT,04073,04073|04083,PFHxS,3.3,10.0,False,10000,L,ME0091410
ME,SANFORD WATER DISTRICT,SANFORD WATER DISTRICT,04073,04073|04083,PFOA,6.8,4.0,True,10000,L,ME0091410
ME,SANFORD WATER DISTRICT,SANFORD WATER DISTRICT,04073,04073|04083,PFOS,7.1,4.0,True,10000,L,ME0091410
ME,YARMOUTH WATER DISTRICT,YARMOUTH WATER DISTRICT,04021,04021|04096|04097,PFOA,9.2,4.0,True,3300,S,ME0091670
MI,"CHARLOTTE, CITY OF","CHARLOTTE, CITY OF",48813,48813,PFBS,3.5,2000.0,False,3300,S,MI0001340
MI,"CHARLOTTE, CITY OF","CHARLOTTE, CITY OF",48813,48813,PFHxS,3.0,10.0,False,3300,S,MI0001340
MI,DUNDEE,DUNDEE,48131,48131|48140|48161|49270,PFOA,13.0,4.0,True,3300,S,MI0001880
MI,EAST BAY CHARTER TOWNSHIP,EAST BAY CHARTER TOWNSHIP,49686,49686|49696,PFBS,5.8,2000.0,False,3300,S,MI0001935
MI,FREMONT,FREMONT,49412,49412,PFOA,4.7,4.0,True,3300,S,MI0002490
MI,"GAYLORD, CITY OF","GAYLORD, CITY OF",49735,49735,PFBS,3.1,2000.0,False,3300,S,MI0002600
MI,GLADSTONE,GLADSTONE,49837,49837,PFOS,11.0,4.0,True,3300,S,MI0002640
MI,GRAND HAVEN,GRAND HAVEN,49417,49417,PFOA,4.7,4.0,True,10000,L,MI0002750
MI,GREENVILLE,GREENVILLE,48838,48838,PFBS,3.3,2000.0,False,3300,S,MI0002850
MI,HESPERIA,HESPERIA,49421,49421,PFBS,49.0,2000.0,False,3300,S,MI0003130
MI,INDEPENDENCE TOWNSHIP,INDEPENDENCE TOWNSHIP,48346,48346,PFBS,6.7,2000.0,False,10000,L,MI0003342
MI,INDEPENDENCE TOWNSHIP,INDEPENDENCE TOWNSHIP,48346,48346,PFHxS,30.0,10.0,True,10000,L,MI0003342
MI,INDEPENDENCE TOWNSHIP,INDEPENDENCE TOWNSHIP,48346,48346,PFOA,7.1,4.0,True,10000,L,MI0003342
MI,INDEPENDENCE TOWNSHIP,INDEPENDENCE TOWNSHIP,48346,48346,PFOS,10.0,4.0,True,10000,L,MI0003342
MI,KALAMAZOO,KALAMAZOO,49001,49001|49002|49004|49005|49006|49007|49008|49009|49024|49041|49048|49053|49071|49083,PFBS,7.6,2000.0,False,10000,L,MI0003520
MI,KALAMAZOO,KALAMAZOO,49001,49001|49002|49004|49005|49006|49007|49008|49009|49024|49041|49048|49053|49071|49083,PFHxS,4.2,10.0,False,10000,L,MI0003520
MI,KALAMAZOO,KALAMAZOO,49001,49001|49002|49004|49005|49006|49007|49008|49009|49024|49041|49048|49053|49071|49083,PFOA,4.0,4.0,False,10000,L,MI0003520
MI,KALAMAZOO,KALAMAZOO,49001,49001|49002|49004|49005|49006|49007|49008|49009|49024|49041|49048|49053|49071|49083,PFOS,6.7,4.0,True,10000,L,MI0003520
MI,KINGSFORD,KINGSFORD,49802,49802,PFBS,8.3,2000.0,False,3300,S,MI0003640
MI,KINGSFORD,KINGSFORD,49802,49802,PFHxS,8.0,10.0,False,3300,S,MI0003640
MI,KINROSS TOWNSHIP,KINROSS TOWNSHIP,49788,49788,PFHxS,9.3,10.0,False,3300,S,MI0003630
MI,LAKE BELLA VISTA,LAKE BELLA VISTA,49341,49341,PFBS,3.1,2000.0,False,3300,S,MI0003695
MI,MIDDLEVILLE,MIDDLEVILLE,49333,49333,PFBS,4.8,2000.0,False,3300,S,MI0004360
MI,"OTSEGO, MI","OTSEGO, MI",49078,49078,PFBS,13.0,2000.0,False,3300,S,MI0005060
MI,"OTSEGO, MI","OTSEGO, MI",49078,49078,PFOA,4.0,4.0,False,3300,S,MI0005060
MI,PFIZER,PFIZER,49001,49001,PFHxS,3.3,10.0,False,3300,S,MI2032539
MI,PLAINFIELD TOWNSHIP,PLAINFIELD TOWNSHIP,49306,49306|49321|49341|49525|49544,PFBS,5.1,2000.0,False,10000,L,MI0005370
MI,PORTAGE,PORTAGE,49002,49002|49024|49048,PFBS,7.7,2000.0,False,10000,L,MI0005520
MI,PORTAGE,PORTAGE,49002,49002|49024|49048,PFHxS,5.0,10.0,False,10000,L,MI0005520
MI,"SOUTH LYON, CITY OF","SOUTH LYON, CITY OF",48178,48178,HFPO-DA (GenX),5.4,10.0,False,10000,L,MI0006110
MI,SPRING LAKE TOWNSHIP,SPRING LAKE TOWNSHIP,49456,49456,PFOA,4.8,4.0,True,3300,S,MI0006235
MI,UNION TOWNSHIP,UNION TOWNSHIP,48858,48858,PFBS,4.8,2000.0,False,10000,L,MI0006725
MI,"UTICA, CITY OF","UTICA, CITY OF",48317,48317,PFNA,4.8,10.0,False,3300,S,MI0006760
MI,WATERFORD TOWNSHIP,WATERFORD TOWNSHIP,48327,48327|48328|48329,PFHxS,6.5,10.0,False,10000,L,MI0006910
MN,Alexandria,Alexandria,56308,56308,PFBS,3.8,2000.0,False,10000,L,MN1210001
MN,Alexandria,Alexandria,56308,56308,PFHxS,8.8,10.0,False,10000,L,MN1210001
MN,Alexandria,Alexandria,56308,56308,PFOS,4.4,4.0,True,10000,L,MN1210001
MN,Anoka,Anoka,55303,55303,PFHxS,11.4,10.0,True,10000,L,MN1020001
MN,Apple Valley,Apple Valley,55124,55124,PFHxS,3.1,10.0,False,10000,L,MN1190001
MN,Becker,Becker,55308,55308,PFBS,9.6,2000.0,False,3300,S,MN1710008
MN,Becker,Becker,55308,55308,PFOA,4.3,4.0,True,3300,S,MN1710008
MN,Becker,Becker,55308,55308,PFOS,4.6,4.0,True,3300,S,MN1710008
MN,Brooklyn Center,Brooklyn Center,55430,55430,PFHxS,5.9,10.0,False,10000,L,MN1270004
MN,Brooklyn Center,Brooklyn Center,55430,55430,PFOS,6.0,4.0,True,10000,L,MN1270004
MN,Brooklyn Park,Brooklyn Park,55443,55443,PFBS,3.2,2000.0,False,10000,L,MN1270005
MN,Brooklyn Park,Brooklyn Park,55443,55443,PFHxS,4.8,10.0,False,10000,L,MN1270005
MN,Brooklyn Park,Brooklyn Park,55443,55443,PFOA,10.5,4.0,True,10000,L,MN1270005
MN,Brooklyn Park,Brooklyn Park,55443,55443,PFOS,9.5,4.0,True,10000,L,MN1270005
MN,Cloquet,Cloquet,55720,55720,PFHxS,8.0,10.0,False,10000,L,MN1090005
MN,Cloquet,Cloquet,55720,55720,PFOS,8.4,4.0,True,10000,L,MN1090005
MN,"Hastings, MN","Hastings, MN",55033,55033,PFBS,3.3,2000.0,False,10000,L,MN1190012
MN,"Hastings, MN","Hastings, MN",55033,55033,PFHxS,3.4,10.0,False,10000,L,MN1190012
MN,"Hastings, MN","Hastings, MN",55033,55033,PFOA,23.7,4.0,True,10000,L,MN1190012
MN,"Hastings, MN","Hastings, MN",55033,55033,PFOS,4.6,4.0,True,10000,L,MN1190012
MN,Lake Elmo,Lake Elmo,55042,55042,PFOA,12.0,4.0,True,3300,S,MN1820009
MN,"Marshall, MN","Marshall, MN",56258,56258,PFHxS,4.7,10.0,False,10000,L,MN1420006
MN,Melrose,Melrose,56352,56352,PFBS,3.5,2000.0,False,3300,S,MN1730016
MN,"Monticello, MN","Monticello, MN",55362,55362,PFHxS,5.8,10.0,False,10000,L,MN1860012
MN,Newport,Newport,55055,55055,PFOA,6.9,4.0,True,3300,S,MN1820014
MN,North Saint Paul,North Saint Paul,55109,55109,PFHxS,3.4,10.0,False,10000,L,MN1620011
MN,North Saint Paul,North Saint Paul,55109,55109,PFOS,4.2,4.0,True,10000,L,MN1620011
MN,Oak Park Heights,Oak Park Heights,55082,55082,PFBS,4.8,2000.0,False,3300,S,MN1820020
MN,Oak Park Heights,Oak Park Heights,55082,55082,PFHxS,7.4,10.0,False,3300,S,MN1820020
MN,Pipestone,Pipestone,56164,56164,PFBS,3.6,2000.0,False,3300,S,MN1590005
MN,Princeton,Princeton,55371,55371,PFOS,4.9,4.0,True,3300,S,MN1480008
MN,Robbinsdale,Robbinsdale,55422,55422,PFHxS,4.3,10.0,False,10000,L,MN1270046
MN,"Rochester, MN","Rochester, MN",55906,55906,PFHxS,3.9,10.0,False,10000,L,MN1550010
MN,Sauk Rapids,Sauk Rapids,56379,56379,PFBS,9.1,2000.0,False,10000,L,MN1050004
MN,Sauk Rapids,Sauk Rapids,56379,56379,PFHxS,34.2,10.0,True,10000,L,MN1050004
MN,Sauk Rapids,Sauk Rapids,56379,56379,PFOA,8.1,4.0,True,10000,L,MN1050004
MN,Sauk Rapids,Sauk Rapids,56379,56379,PFOS,12.0,4.0,True,10000,L,MN1050004
MN,Shakopee,Shakopee,55379,55379,PFBS,4.7,2000.0,False,10000,L,MN1700009
MN,South Saint Paul,South Saint Paul,55075,55075,PFBS,4.7,2000.0,False,10000,L,MN1190020
MN,South Saint Paul,South Saint Paul,55075,55075,PFHxS,5.6,10.0,False,10000,L,MN1190020
MN,South Saint Paul,South Saint Paul,55075,55075,PFOA,7.6,4.0,True,10000,L,MN1190020
MN,Stillwater,Stillwater,55082,55082,PFHxS,7.2,10.0,False,10000,L,MN1820024
MN,Stillwater,Stillwater,55082,55082,PFOA,5.2,4.0,True,10000,L,MN1820024
MN,Stillwater,Stillwater,55082,55082,PFOS,8.1,4.0,True,10000,L,MN1820024
MN,Waite Park,Waite Park,56387,56387,PFBS,4.6,2000.0,False,3300,S,MN1730039
MN,Waite Park,Waite Park,56387,56387,PFHxS,17.0,10.0,True,3300,S,MN1730039
MN,Waite Park,Waite Park,56387,56387,PFOA,5.5,4.0,True,3300,S,MN1730039
MN,Waite Park,Waite Park,56387,56387,PFOS,18.0,4.0,True,3300,S,MN1730039
MN,White Bear Township,White Bear Township,55110,55110,PFOA,4.6,4.0,True,10000,L,MN1620025
MN,Woodbury,Woodbury,55125,55125,PFBS,6.7,2000.0,False,10000,L,MN1820025
MN,Woodbury,Woodbury,55125,55125,PFHxS,17.0,10.0,True,10000,L,MN1820025
MN,Woodbury,Woodbury,55125,55125,PFOA,17.1,4.0,True,10000,L,MN1820025
MN,Woodbury,Woodbury,55125,55125,PFOS,8.4,4.0,True,10000,L,MN1820025
MO,CAMDENTON PWS,CAMDENTON PWS,65020,65020,PFHxS,9.2,10.0,False,3300,S,MO3010130
MO,CAMDENTON PWS,CAMDENTON PWS,65020,65020,PFOS,10.3,4.0,True,3300,S,MO3010130
MO,CIRCLE C MHP,CIRCLE C MHP,63069,63069,PFHxS,7.3,10.0,False,3300,S,MO6048106
MO,CIRCLE C MHP,CIRCLE C MHP,63069,63069,PFOS,5.9,4.0,True,3300,S,MO6048106
MO,COLE COUNTY PWSD 1,COLE COUNTY PWSD 1,65109,65109,PFOA,5.8,4.0,True,10000,L,MO3024159
MO,FARMINGTON PWS,FARMINGTON PWS,63640,63640,PFHxS,4.8,10.0,False,10000,L,MO4010270
MO,FORT LEONARD WOOD,FORT LEONARD WOOD,65473,65473,PFBS,4.8,2000.0,False,10000,L,MO3079500
MO,KENNETT PWS,KENNETT PWS,63857,63857,PFBS,4.5,2000.0,False,10000,L,MO4010417
MO,LAMAR PWS,LAMAR PWS,64759,64759,PFOA,6.2,4.0,True,3300,S,MO5010446
MO,MONETT PWS,MONETT PWS,65708,65708,PFHxS,7.7,10.0,False,3300,S,MO5010537
MO,NORTH KANSAS CITY PWS,NORTH KANSAS CITY PWS,64116,64116,PFHxS,9.2,10.0,False,3300,S,MO1010580
MO,OZARK PWS,OZARK PWS,65714,65714|65721,PFBS,4.9,2000.0,False,10000,L,MO5010619
MO,PIKE COUNTY PWSD 1,PIKE COUNTY PWSD 1,63330,63330|63334|63336|63339|63344|63353|63359|63441,PFBS,3.9,2000.0,False,3300,S,MO2024471
MO,PLATTE CO PWSD 4,PLATTE CO PWSD 4,64079,64079|64089|64152|64153,PFHxS,3.3,10.0,False,3300,S,MO1024478
MO,RALLS COUNTY PWSD 1,RALLS COUNTY PWSD 1,63401,63401|63459|63461,PFBS,11.4,2000.0,False,3300,S,MO2024499
MO,RALLS COUNTY PWSD 1,RALLS COUNTY PWSD 1,63401,63401|63459|63461,PFOA,4.3,4.0,True,3300,S,MO2024499
MO,SCOTT CITY PWS,SCOTT CITY PWS,63780,63780,PFHxS,8.0,10.0,False,3300,S,MO4010726
MO,SPRINGFIELD PWS,SPRINGFIELD PWS,65619,65619|65721|65738|65742|65757|65765|65781|65801|65802|65803|65804|65805|65806|65807|65808|65809|65810,PFBS,3.0,2000.0,False,10000,L,MO5010754
MO,SPRINGFIELD PWS,SPRINGFIELD PWS,65619,65619|65721|65738|65742|65757|65765|65781|65801|65802|65803|65804|65805|65806|65807|65808|65809|65810,PFOS,4.3,4.0,True,10000,L,MO5010754
MO,ST CLAIR PWS,ST CLAIR PWS,63077,63077,PFHxS,5.6,10.0,False,3300,S,MO6010708
MO,ST JAMES PWS,ST JAMES PWS,65559,65559,PFBS,6.5,2000.0,False,3300,S,MO3010712
MO,ST JAMES PWS,ST JAMES PWS,65559,65559,PFHxS,22.5,10.0,True,3300,S,MO3010712
MO,ST JAMES PWS,ST JAMES PWS,65559,65559,PFOS,9.9,4.0,True,3300,S,MO3010712
MO,ST PETERS PWS,ST PETERS PWS,63376,63376,PFOA,4.9,4.0,True,10000,L,MO6010719
MO,ST ROBERT PWS,ST ROBERT PWS,65584,65584,PFOS,12.0,4.0,True,3300,S,MO3010720
MO,WEST PLAINS PWS,WEST PLAINS PWS,65775,65775,PFBS,3.2,2000.0,False,10000,L,MO4010853
MP,Commonwealth Utilities Corp (Saipan),Commonwealth Utilities Corp (Saipan),96950,96950,PFBS,14.6,2000.0,False,10000,L,MP0000001
MP,Commonwealth Utilities Corp (Saipan),Commonwealth Utilities Corp (Saipan),96950,96950,PFHxS,19.6,10.0,True,10000,L,MP0000001
MP,Commonwealth Utilities Corp (Saipan),Commonwealth Utilities Corp (Saipan),96950,96950,PFOS,32.1,4.0,True,10000,L,MP0000001
MS,CITY OF BROOKHAVEN,CITY OF BROOKHAVEN,39601,39601,PFBS,4.4,2000.0,False,10000,L,MS0430002
MS,"CITY OF CORINTH, MS","CITY OF CORINTH, MS",38834,38834,PFBS,4.3,2000.0,False,10000,L,MS0020002
MS,"CITY OF CORINTH, MS","CITY OF CORINTH, MS",38834,38834,PFOA,8.7,4.0,True,10000,L,MS0020002
MS,"CITY OF CORINTH, MS","CITY OF CORINTH, MS",38834,38834,PFOS,10.6,4.0,True,10000,L,MS0020002
MS,CITY OF HOLLY SPRINGS,CITY OF HOLLY SPRINGS,38635,38635,PFHxS,4.3,10.0,False,3300,S,MS0470002
MS,CITY OF HOLLY SPRINGS,CITY OF HOLLY SPRINGS,38635,38635,PFOA,6.7,4.0,True,3300,S,MS0470002
MS,CITY OF HOLLY SPRINGS,CITY OF HOLLY SPRINGS,38635,38635,PFOS,9.6,4.0,True,3300,S,MS0470002
MS,CITY OF OXFORD,CITY OF OXFORD,38655,38655,PFBS,10.9,2000.0,False,10000,L,MS0360011
MS,CITY OF OXFORD,CITY OF OXFORD,38655,38655,PFHxS,13.6,10.0,True,10000,L,MS0360011
MS,CITY OF OXFORD,CITY OF OXFORD,38655,38655,PFOA,4.4,4.0,True,10000,L,MS0360011
MS,CITY OF OXFORD,CITY OF OXFORD,38655,38655,PFOS,72.2,4.0,True,10000,L,MS0360011
MS,KEESLER AIR FORCE BASE,KEESLER AIR FORCE BASE,39532,39532|39534,PFOS,7.7,4.0,True,3300,S,MS0240049
MS,SMITHS CROSSING WATER ASSN,SMITHS CROSSING WATER ASSN,39111,39111|39114,PFOS,8.6,4.0,True,3300,S,MS0640014
MS,SUNRISE UTILITY ASSN INC,SUNRISE UTILITY ASSN INC,39401,39401|39465|39476,PFOA,5.5,4.0,True,3300,S,MS0180013
MS,UNIVERSITY OF MISSISSIPPI,UNIVERSITY OF MISSISSIPPI,38677,38677,PFBS,5.2,2000.0,False,10000,L,MS0360015
MS,UNIVERSITY OF MISSISSIPPI,UNIVERSITY OF MISSISSIPPI,38677,38677,PFHxS,5.6,10.0,False,10000,L,MS0360015
MS,UNIVERSITY OF MISSISSIPPI,UNIVERSITY OF MISSISSIPPI,38677,38677,PFOA,5.5,4.0,True,10000,L,MS0360015
MS,UNIVERSITY OF MISSISSIPPI,UNIVERSITY OF MISSISSIPPI,38677,38677,PFOS,4.2,4.0,True,10000,L,MS0360015
MT,ALPINE VILLAGE WUA,ALPINE VILLAGE WUA,59937,59937,PFOS,4.1,4.0,True,3300,S,MT0003229
MT,BIG SKY COUNTY WATER AND SEWER DIST 363,BIG SKY COUNTY WATER AND SEWER DIST 363,59716,59716,PFBS,3.1,2000.0,False,3300,S,MT0002385
MT,HAMILTON  CITY OF,HAMILTON  CITY OF,59840,59840,PFBS,3.1,2000.0,False,3300,S,MT0000234
MT,KALISPELL PUBLIC WORKS,KALISPELL PUBLIC WORKS,59901,59901|59903|59904,PFHxS,5.0,10.0,False,10000,L,MT0000259
MT,KALISPELL PUBLIC WORKS,KALISPELL PUBLIC WORKS,59901,59901|59903|59904,PFOS,6.6,4.0,True,10000,L,MT0000259
NC,"ABERDEEN, TOWN OF","ABERDEEN, TOWN OF",28315,28315,PFBS,25.9,2000.0,False,10000,L,NC0363020
NC,"ABERDEEN, TOWN OF","ABERDEEN, TOWN OF",28315,28315,PFHxS,4.3,10.0,False,10000,L,NC0363020
NC,"ABERDEEN, TOWN OF","ABERDEEN, TOWN OF",28315,28315,PFOA,4.8,4.0,True,10000,L,NC0363020
NC,"ABERDEEN, TOWN OF","ABERDEEN, TOWN OF",28315,28315,PFOS,8.8,4.0,True,10000,L,NC0363020
NC,"ALBEMARLE, CITY OF","ALBEMARLE, CITY OF",28001,28001|28002,PFOS,4.3,4.0,True,10000,L,NC0184010
NC,"ANGIER, TOWN OF","ANGIER, TOWN OF",27501,27501,PFBS,4.4,2000.0,False,3300,S,NC0343015
NC,"ANGIER, TOWN OF","ANGIER, TOWN OF",27501,27501,PFHxS,3.8,10.0,False,3300,S,NC0343015
NC,"ANGIER, TOWN OF","ANGIER, TOWN OF",27501,27501,PFOA,8.7,4.0,True,3300,S,NC0343015
NC,"ANGIER, TOWN OF","ANGIER, TOWN OF",27501,27501,PFOS,13.5,4.0,True,3300,S,NC0343015
NC,ANSON COUNTY WATER SYSTEM,ANSON COUNTY WATER SYSTEM,28007,28007|28091|28102|28119|28133|28135|28170,PFOA,4.0,4.0,False,10000,L,NC0304010
NC,ANSON COUNTY WATER SYSTEM,ANSON COUNTY WATER SYSTEM,28007,28007|28091|28102|28119|28133|28135|28170,PFOS,5.5,4.0,True,10000,L,NC0304010
NC,"APEX, TOWN OF","APEX, TOWN OF",27502,27502,PFBS,4.0,2000.0,False,10000,L,NC0392045
NC,"ARCHDALE, CITY OF","ARCHDALE, CITY OF",27263,27263|27370,PFBS,4.0,2000.0,False,10000,L,NC0276030
NC,"ARCHDALE, CITY OF","ARCHDALE, CITY OF",27263,27263|27370,PFHxS,5.2,10.0,False,10000,L,NC0276030
NC,"ARCHDALE, CITY OF","ARCHDALE, CITY OF",27263,27263|27370,PFOA,5.6,4.0,True,10000,L,NC0276030
NC,"ARCHDALE, CITY OF","ARCHDALE, CITY OF",27263,27263|27370,PFOS,10.6,4.0,True,10000,L,NC0276030
NC,"ASHEBORO, CITY OF","ASHEBORO, CITY OF",27203,27203|27205|27317|27341,PFBS,8.4,2000.0,False,10000,L,NC0276010
NC,"ASHEBORO, CITY OF","ASHEBORO, CITY OF",27203,27203|27205|27317|27341,PFHxS,4.5,10.0,False,10000,L,NC0276010
NC,"ASHEBORO, CITY OF","ASHEBORO, CITY OF",27203,27203|27205|27317|27341,PFOA,10.2,4.0,True,10000,L,NC0276010
NC,"ASHEBORO, CITY OF","ASHEBORO, CITY OF",27203,27203|27205|27317|27341,PFOS,16.3,4.0,True,10000,L,NC0276010
NC,AYDEN TOWN OF,AYDEN TOWN OF,28513,28513,PFBS,4.3,2000.0,False,3300,S,NC0474025
NC,AYDEN TOWN OF,AYDEN TOWN OF,28513,28513,PFHxS,5.8,10.0,False,3300,S,NC0474025
NC,AYDEN TOWN OF,AYDEN TOWN OF,28513,28513,PFOA,6.5,4.0,True,3300,S,NC0474025
NC,AYDEN TOWN OF,AYDEN TOWN OF,28513,28513,PFOS,11.5,4.0,True,3300,S,NC0474025
NC,BAYLEAF MASTER,BAYLEAF MASTER,27614,27614,PFBS,39.6,2000.0,False,10000,L,NC0392373
NC,BAYLEAF MASTER,BAYLEAF MASTER,27614,27614,PFHxS,152.6,10.0,True,10000,L,NC0392373
NC,BAYLEAF MASTER,BAYLEAF MASTER,27614,27614,PFOA,10.4,4.0,True,10000,L,NC0392373
NC,BAYLEAF MASTER,BAYLEAF MASTER,27614,27614,PFOS,21.3,4.0,True,10000,L,NC0392373
NC,BELL ARTHUR WATER CORP,BELL ARTHUR WATER CORP,27811,27811|27828|27834|27852|28513|28530|28590,PFBS,3.3,2000.0,False,10000,L,NC0474045
NC,BELL ARTHUR WATER CORP,BELL ARTHUR WATER CORP,27811,27811|27828|27834|27852|28513|28530|28590,PFHxS,4.5,10.0,False,10000,L,NC0474045
NC,BELL ARTHUR WATER CORP,BELL ARTHUR WATER CORP,27811,27811|27828|27834|27852|28513|28530|28590,PFOA,4.4,4.0,True,10000,L,NC0474045
NC,BELL ARTHUR WATER CORP,BELL ARTHUR WATER CORP,27811,27811|27828|27834|27852|28513|28530|28590,PFOS,9.9,4.0,True,10000,L,NC0474045
NC,"BENSON, TOWN OF","BENSON, TOWN OF",27504,27504,PFBS,7.2,2000.0,False,3300,S,NC0351025
NC,"BENSON, TOWN OF","BENSON, TOWN OF",27504,27504,PFHxS,4.7,10.0,False,3300,S,NC0351025
NC,"BENSON, TOWN OF","BENSON, TOWN OF",27504,27504,PFOA,8.9,4.0,True,3300,S,NC0351025
NC,"BENSON, TOWN OF","BENSON, TOWN OF",27504,27504,PFOS,15.0,4.0,True,3300,S,NC0351025
NC,"BESSEMER CITY, CITY OF","BESSEMER CITY, CITY OF",28016,28016,PFOA,5.8,4.0,True,3300,S,NC0136025
NC,BLADEN CO WTR DIST-EAST BLADEN,BLADEN CO WTR DIST-EAST BLADEN,28312,28312|28337|28399|28441|28444,HFPO-DA (GenX),13.6,10.0,True,3300,S,NC0309060
NC,BLUE RIDGE WATER ASSOCIATION,BLUE RIDGE WATER ASSOCIATION,28635,28635|28659,PFBS,3.7,2000.0,False,3300,S,NC0197030
NC,BRAGG COMMUNITIES/NTA,BRAGG COMMUNITIES/NTA,28326,28326,PFBS,15.0,2000.0,False,3300,S,NC5043001
NC,BRAGG COMMUNITIES/NTA,BRAGG COMMUNITIES/NTA,28326,28326,PFHxS,4.1,10.0,False,3300,S,NC5043001
NC,BRAGG COMMUNITIES/NTA,BRAGG COMMUNITIES/NTA,28326,28326,PFOA,11.0,4.0,True,3300,S,NC5043001
NC,BRAGG COMMUNITIES/NTA,BRAGG COMMUNITIES/NTA,28326,28326,PFOS,14.0,4.0,True,3300,S,NC5043001
NC,BROOKWOOD COMM WTR SYSTEM,BROOKWOOD COMM WTR SYSTEM,28304,28304|28306|28314,PFBS,63.3,2000.0,False,10000,L,NC0326127
NC,BROOKWOOD COMM WTR SYSTEM,BROOKWOOD COMM WTR SYSTEM,28304,28304|28306|28314,PFHxS,25.6,10.0,True,10000,L,NC0326127
NC,BROOKWOOD COMM WTR SYSTEM,BROOKWOOD COMM WTR SYSTEM,28304,28304|28306|28314,PFOA,27.5,4.0,True,10000,L,NC0326127
NC,BROOKWOOD COMM WTR SYSTEM,BROOKWOOD COMM WTR SYSTEM,28304,28304|28306|28314,PFOS,33.3,4.0,True,10000,L,NC0326127
NC,BRUNSWICK COUNTY WATER SYSTEM,BRUNSWICK COUNTY WATER SYSTEM,28401,28401|28420|28422|28451|28452|28461|28462|28467|28468|28469|28470|28479,HFPO-DA (GenX),5.8,10.0,False,10000,L,NC0410045
NC,BRUNSWICK COUNTY WATER SYSTEM,BRUNSWICK COUNTY WATER SYSTEM,28401,28401|28420|28422|28451|28452|28461|28462|28467|28468|28469|28470|28479,PFBS,7.1,2000.0,False,10000,L,NC0410045
NC,BRUNSWICK COUNTY WATER SYSTEM,BRUNSWICK COUNTY WATER SYSTEM,28401,28401|28420|28422|28451|28452|28461|28462|28467|28468|28469|28470|28479,PFHxS,5.2,10.0,False,10000,L,NC0410045
NC,BRUNSWICK COUNTY WATER SYSTEM,BRUNSWICK COUNTY WATER SYSTEM,28401,28401|28420|28422|28451|28452|28461|28462|28467|28468|28469|28470|28479,PFOA,7.7,4.0,True,10000,L,NC0410045
NC,BRUNSWICK COUNTY WATER SYSTEM,BRUNSWICK COUNTY WATER SYSTEM,28401,28401|28420|28422|28451|28452|28461|28462|28467|28468|28469|28470|28479,PFOS,12.4,4.0,True,10000,L,NC0410045
NC,"BURLINGTON, CITY OF","BURLINGTON, CITY OF",27201,27201|27215|27216|27217|27244|27249|27253|27258|27377,PFHxS,3.2,10.0,False,10000,L,NC0201010
NC,"BURLINGTON, CITY OF","BURLINGTON, CITY OF",27201,27201|27215|27216|27217|27244|27249|27253|27258|27377,PFOA,13.0,4.0,True,10000,L,NC0201010
NC,"BURLINGTON, CITY OF","BURLINGTON, CITY OF",27201,27201|27215|27216|27217|27244|27249|27253|27258|27377,PFOS,17.0,4.0,True,10000,L,NC0201010
NC,CAROLINA TRACE WATER SYSTEM,CAROLINA TRACE WATER SYSTEM,27332,27332,PFBS,5.2,2000.0,False,3300,S,NC0353101
NC,CAROLINA TRACE WATER SYSTEM,CAROLINA TRACE WATER SYSTEM,27332,27332,PFHxS,4.0,10.0,False,3300,S,NC0353101
NC,CAROLINA TRACE WATER SYSTEM,CAROLINA TRACE WATER SYSTEM,27332,27332,PFOA,9.7,4.0,True,3300,S,NC0353101
NC,CAROLINA TRACE WATER SYSTEM,CAROLINA TRACE WATER SYSTEM,27332,27332,PFOS,14.0,4.0,True,3300,S,NC0353101
NC,"CARY, TOWN OF","CARY, TOWN OF",27511,27511|27513|27518|27519|27560|27607|27695|27709,PFBS,3.4,2000.0,False,10000,L,NC0392020
NC,CENTRAL NASH WATER & SEWER,CENTRAL NASH WATER & SEWER,27557,27557|27803|27807|27822|27856|27882|27896,PFOA,6.3,4.0,True,3300,S,NC4064005
NC,CENTRAL NASH WATER & SEWER,CENTRAL NASH WATER & SEWER,27557,27557|27803|27807|27822|27856|27882|27896,PFOS,10.2,4.0,True,3300,S,NC4064005
NC,CFPUA/MONTEREY HEIGHTS,CFPUA/MONTEREY HEIGHTS,28409,28409|28412,PFBS,3.7,2000.0,False,3300,S,NC0465137
NC,CFPUA/MONTEREY HEIGHTS,CFPUA/MONTEREY HEIGHTS,28409,28409|28412,PFHxS,4.1,10.0,False,3300,S,NC0465137
NC,"CHINA GROVE, TOWN OF","CHINA GROVE, TOWN OF",28023,28023,PFOS,4.4,4.0,True,3300,S,NC0180040
NC,"CLAYTON, TOWN OF","CLAYTON, TOWN OF",27520,27520|27527|27528,PFBS,4.0,2000.0,False,10000,L,NC0351020
NC,"CLAYTON, TOWN OF","CLAYTON, TOWN OF",27520,27520|27527|27528,PFOA,8.2,4.0,True,10000,L,NC0351020
NC,"CLAYTON, TOWN OF","CLAYTON, TOWN OF",27520,27520|27527|27528,PFOS,8.1,4.0,True,10000,L,NC0351020
NC,CLIFFDALE WEST,CLIFFDALE WEST,28304,28304|28314,PFBS,10.8,2000.0,False,10000,L,NC0326332
NC,CLIFFDALE WEST,CLIFFDALE WEST,28304,28304|28314,PFHxS,12.5,10.0,True,10000,L,NC0326332
NC,CLIFFDALE WEST,CLIFFDALE WEST,28304,28304|28314,PFOA,16.3,4.0,True,10000,L,NC0326332
NC,CLIFFDALE WEST,CLIFFDALE WEST,28304,28304|28314,PFOS,19.5,4.0,True,10000,L,NC0326332
NC,"CONCORD, CITY OF","CONCORD, CITY OF",28025,28025|28026|28027|28082|28124,PFHxS,5.0,10.0,False,10000,L,NC0113010
NC,"CONCORD, CITY OF","CONCORD, CITY OF",28025,28025|28026|28027|28082|28124,PFOS,9.1,4.0,True,10000,L,NC0113010
NC,"DALLAS, TOWN OF","DALLAS, TOWN OF",28034,28034,PFBS,3.9,2000.0,False,3300,S,NC0136065
NC,"DALLAS, TOWN OF","DALLAS, TOWN OF",28034,28034,PFOA,4.4,4.0,True,3300,S,NC0136065
NC,DEEP RUN WATER CORPORATION,DEEP RUN WATER CORPORATION,28501,28501|28502|28503|28504|28525|28572|28578,PFBS,4.4,2000.0,False,10000,L,NC0454030
NC,DEEP RUN WATER CORPORATION,DEEP RUN WATER CORPORATION,28501,28501|28502|28503|28504|28525|28572|28578,PFHxS,6.0,10.0,False,10000,L,NC0454030
NC,DEEP RUN WATER CORPORATION,DEEP RUN WATER CORPORATION,28501,28501|28502|28503|28504|28525|28572|28578,PFOA,7.0,4.0,True,10000,L,NC0454030
NC,DEEP RUN WATER CORPORATION,DEEP RUN WATER CORPORATION,28501,28501|28502|28503|28504|28525|28572|28578,PFOS,11.5,4.0,True,10000,L,NC0454030
NC,DIAMOND HEAD S/D,DIAMOND HEAD S/D,28117,28117,PFBS,5.8,2000.0,False,3300,S,NC0149182
NC,DIAMOND HEAD S/D,DIAMOND HEAD S/D,28117,28117,PFHxS,5.5,10.0,False,3300,S,NC0149182
NC,DIAMOND HEAD S/D,DIAMOND HEAD S/D,28117,28117,PFOA,4.6,4.0,True,3300,S,NC0149182
NC,"DUNN, CITY OF","DUNN, CITY OF",27504,27504|28312|28334|28335|28342,PFBS,14.2,2000.0,False,10000,L,NC0343010
NC,"DUNN, CITY OF","DUNN, CITY OF",27504,27504|28312|28334|28335|28342,PFHxS,5.2,10.0,False,10000,L,NC0343010
NC,"DUNN, CITY OF","DUNN, CITY OF",27504,27504|28312|28334|28335|28342,PFOA,12.0,4.0,True,10000,L,NC0343010
NC,"DUNN, CITY OF","DUNN, CITY OF",27504,27504|28312|28334|28335|28342,PFOS,14.4,4.0,True,10000,L,NC0343010
NC,"DURHAM, CITY OF","DURHAM, CITY OF",27560,27560|27701|27703|27704|27705|27707|27709|27712|27713,PFBS,6.5,2000.0,False,10000,L,NC0332010
NC,"DURHAM, CITY OF","DURHAM, CITY OF",27560,27560|27701|27703|27704|27705|27707|27709|27712|27713,PFOA,4.1,4.0,True,10000,L,NC0332010
NC,"DURHAM, CITY OF","DURHAM, CITY OF",27560,27560|27701|27703|27704|27705|27707|27709|27712|27713,PFOS,5.8,4.0,True,10000,L,NC0332010
NC,EAST MOORE WATER DISTRICT,EAST MOORE WATER DISTRICT,27376,27376|28326|28327|28350|28394,PFBS,4.8,2000.0,False,3300,S,NC5063011
NC,EAST MOORE WATER DISTRICT,EAST MOORE WATER DISTRICT,27376,27376|28326|28327|28350|28394,PFHxS,3.6,10.0,False,3300,S,NC5063011
NC,EAST MOORE WATER DISTRICT,EAST MOORE WATER DISTRICT,27376,27376|28326|28327|28350|28394,PFOA,8.1,4.0,True,3300,S,NC5063011
NC,EAST MOORE WATER DISTRICT,EAST MOORE WATER DISTRICT,27376,27376|28326|28327|28350|28394,PFOS,12.0,4.0,True,3300,S,NC5063011
NC,EASTERN PINES WATER CORP,EASTERN PINES WATER CORP,27837,27837|27858|27879|28513|28586|28590,PFBS,4.4,2000.0,False,10000,L,NC0474015
NC,EASTERN PINES WATER CORP,EASTERN PINES WATER CORP,27837,27837|27858|27879|28513|28586|28590,PFHxS,5.3,10.0,False,10000,L,NC0474015
NC,EASTERN PINES WATER CORP,EASTERN PINES WATER CORP,27837,27837|27858|27879|28513|28586|28590,PFOA,6.1,4.0,True,10000,L,NC0474015
NC,EASTERN PINES WATER CORP,EASTERN PINES WATER CORP,27837,27837|27858|27879|28513|28586|28590,PFOS,10.4,4.0,True,10000,L,NC0474015
NC,EASTOVER SANITARY DISTRICT,EASTOVER SANITARY DISTRICT,28312,28312,PFBS,4.4,2000.0,False,3300,S,NC5026027
NC,EASTOVER SANITARY DISTRICT,EASTOVER SANITARY DISTRICT,28312,28312,PFHxS,4.1,10.0,False,3300,S,NC5026027
NC,EASTOVER SANITARY DISTRICT,EASTOVER SANITARY DISTRICT,28312,28312,PFOA,10.1,4.0,True,3300,S,NC5026027
NC,EASTOVER SANITARY DISTRICT,EASTOVER SANITARY DISTRICT,28312,28312,PFOS,14.0,4.0,True,3300,S,NC5026027
NC,EDGECOMBE WATER & SEWER DISTRICT,EDGECOMBE WATER & SEWER DISTRICT,27801,27801|27886,PFOA,4.5,4.0,True,10000,L,NC0433050
NC,EDGECOMBE WATER & SEWER DISTRICT,EDGECOMBE WATER & SEWER DISTRICT,27801,27801|27886,PFOS,4.7,4.0,True,10000,L,NC0433050
NC,"ELIZABETHTOWN, TOWN OF","ELIZABETHTOWN, TOWN OF",28337,28337,PFHxS,5.0,10.0,False,3300,S,NC0309010
NC,"ELON, TOWN OF","ELON, TOWN OF",27244,27244,PFOA,5.3,4.0,True,10000,L,NC0201025
NC,"ELON, TOWN OF","ELON, TOWN OF",27244,27244,PFOS,9.0,4.0,True,10000,L,NC0201025
NC,FARM WATER WORKS,FARM WATER WORKS,27330,27330|27331,PFHxS,7.7,10.0,False,3300,S,NC0353127
NC,FARM WATER WORKS,FARM WATER WORKS,27330,27330|27331,PFOS,4.2,4.0,True,3300,S,NC0353127
NC,"FARMVILLE, TOWN OF","FARMVILLE, TOWN OF",27828,27828|27829|27888,PFOS,4.0,4.0,False,3300,S,NC0474020
NC,FAYETTEVILLE PUBLIC WORKS COMM,FAYETTEVILLE PUBLIC WORKS COMM,28301,28301|28302|28303|28304|28305|28306|28307|28308|28309|28311|28312|28314|28348,PFBS,12.1,2000.0,False,10000,L,NC0326010
NC,FAYETTEVILLE PUBLIC WORKS COMM,FAYETTEVILLE PUBLIC WORKS COMM,28301,28301|28302|28303|28304|28305|28306|28307|28308|28309|28311|28312|28314|28348,PFHxS,19.1,10.0,True,10000,L,NC0326010
NC,FAYETTEVILLE PUBLIC WORKS COMM,FAYETTEVILLE PUBLIC WORKS COMM,28301,28301|28302|28303|28304|28305|28306|28307|28308|28309|28311|28312|28314|28348,PFOA,11.0,4.0,True,10000,L,NC0326010
NC,FAYETTEVILLE PUBLIC WORKS COMM,FAYETTEVILLE PUBLIC WORKS COMM,28301,28301|28302|28303|28304|28305|28306|28307|28308|28309|28311|28312|28314|28348,PFOS,21.8,4.0,True,10000,L,NC0326010
NC,FLOWERS PLANTATION,FLOWERS PLANTATION,27527,27527,PFBS,4.8,2000.0,False,3300,S,NC0351195
NC,FLOWERS PLANTATION,FLOWERS PLANTATION,27527,27527,PFHxS,3.6,10.0,False,3300,S,NC0351195
NC,FLOWERS PLANTATION,FLOWERS PLANTATION,27527,27527,PFOA,7.7,4.0,True,3300,S,NC0351195
NC,FLOWERS PLANTATION,FLOWERS PLANTATION,27527,27527,PFOS,9.5,4.0,True,3300,S,NC0351195
NC,"FUQUAY-VARINA, TOWN OF","FUQUAY-VARINA, TOWN OF",27526,27526,PFBS,15.0,2000.0,False,10000,L,NC0392055
NC,"FUQUAY-VARINA, TOWN OF","FUQUAY-VARINA, TOWN OF",27526,27526,PFHxS,4.4,10.0,False,10000,L,NC0392055
NC,"FUQUAY-VARINA, TOWN OF","FUQUAY-VARINA, TOWN OF",27526,27526,PFOA,11.0,4.0,True,10000,L,NC0392055
NC,"FUQUAY-VARINA, TOWN OF","FUQUAY-VARINA, TOWN OF",27526,27526,PFOS,11.0,4.0,True,10000,L,NC0392055
NC,"GIBSONVILLE, TOWN OF","GIBSONVILLE, TOWN OF",27215,27215|27244|27249|27377,PFOS,8.2,4.0,True,3300,S,NC0241025
NC,"GOLDSBORO, CITY OF","GOLDSBORO, CITY OF",27530,27530|27531|27532|27533|27534,PFBS,3.3,2000.0,False,10000,L,NC0496010
NC,"GOLDSBORO, CITY OF","GOLDSBORO, CITY OF",27530,27530|27531|27532|27533|27534,PFOA,6.6,4.0,True,10000,L,NC0496010
NC,"GOLDSBORO, CITY OF","GOLDSBORO, CITY OF",27530,27530|27531|27532|27533|27534,PFOS,6.8,4.0,True,10000,L,NC0496010
NC,"GRAHAM, CITY OF","GRAHAM, CITY OF",27217,27217|27253|27258|27302|27359,PFBS,10.6,2000.0,False,10000,L,NC0201015
NC,"GRAHAM, CITY OF","GRAHAM, CITY OF",27217,27217|27253|27258|27302|27359,PFOA,7.6,4.0,True,10000,L,NC0201015
NC,"GRAHAM, CITY OF","GRAHAM, CITY OF",27217,27217|27253|27258|27302|27359,PFOS,7.4,4.0,True,10000,L,NC0201015
NC,GRASSY POND WATER CORPORATION,GRASSY POND WATER CORPORATION,28024,28024|28114|29341,PFBS,3.7,2000.0,False,3300,S,NC2023003
NC,GRASSY POND WATER CORPORATION,GRASSY POND WATER CORPORATION,28024,28024|28114|29341,PFHxS,5.7,10.0,False,3300,S,NC2023003
NC,GRASSY POND WATER CORPORATION,GRASSY POND WATER CORPORATION,28024,28024|28114|29341,PFOA,13.0,4.0,True,3300,S,NC2023003
NC,GRASSY POND WATER CORPORATION,GRASSY POND WATER CORPORATION,28024,28024|28114|29341,PFOS,16.0,4.0,True,3300,S,NC2023003
NC,GREENE CO REGIONAL WATER SYST,GREENE CO REGIONAL WATER SYST,27828,27828|27888|28513|28538|28551|28554|28580,PFOS,4.3,4.0,True,10000,L,NC0440106
NC,"GREENSBORO, CITY OF","GREENSBORO, CITY OF",27214,27214|27301|27377|27401|27402|27406|27407|27408|27409|27410,PFBS,5.3,2000.0,False,10000,L,NC0241010
NC,"GREENSBORO, CITY OF","GREENSBORO, CITY OF",27214,27214|27301|27377|27401|27402|27406|27407|27408|27409|27410,PFHxS,16.8,10.0,True,10000,L,NC0241010
NC,"GREENSBORO, CITY OF","GREENSBORO, CITY OF",27214,27214|27301|27377|27401|27402|27406|27407|27408|27409|27410,PFOA,5.6,4.0,True,10000,L,NC0241010
NC,"GREENSBORO, CITY OF","GREENSBORO, CITY OF",27214,27214|27301|27377|27401|27402|27406|27407|27408|27409|27410,PFOS,35.6,4.0,True,10000,L,NC0241010
NC,GREENVILLE UTILITIES COMM,GREENVILLE UTILITIES COMM,27833,27833|27834|27835|27836|27858|28590,PFBS,6.1,2000.0,False,10000,L,NC0474010
NC,GREENVILLE UTILITIES COMM,GREENVILLE UTILITIES COMM,27833,27833|27834|27835|27836|27858|28590,PFOA,7.6,4.0,True,10000,L,NC0474010
NC,GREENVILLE UTILITIES COMM,GREENVILLE UTILITIES COMM,27833,27833|27834|27835|27836|27858|28590,PFOS,6.3,4.0,True,10000,L,NC0474010
NC,"GRIFTON, TOWN OF","GRIFTON, TOWN OF",28530,28530,PFBS,4.4,2000.0,False,3300,S,NC0474035
NC,"GRIFTON, TOWN OF","GRIFTON, TOWN OF",28530,28530,PFHxS,6.2,10.0,False,3300,S,NC0474035
NC,"GRIFTON, TOWN OF","GRIFTON, TOWN OF",28530,28530,PFOA,6.5,4.0,True,3300,S,NC0474035
NC,"GRIFTON, TOWN OF","GRIFTON, TOWN OF",28530,28530,PFOS,11.5,4.0,True,3300,S,NC0474035
NC,HALIFAX CO--HALIFAX,HALIFAX CO--HALIFAX,27823,27823|27839|27844|27850|27870|27874|27887|27890,PFOS,5.0,4.0,True,10000,L,NC0442040
NC,HAMLET WATER SYSTEM,HAMLET WATER SYSTEM,28345,28345|28379,PFHxS,3.8,10.0,False,10000,L,NC0377010
NC,HAMLET WATER SYSTEM,HAMLET WATER SYSTEM,28345,28345|28379,PFOA,5.7,4.0,True,10000,L,NC0377010
NC,HAMLET WATER SYSTEM,HAMLET WATER SYSTEM,28345,28345|28379,PFOS,6.9,4.0,True,10000,L,NC0377010
NC,HANDY SANITARY DISTRICT,HANDY SANITARY DISTRICT,27239,27239|27292|28127,PFBS,3.8,2000.0,False,3300,S,NC0229035
NC,HANDY SANITARY DISTRICT,HANDY SANITARY DISTRICT,27239,27239|27292|28127,PFOS,4.1,4.0,True,3300,S,NC0229035
NC,HARBOUR POINT S/D,HARBOUR POINT S/D,28115,28115|28117,PFBS,11.5,2000.0,False,3300,S,NC0149185
NC,HARNETT REGIONAL WATER,HARNETT REGIONAL WATER,27332,27332|27501|27505|27506|27521|27526|27540|27543|27546|27552|28323|28326|28334|28335|28339|28356|28368|28390,PFBS,3.4,2000.0,False,10000,L,NC0343045
NC,HARNETT REGIONAL WATER,HARNETT REGIONAL WATER,27332,27332|27501|27505|27506|27521|27526|27540|27543|27546|27552|28323|28326|28334|28335|28339|28356|28368|28390,PFHxS,3.1,10.0,False,10000,L,NC0343045
NC,HARNETT REGIONAL WATER,HARNETT REGIONAL WATER,27332,27332|27501|27505|27506|27521|27526|27540|27543|27546|27552|28323|28326|28334|28335|28339|28356|28368|28390,PFOA,7.7,4.0,True,10000,L,NC0343045
NC,HARNETT REGIONAL WATER,HARNETT REGIONAL WATER,27332,27332|27501|27505|27506|27521|27526|27540|27543|27546|27552|28323|28326|28334|28335|28339|28356|28368|28390,PFOS,12.3,4.0,True,10000,L,NC0343045
NC,"HARRISBURG, TOWN OF","HARRISBURG, TOWN OF",28075,28075|28215,PFBS,4.2,2000.0,False,10000,L,NC0113025
NC,"HARRISBURG, TOWN OF","HARRISBURG, TOWN OF",28075,28075|28215,PFHxS,4.9,10.0,False,10000,L,NC0113025
NC,"HARRISBURG, TOWN OF","HARRISBURG, TOWN OF",28075,28075|28215,PFOS,10.3,4.0,True,10000,L,NC0113025
NC,HENDERSON-KERR LAKE REG WTR,HENDERSON-KERR LAKE REG WTR,27536,27536,PFOS,4.8,4.0,True,10000,L,NC0291010
NC,"HIGH POINT, CITY OF","HIGH POINT, CITY OF",27235,27235|27260|27261|27262|27263|27265|27282|27284|27360|27370|27407|27409|27410,PFBS,3.1,2000.0,False,10000,L,NC0241020
NC,"HIGH POINT, CITY OF","HIGH POINT, CITY OF",27235,27235|27260|27261|27262|27263|27265|27282|27284|27360|27370|27407|27409|27410,PFHxS,6.2,10.0,False,10000,L,NC0241020
NC,"HIGH POINT, CITY OF","HIGH POINT, CITY OF",27235,27235|27260|27261|27262|27263|27265|27282|27284|27360|27370|27407|27409|27410,PFOA,4.2,4.0,True,10000,L,NC0241020
NC,"HIGH POINT, CITY OF","HIGH POINT, CITY OF",27235,27235|27260|27261|27262|27263|27265|27282|27284|27360|27370|27407|27409|27410,PFOS,11.0,4.0,True,10000,L,NC0241020
NC,HOKE CO REGIONAL WATER SYSTEM,HOKE CO REGIONAL WATER SYSTEM,28376,28376,PFBS,4.5,2000.0,False,10000,L,NC0347025
NC,HOKE CO REGIONAL WATER SYSTEM,HOKE CO REGIONAL WATER SYSTEM,28376,28376,PFHxS,3.2,10.0,False,10000,L,NC0347025
NC,HOKE CO REGIONAL WATER SYSTEM,HOKE CO REGIONAL WATER SYSTEM,28376,28376,PFOS,4.8,4.0,True,10000,L,NC0347025
NC,HOKE CO REGIONAL--ROCKFISH,HOKE CO REGIONAL--ROCKFISH,28376,28376,PFBS,6.1,2000.0,False,3300,S,NC0347030
NC,HOKE CO REGIONAL--ROCKFISH,HOKE CO REGIONAL--ROCKFISH,28376,28376,PFHxS,4.7,10.0,False,3300,S,NC0347030
NC,HOKE CO REGIONAL--ROCKFISH,HOKE CO REGIONAL--ROCKFISH,28376,28376,PFOA,8.2,4.0,True,3300,S,NC0347030
NC,HOKE CO REGIONAL--ROCKFISH,HOKE CO REGIONAL--ROCKFISH,28376,28376,PFOS,15.0,4.0,True,3300,S,NC0347030
NC,"HOLDEN BEACH, TOWN OF","HOLDEN BEACH, TOWN OF",28462,28462,HFPO-DA (GenX),6.3,10.0,False,3300,S,NC0410060
NC,"HOLDEN BEACH, TOWN OF","HOLDEN BEACH, TOWN OF",28462,28462,PFBS,4.0,2000.0,False,3300,S,NC0410060
NC,"HOLDEN BEACH, TOWN OF","HOLDEN BEACH, TOWN OF",28462,28462,PFHxS,5.3,10.0,False,3300,S,NC0410060
NC,"HOLDEN BEACH, TOWN OF","HOLDEN BEACH, TOWN OF",28462,28462,PFOA,5.6,4.0,True,3300,S,NC0410060
NC,"HOLDEN BEACH, TOWN OF","HOLDEN BEACH, TOWN OF",28462,28462,PFOS,10.9,4.0,True,3300,S,NC0410060
NC,"HOLLY SPRINGS, TOWN OF","HOLLY SPRINGS, TOWN OF",27502,27502|27539|27540,PFBS,4.5,2000.0,False,10000,L,NC0392050
NC,"HOLLY SPRINGS, TOWN OF","HOLLY SPRINGS, TOWN OF",27502,27502|27539|27540,PFHxS,3.2,10.0,False,10000,L,NC0392050
NC,"HOLLY SPRINGS, TOWN OF","HOLLY SPRINGS, TOWN OF",27502,27502|27539|27540,PFOA,5.9,4.0,True,10000,L,NC0392050
NC,"HOLLY SPRINGS, TOWN OF","HOLLY SPRINGS, TOWN OF",27502,27502|27539|27540,PFOS,12.0,4.0,True,10000,L,NC0392050
NC,IREDELL WATER CORPORATION,IREDELL WATER CORPORATION,27013,27013|27020|28115|28166|28625|28634|28660|28677|28687|28689,PFBS,6.2,2000.0,False,10000,L,NC0149025
NC,IREDELL WATER CORPORATION,IREDELL WATER CORPORATION,27013,27013|27020|28115|28166|28625|28634|28660|28677|28687|28689,PFHxS,3.6,10.0,False,10000,L,NC0149025
NC,IREDELL WATER CORPORATION,IREDELL WATER CORPORATION,27013,27013|27020|28115|28166|28625|28634|28660|28677|28687|28689,PFOA,18.8,4.0,True,10000,L,NC0149025
NC,IREDELL WATER CORPORATION,IREDELL WATER CORPORATION,27013,27013|27020|28115|28166|28625|28634|28660|28677|28687|28689,PFOS,4.9,4.0,True,10000,L,NC0149025
NC,"JAMESTOWN, TOWN OF","JAMESTOWN, TOWN OF",27260,27260|27282|27407,PFBS,7.6,2000.0,False,3300,S,NC0241030
NC,"JAMESTOWN, TOWN OF","JAMESTOWN, TOWN OF",27260,27260|27282|27407,PFHxS,6.3,10.0,False,3300,S,NC0241030
NC,"JAMESTOWN, TOWN OF","JAMESTOWN, TOWN OF",27260,27260|27282|27407,PFOA,5.9,4.0,True,3300,S,NC0241030
NC,"JAMESTOWN, TOWN OF","JAMESTOWN, TOWN OF",27260,27260|27282|27407,PFOS,10.4,4.0,True,3300,S,NC0241030
NC,JOHNSTON CO-EAST,JOHNSTON CO-EAST,27504,27504|27524|27527|27542|27557|27569|27576|27577|27591|27597|28334|28366,PFBS,5.5,2000.0,False,10000,L,NC4051018
NC,JOHNSTON CO-EAST,JOHNSTON CO-EAST,27504,27504|27524|27527|27542|27557|27569|27576|27577|27591|27597|28334|28366,PFHxS,3.8,10.0,False,10000,L,NC4051018
NC,JOHNSTON CO-EAST,JOHNSTON CO-EAST,27504,27504|27524|27527|27542|27557|27569|27576|27577|27591|27597|28334|28366,PFOA,7.7,4.0,True,10000,L,NC4051018
NC,JOHNSTON CO-EAST,JOHNSTON CO-EAST,27504,27504|27524|27527|27542|27557|27569|27576|27577|27591|27597|28334|28366,PFOS,9.7,4.0,True,10000,L,NC4051018
NC,JOHNSTON CO-WEST,JOHNSTON CO-WEST,27501,27501|27504|27520|27524|27527|27529|27576|27577|27592|27603,PFBS,4.5,2000.0,False,10000,L,NC0351070
NC,JOHNSTON CO-WEST,JOHNSTON CO-WEST,27501,27501|27504|27520|27524|27527|27529|27576|27577|27592|27603,PFHxS,5.3,10.0,False,10000,L,NC0351070
NC,JOHNSTON CO-WEST,JOHNSTON CO-WEST,27501,27501|27504|27520|27524|27527|27529|27576|27577|27592|27603,PFOA,7.6,4.0,True,10000,L,NC0351070
NC,JOHNSTON CO-WEST,JOHNSTON CO-WEST,27501,27501|27504|27520|27524|27527|27529|27576|27577|27592|27603,PFOS,14.1,4.0,True,10000,L,NC0351070
NC,"KANNAPOLIS, CITY OF","KANNAPOLIS, CITY OF",28027,28027|28081|28082|28083,PFOS,5.4,4.0,True,10000,L,NC0180065
NC,"KINSTON, CITY OF","KINSTON, CITY OF",28501,28501|28502|28504,PFBS,3.8,2000.0,False,10000,L,NC0454010
NC,"KINSTON, CITY OF","KINSTON, CITY OF",28501,28501|28502|28504,PFHxS,3.4,10.0,False,10000,L,NC0454010
NC,"KINSTON, CITY OF","KINSTON, CITY OF",28501,28501|28502|28504,PFOA,4.8,4.0,True,10000,L,NC0454010
NC,"KINSTON, CITY OF","KINSTON, CITY OF",28501,28501|28502|28504,PFOS,8.5,4.0,True,10000,L,NC0454010
NC,LAKE ROYALE S/D,LAKE ROYALE S/D,27549,27549,PFOS,4.8,4.0,True,3300,S,NC0235108
NC,LAMPLIGHTER SOUTH-DANBY,LAMPLIGHTER SOUTH-DANBY,28134,28134|28277|29707,PFBS,8.9,2000.0,False,3300,S,NC0160156
NC,LAMPLIGHTER SOUTH-DANBY,LAMPLIGHTER SOUTH-DANBY,28134,28134|28277|29707,PFHxS,4.5,10.0,False,3300,S,NC0160156
NC,LAMPLIGHTER SOUTH-DANBY,LAMPLIGHTER SOUTH-DANBY,28134,28134|28277|29707,PFOS,5.4,4.0,True,3300,S,NC0160156
NC,LILLINGTON WATER SYSTEM,LILLINGTON WATER SYSTEM,27546,27546,PFBS,5.8,2000.0,False,3300,S,NC0343025
NC,LILLINGTON WATER SYSTEM,LILLINGTON WATER SYSTEM,27546,27546,PFHxS,3.8,10.0,False,3300,S,NC0343025
NC,LILLINGTON WATER SYSTEM,LILLINGTON WATER SYSTEM,27546,27546,PFOA,7.9,4.0,True,3300,S,NC0343025
NC,LILLINGTON WATER SYSTEM,LILLINGTON WATER SYSTEM,27546,27546,PFOS,11.4,4.0,True,3300,S,NC0343025
NC,LINCOLN COUNTY WTP,LINCOLN COUNTY WTP,28037,28037|28092|28168,PFOA,5.7,4.0,True,10000,L,NC0155035
NC,"LINCOLNTON, CITY OF","LINCOLNTON, CITY OF",28092,28092,PFBS,3.0,2000.0,False,10000,L,NC0155010
NC,"LINCOLNTON, CITY OF","LINCOLNTON, CITY OF",28092,28092,PFOA,6.1,4.0,True,10000,L,NC0155010
NC,"LITTLETON, TOWN OF","LITTLETON, TOWN OF",27850,27850,PFOA,4.0,4.0,False,3300,S,NC0442028
NC,"LITTLETON, TOWN OF","LITTLETON, TOWN OF",27850,27850,PFOS,6.9,4.0,True,3300,S,NC0442028
NC,"LUMBERTON, CITY OF","LUMBERTON, CITY OF",28358,28358,PFOA,5.7,4.0,True,10000,L,NC0378010
NC,"LUMBERTON, CITY OF","LUMBERTON, CITY OF",28358,28358,PFOS,7.9,4.0,True,10000,L,NC0378010
NC,"MAIDEN, TOWN OF","MAIDEN, TOWN OF",28650,28650|28658,PFOA,11.9,4.0,True,3300,S,NC0118030
NC,MEADOW LAKE S/D,MEADOW LAKE S/D,27539,27539,PFHxS,3.5,10.0,False,3300,S,NC0392159
NC,"MEBANE, CITY OF","MEBANE, CITY OF",27302,27302,PFBS,10.8,2000.0,False,10000,L,NC0201018
NC,"MEBANE, CITY OF","MEBANE, CITY OF",27302,27302,PFOA,7.8,4.0,True,10000,L,NC0201018
NC,"MEBANE, CITY OF","MEBANE, CITY OF",27302,27302,PFOS,7.4,4.0,True,10000,L,NC0201018
NC,"MONROE, CITY OF","MONROE, CITY OF",28110,28110|28111|28112,PFBS,5.6,2000.0,False,10000,L,NC0190010
NC,MONTGOMERY COUNTY WATER SYSTEM,MONTGOMERY COUNTY WATER SYSTEM,27209,27209|27229|27247|27281|27306|27356|27371|28127,PFOS,4.4,4.0,True,10000,L,NC0362010
NC,MOORE CO PUBLIC UTIL-PINEHURST,MOORE CO PUBLIC UTIL-PINEHURST,27376,27376|28326|28327|28374|28387|28394,PFBS,13.6,2000.0,False,10000,L,NC0363108
NC,MOORE CO PUBLIC UTIL-PINEHURST,MOORE CO PUBLIC UTIL-PINEHURST,27376,27376|28326|28327|28374|28387|28394,PFHxS,4.5,10.0,False,10000,L,NC0363108
NC,MOORE CO PUBLIC UTIL-PINEHURST,MOORE CO PUBLIC UTIL-PINEHURST,27376,27376|28326|28327|28374|28387|28394,PFOA,8.5,4.0,True,10000,L,NC0363108
NC,MOORE CO PUBLIC UTIL-PINEHURST,MOORE CO PUBLIC UTIL-PINEHURST,27376,27376|28326|28327|28374|28387|28394,PFOS,9.6,4.0,True,10000,L,NC0363108
NC,"NASHVILLE, TOWN OF","NASHVILLE, TOWN OF",27816,27816|27856,PFBS,3.6,2000.0,False,3300,S,NC0464020
NC,"NASHVILLE, TOWN OF","NASHVILLE, TOWN OF",27816,27816|27856,PFHxS,35.0,10.0,True,3300,S,NC0464020
NC,"NASHVILLE, TOWN OF","NASHVILLE, TOWN OF",27816,27816|27856,PFOA,6.6,4.0,True,3300,S,NC0464020
NC,"NASHVILLE, TOWN OF","NASHVILLE, TOWN OF",27816,27816|27856,PFOS,490.0,4.0,True,3300,S,NC0464020
NC,NEWPORT WATER SYSTEM,NEWPORT WATER SYSTEM,28570,28570,PFOS,8.1,4.0,True,3300,S,NC0416020
NC,NORTH LENOIR WATER CORP,NORTH LENOIR WATER CORP,28501,28501|28502|28503|28504|28530|28538|28551|28580,PFBS,4.8,2000.0,False,10000,L,NC0454025
NC,NORTH LENOIR WATER CORP,NORTH LENOIR WATER CORP,28501,28501|28502|28503|28504|28530|28538|28551|28580,PFHxS,6.8,10.0,False,10000,L,NC0454025
NC,NORTH LENOIR WATER CORP,NORTH LENOIR WATER CORP,28501,28501|28502|28503|28504|28530|28538|28551|28580,PFOA,6.0,4.0,True,10000,L,NC0454025
NC,NORTH LENOIR WATER CORP,NORTH LENOIR WATER CORP,28501,28501|28502|28503|28504|28530|28538|28551|28580,PFOS,10.1,4.0,True,10000,L,NC0454025
NC,NORTHAMPTON--LAKE GASTON,NORTHAMPTON--LAKE GASTON,27842,27842,PFOS,6.2,4.0,True,3300,S,NC0466110
NC,"NORWOOD, TOWN OF","NORWOOD, TOWN OF",28128,28128,PFOS,5.1,4.0,True,3300,S,NC0184015
NC,"OAK ISLAND, TOWN OF","OAK ISLAND, TOWN OF",28465,28465,HFPO-DA (GenX),5.2,10.0,False,10000,L,NC0410020
NC,"OAK ISLAND, TOWN OF","OAK ISLAND, TOWN OF",28465,28465,PFBS,6.0,2000.0,False,10000,L,NC0410020
NC,"OAK ISLAND, TOWN OF","OAK ISLAND, TOWN OF",28465,28465,PFHxS,5.1,10.0,False,10000,L,NC0410020
NC,"OAK ISLAND, TOWN OF","OAK ISLAND, TOWN OF",28465,28465,PFOA,7.0,4.0,True,10000,L,NC0410020
NC,"OAK ISLAND, TOWN OF","OAK ISLAND, TOWN OF",28465,28465,PFOS,12.0,4.0,True,10000,L,NC0410020
NC,"OCEAN ISLE BEACH, TOWN OF","OCEAN ISLE BEACH, TOWN OF",28469,28469,HFPO-DA (GenX),5.9,10.0,False,3300,S,NC0410035
NC,"OCEAN ISLE BEACH, TOWN OF","OCEAN ISLE BEACH, TOWN OF",28469,28469,PFBS,5.3,2000.0,False,3300,S,NC0410035
NC,"OCEAN ISLE BEACH, TOWN OF","OCEAN ISLE BEACH, TOWN OF",28469,28469,PFHxS,5.5,10.0,False,3300,S,NC0410035
NC,"OCEAN ISLE BEACH, TOWN OF","OCEAN ISLE BEACH, TOWN OF",28469,28469,PFOA,7.4,4.0,True,3300,S,NC0410035
NC,"OCEAN ISLE BEACH, TOWN OF","OCEAN ISLE BEACH, TOWN OF",28469,28469,PFOS,15.0,4.0,True,3300,S,NC0410035
NC,"OLD FORT, TOWN OF","OLD FORT, TOWN OF",28762,28762,PFBS,5.1,2000.0,False,3300,S,NC0156025
NC,OLD NORTH UTILITIES SERVICES/FT BRAGG,OLD NORTH UTILITIES SERVICES/FT BRAGG,28307,28307|28308|28310,PFBS,5.7,2000.0,False,10000,L,NC5026019
NC,OLD NORTH UTILITIES SERVICES/FT BRAGG,OLD NORTH UTILITIES SERVICES/FT BRAGG,28307,28307|28308|28310,PFHxS,5.1,10.0,False,10000,L,NC5026019
NC,OLD NORTH UTILITIES SERVICES/FT BRAGG,OLD NORTH UTILITIES SERVICES/FT BRAGG,28307,28307|28308|28310,PFOA,8.7,4.0,True,10000,L,NC5026019
NC,OLD NORTH UTILITIES SERVICES/FT BRAGG,OLD NORTH UTILITIES SERVICES/FT BRAGG,28307,28307|28308|28310,PFOS,14.3,4.0,True,10000,L,NC5026019
NC,ORANGE WATER & SEWER AUTHORITY,ORANGE WATER & SEWER AUTHORITY,27510,27510|27514|27516|27517|27599|27707,PFOA,4.6,4.0,True,10000,L,NC0368010
NC,ORANGE WATER & SEWER AUTHORITY,ORANGE WATER & SEWER AUTHORITY,27510,27510|27514|27516|27517|27599|27707,PFOS,4.8,4.0,True,10000,L,NC0368010
NC,ORANGE-ALAMANCE WATER SYSTEM,ORANGE-ALAMANCE WATER SYSTEM,27243,27243|27253|27258|27302,PFOA,9.4,4.0,True,3300,S,NC0368020
NC,ORANGE-ALAMANCE WATER SYSTEM,ORANGE-ALAMANCE WATER SYSTEM,27243,27243|27253|27258|27302,PFOS,11.8,4.0,True,3300,S,NC0368020
NC,"OXFORD, CITY OF","OXFORD, CITY OF",27537,27537|27565,PFOS,5.3,4.0,True,3300,S,NC0239010
NC,PENDER COUNTY UTILITIES,PENDER COUNTY UTILITIES,28401,28401|28411|28425|28435|28443|28445|28454|28457|28478,PFBS,5.3,2000.0,False,10000,L,NC7071011
NC,PFEIFFER-N STANLY WATER ASSOC,PFEIFFER-N STANLY WATER ASSOC,28071,28071|28109|28127|28137,PFOS,5.5,4.0,True,3300,S,NC0184025
NC,"RALEIGH, CITY OF","RALEIGH, CITY OF",27520,27520|27529|27545|27571|27587|27591|27597|27603|27604|27606|27607|27608|27609|27610|27612|27613|27614|27615|27616|27617,PFBS,3.3,2000.0,False,10000,L,NC0392010
NC,"RALEIGH, CITY OF","RALEIGH, CITY OF",27520,27520|27529|27545|27571|27587|27591|27597|27603|27604|27606|27607|27608|27609|27610|27612|27613|27614|27615|27616|27617,PFOS,5.6,4.0,True,10000,L,NC0392010
NC,"RANDLEMAN, CITY OF","RANDLEMAN, CITY OF",27317,27317|27350,PFBS,9.5,2000.0,False,3300,S,NC0276015
NC,"RANDLEMAN, CITY OF","RANDLEMAN, CITY OF",27317,27317|27350,PFHxS,4.2,10.0,False,3300,S,NC0276015
NC,"RANDLEMAN, CITY OF","RANDLEMAN, CITY OF",27317,27317|27350,PFOA,11.4,4.0,True,3300,S,NC0276015
NC,"RANDLEMAN, CITY OF","RANDLEMAN, CITY OF",27317,27317|27350,PFOS,14.1,4.0,True,3300,S,NC0276015
NC,"REIDSVILLE, CITY OF","REIDSVILLE, CITY OF",27320,27320,PFOS,4.0,4.0,False,10000,L,NC0279020
NC,RICHMOND COUNTY WATER SYSTEM,RICHMOND COUNTY WATER SYSTEM,28338,28338|28345|28347|28379,PFBS,3.1,2000.0,False,10000,L,NC0377109
NC,RICHMOND COUNTY WATER SYSTEM,RICHMOND COUNTY WATER SYSTEM,28338,28338|28345|28347|28379,PFOS,4.7,4.0,True,10000,L,NC0377109
NC,ROANOKE RAPIDS SANITARY DIST,ROANOKE RAPIDS SANITARY DIST,27832,27832|27870,PFOS,5.4,4.0,True,10000,L,NC0442010
NC,ROBESON COUNTY WATER SYSTEM,ROBESON COUNTY WATER SYSTEM,28301,28301|28319|28340|28357|28358|28359|28360|28364|28369|28371|28372|28375|28377|28378|28383|28384|28386,HFPO-DA (GenX),34.0,10.0,True,10000,L,NC0378055
NC,ROBESON COUNTY WATER SYSTEM,ROBESON COUNTY WATER SYSTEM,28301,28301|28319|28340|28357|28358|28359|28360|28364|28369|28371|28372|28375|28377|28378|28383|28384|28386,PFBS,8.5,2000.0,False,10000,L,NC0378055
NC,ROBESON COUNTY WATER SYSTEM,ROBESON COUNTY WATER SYSTEM,28301,28301|28319|28340|28357|28358|28359|28360|28364|28369|28371|28372|28375|28377|28378|28383|28384|28386,PFHxS,8.4,10.0,False,10000,L,NC0378055
NC,ROBESON COUNTY WATER SYSTEM,ROBESON COUNTY WATER SYSTEM,28301,28301|28319|28340|28357|28358|28359|28360|28364|28369|28371|28372|28375|28377|28378|28383|28384|28386,PFOA,30.0,4.0,True,10000,L,NC0378055
NC,ROBESON COUNTY WATER SYSTEM,ROBESON COUNTY WATER SYSTEM,28301,28301|28319|28340|28357|28358|28359|28360|28364|28369|28371|28372|28375|28377|28378|28383|28384|28386,PFOS,6.1,4.0,True,10000,L,NC0378055
NC,"ROCKINGHAM, CITY OF","ROCKINGHAM, CITY OF",28379,28379,PFHxS,3.2,10.0,False,10000,L,NC0377015
NC,"ROCKINGHAM, CITY OF","ROCKINGHAM, CITY OF",28379,28379,PFOA,4.4,4.0,True,10000,L,NC0377015
NC,"ROCKINGHAM, CITY OF","ROCKINGHAM, CITY OF",28379,28379,PFOS,4.9,4.0,True,10000,L,NC0377015
NC,"ROCKY MOUNT, CITY OF","ROCKY MOUNT, CITY OF",27801,27801|27802|27803|27804|27809|27891,PFOA,8.6,4.0,True,10000,L,NC0464010
NC,"ROCKY MOUNT, CITY OF","ROCKY MOUNT, CITY OF",27801,27801|27802|27803|27804|27809|27891,PFOS,9.4,4.0,True,10000,L,NC0464010
NC,"ROXBORO, CITY OF","ROXBORO, CITY OF",27573,27573|27574|27583,PFOS,4.6,4.0,True,10000,L,NC0273010
NC,"SANFORD, CITY OF","SANFORD, CITY OF",27330,27330,PFBS,15.0,2000.0,False,10000,L,NC0353010
NC,"SANFORD, CITY OF","SANFORD, CITY OF",27330,27330,PFHxS,5.3,10.0,False,10000,L,NC0353010
NC,"SANFORD, CITY OF","SANFORD, CITY OF",27330,27330,PFOA,9.4,4.0,True,10000,L,NC0353010
NC,"SANFORD, CITY OF","SANFORD, CITY OF",27330,27330,PFOS,16.0,4.0,True,10000,L,NC0353010
NC,"SELMA, TOWN OF","SELMA, TOWN OF",27576,27576,PFBS,5.8,2000.0,False,3300,S,NC0351015
NC,"SELMA, TOWN OF","SELMA, TOWN OF",27576,27576,PFHxS,18.0,10.0,True,3300,S,NC0351015
NC,"SELMA, TOWN OF","SELMA, TOWN OF",27576,27576,PFOS,11.0,4.0,True,3300,S,NC0351015
NC,"SELMA, TOWN OF (COUNTY LINE)","SELMA, TOWN OF (COUNTY LINE)",27576,27576,PFBS,4.6,2000.0,False,3300,S,NC4051009
NC,"SELMA, TOWN OF (COUNTY LINE)","SELMA, TOWN OF (COUNTY LINE)",27576,27576,PFOA,5.7,4.0,True,3300,S,NC4051009
NC,"SELMA, TOWN OF (COUNTY LINE)","SELMA, TOWN OF (COUNTY LINE)",27576,27576,PFOS,6.6,4.0,True,3300,S,NC4051009
NC,SEYMOUR JOHNSON AFB,SEYMOUR JOHNSON AFB,27531,27531|27534,PFBS,4.4,2000.0,False,3300,S,NC0496055
NC,SEYMOUR JOHNSON AFB,SEYMOUR JOHNSON AFB,27531,27531|27534,PFOA,6.8,4.0,True,3300,S,NC0496055
NC,SEYMOUR JOHNSON AFB,SEYMOUR JOHNSON AFB,27531,27531|27534,PFOS,7.3,4.0,True,3300,S,NC0496055
NC,"SILER CITY, TOWN OF","SILER CITY, TOWN OF",27344,27344,PFOA,4.7,4.0,True,3300,S,NC0319010
NC,"SILER CITY, TOWN OF","SILER CITY, TOWN OF",27344,27344,PFOS,12.1,4.0,True,3300,S,NC0319010
NC,SMITHFIELD FRESH MEATS CORP - TAR HEEL,SMITHFIELD FRESH MEATS CORP - TAR HEEL,28392,28392,PFBS,3.7,2000.0,False,3300,S,NC0309527
NC,SMITHFIELD FRESH MEATS CORP - TAR HEEL,SMITHFIELD FRESH MEATS CORP - TAR HEEL,28392,28392,PFHxS,3.5,10.0,False,3300,S,NC0309527
NC,SMITHFIELD FRESH MEATS CORP - TAR HEEL,SMITHFIELD FRESH MEATS CORP - TAR HEEL,28392,28392,PFOA,4.9,4.0,True,3300,S,NC0309527
NC,SMITHFIELD FRESH MEATS CORP - TAR HEEL,SMITHFIELD FRESH MEATS CORP - TAR HEEL,28392,28392,PFOS,6.1,4.0,True,3300,S,NC0309527
NC,"SMITHFIELD NC, TOWN OF","SMITHFIELD NC, TOWN OF",27577,27577,PFBS,3.0,2000.0,False,10000,L,NC0351010
NC,"SMITHFIELD NC, TOWN OF","SMITHFIELD NC, TOWN OF",27577,27577,PFOA,4.7,4.0,True,10000,L,NC0351010
NC,"SMITHFIELD NC, TOWN OF","SMITHFIELD NC, TOWN OF",27577,27577,PFOS,7.7,4.0,True,10000,L,NC0351010
NC,SOUTH GRANVILLE WTR&SEWER AUTHORITY,SOUTH GRANVILLE WTR&SEWER AUTHORITY,27509,27509|27522|27525|27581,PFOA,11.0,4.0,True,10000,L,NC0239107
NC,SOUTH GRANVILLE WTR&SEWER AUTHORITY,SOUTH GRANVILLE WTR&SEWER AUTHORITY,27509,27509|27522|27525|27581,PFOS,19.0,4.0,True,10000,L,NC0239107
NC,SOUTHERN MIDDLE SCHOOL,SOUTHERN MIDDLE SCHOOL,27401,27401|27406,PFOA,5.3,4.0,True,3300,S,NC3041076
NC,SOUTHERN OUTER BANKS WTR SYST,SOUTHERN OUTER BANKS WTR SYST,27927,27927,PFBS,3.7,2000.0,False,3300,S,NC6027001
NC,SOUTHERN WAYNE SANITARY DIST,SOUTHERN WAYNE SANITARY DIST,27530,27530,PFBS,5.5,2000.0,False,3300,S,NC0496045
NC,SOUTHERN WAYNE SANITARY DIST,SOUTHERN WAYNE SANITARY DIST,27530,27530,PFHxS,3.2,10.0,False,3300,S,NC0496045
NC,SOUTHGATE S/D,SOUTHGATE S/D,27529,27529,PFBS,4.7,2000.0,False,3300,S,NC0351185
NC,SOUTHGATE S/D,SOUTHGATE S/D,27529,27529,PFOA,7.6,4.0,True,3300,S,NC0351185
NC,SOUTHGATE S/D,SOUTHGATE S/D,27529,27529,PFOS,7.7,4.0,True,3300,S,NC0351185
NC,"SPRING LAKE, TOWN OF","SPRING LAKE, TOWN OF",28390,28390,PFBS,6.4,2000.0,False,10000,L,NC0326020
NC,"SPRING LAKE, TOWN OF","SPRING LAKE, TOWN OF",28390,28390,PFHxS,8.3,10.0,False,10000,L,NC0326020
NC,"SPRING LAKE, TOWN OF","SPRING LAKE, TOWN OF",28390,28390,PFOA,9.4,4.0,True,10000,L,NC0326020
NC,"SPRING LAKE, TOWN OF","SPRING LAKE, TOWN OF",28390,28390,PFOS,15.6,4.0,True,10000,L,NC0326020
NC,STANLY CO-WEST STANLY DIST,STANLY CO-WEST STANLY DIST,28001,28001|28097|28107|28124|28129|28163,PFOS,5.7,4.0,True,3300,S,NC0184035
NC,STOKES REGIONAL WATER CORP,STOKES REGIONAL WATER CORP,,,PFBS,4.6,2000.0,False,3300,S,NC0474060
NC,STOKES REGIONAL WATER CORP,STOKES REGIONAL WATER CORP,,,PFOA,5.8,4.0,True,3300,S,NC0474060
NC,STOKES REGIONAL WATER CORP,STOKES REGIONAL WATER CORP,,,PFOS,6.0,4.0,True,3300,S,NC0474060
NC,"TARBORO, TOWN OF","TARBORO, TOWN OF",27886,27886,PFOA,4.1,4.0,True,10000,L,NC0433010
NC,"TARBORO, TOWN OF","TARBORO, TOWN OF",27886,27886,PFOS,5.1,4.0,True,10000,L,NC0433010
NC,THE CAPE MASTER SYSTEM,THE CAPE MASTER SYSTEM,28409,28409|28412,HFPO-DA (GenX),8.4,10.0,False,10000,L,NC0465199
NC,THE CAPE MASTER SYSTEM,THE CAPE MASTER SYSTEM,28409,28409|28412,PFBS,4.6,2000.0,False,10000,L,NC0465199
NC,"THOMASVILLE, CITY OF","THOMASVILLE, CITY OF",27360,27360,PFOS,4.7,4.0,True,10000,L,NC0229020
NC,"TROY, TOWN OF","TROY, TOWN OF",27371,27371,PFOS,5.5,4.0,True,3300,S,NC0362020
NC,UNION COUNTY WATER SYSTEM,UNION COUNTY WATER SYSTEM,28079,28079|28103|28104|28108|28110|28111|28112|28173|28174,PFOA,4.2,4.0,True,10000,L,NC0190413
NC,UNION COUNTY WATER SYSTEM,UNION COUNTY WATER SYSTEM,28079,28079|28103|28104|28108|28110|28111|28112|28173|28174,PFOS,4.9,4.0,True,10000,L,NC0190413
NC,"WADESBORO, TOWN OF","WADESBORO, TOWN OF",28170,28170,PFOS,5.2,4.0,True,3300,S,NC0304020
NC,WARREN COUNTY WATER SYSTEM,WARREN COUNTY WATER SYSTEM,27551,27551|27553|27563|27570|27589|27842|27844,PFOS,5.5,4.0,True,3300,S,NC0293015
NC,WAYNE WATER  DISTRICTS PURCHASE,WAYNE WATER  DISTRICTS PURCHASE,27534,27534,PFOA,5.0,4.0,True,10000,L,NC6096001
NC,WAYNE WATER  DISTRICTS PURCHASE,WAYNE WATER  DISTRICTS PURCHASE,27534,27534,PFOS,5.4,4.0,True,10000,L,NC6096001
NC,"WILLIAMSTON, TOWN OF","WILLIAMSTON, TOWN OF",27892,27892,PFOS,4.8,4.0,True,3300,S,NC0459010
NC,"WINGATE, TOWN OF","WINGATE, TOWN OF",28174,28174,PFOS,4.9,4.0,True,3300,S,NC0190030
NC,"WINTERVILLE, TOWN OF","WINTERVILLE, TOWN OF",28590,28590,PFBS,3.3,2000.0,False,3300,S,NC0474040
NC,"WINTERVILLE, TOWN OF","WINTERVILLE, TOWN OF",28590,28590,PFOA,5.3,4.0,True,3300,S,NC0474040
NC,"WINTERVILLE, TOWN OF","WINTERVILLE, TOWN OF",28590,28590,PFOS,6.6,4.0,True,3300,S,NC0474040
NC,"YADKINVILLE, TOWN OF","YADKINVILLE, TOWN OF",27055,27055,PFBS,3.1,2000.0,False,3300,S,NC0299015
NE,"AUBURN, CITY OF","AUBURN, CITY OF",68305,68305,PFHxS,5.5,10.0,False,3300,S,NE3112703
NE,"FREMONT, CITY OF","FREMONT, CITY OF",68025,68025|68026,PFBS,5.6,2000.0,False,10000,L,NE3105312
NE,"FREMONT, CITY OF","FREMONT, CITY OF",68025,68025|68026,PFHxS,3.3,10.0,False,10000,L,NE3105312
NE,"GRAND ISLAND, CITY OF","GRAND ISLAND, CITY OF",68801,68801|68802|68803|68810,PFBS,4.8,2000.0,False,10000,L,NE3107902
NE,"GRAND ISLAND, CITY OF","GRAND ISLAND, CITY OF",68801,68801|68802|68803|68810,PFHxS,24.6,10.0,True,10000,L,NE3107902
NE,"GRAND ISLAND, CITY OF","GRAND ISLAND, CITY OF",68801,68801|68802|68803|68810,PFOS,7.5,4.0,True,10000,L,NE3107902
NE,"HASTINGS, CITY OF","HASTINGS, CITY OF",68901,68901,PFHxS,6.0,10.0,False,10000,L,NE3100101
NE,"HASTINGS, CITY OF","HASTINGS, CITY OF",68901,68901,PFOS,6.6,4.0,True,10000,L,NE3100101
NE,"NORTH PLATTE, CITY OF","NORTH PLATTE, CITY OF",69101,69101|69103,PFHxS,6.5,10.0,False,10000,L,NE3111106
NE,"NORTH PLATTE, CITY OF","NORTH PLATTE, CITY OF",69101,69101|69103,PFOS,17.0,4.0,True,10000,L,NE3111106
NE,"PLATTSMOUTH, CITY OF","PLATTSMOUTH, CITY OF",68048,68048,PFHxS,7.1,10.0,False,3300,S,NE3102501
NE,"PLATTSMOUTH, CITY OF","PLATTSMOUTH, CITY OF",68048,68048,PFOS,18.5,4.0,True,3300,S,NE3102501
NH,AQUARION WATER/NH,AQUARION WATER/NH,03842,03842|03843|03862|03870|03885,PFOA,4.7,4.0,True,10000,L,NH1051010
NH,AQUARION WATER/NH,AQUARION WATER/NH,03842,03842|03843|03862|03870|03885,PFOS,4.5,4.0,True,10000,L,NH1051010
NH,CENTRAL HOOKSETT WATER PCT,CENTRAL HOOKSETT WATER PCT,03106,03106,PFOA,4.9,4.0,True,3300,S,NH1181010
NH,DERRY WATER DEPT,DERRY WATER DEPT,03038,03038|03053,PFOA,4.6,4.0,True,10000,L,NH0611010
NH,EXETER WATER DEPT,EXETER WATER DEPT,03833,03833,PFBS,3.0,2000.0,False,10000,L,NH0801010
NH,EXETER WATER DEPT,EXETER WATER DEPT,03833,03833,PFOA,6.0,4.0,True,10000,L,NH0801010
NH,EXETER WATER DEPT,EXETER WATER DEPT,03833,03833,PFOS,4.0,4.0,False,10000,L,NH0801010
NH,HAMPSTEAD AREA WATER,HAMPSTEAD AREA WATER,03811,03811|03841|03865,PFBS,7.2,2000.0,False,3300,S,NH1031010
NH,HAMPSTEAD AREA WATER,HAMPSTEAD AREA WATER,03811,03811|03841|03865,PFOA,7.2,4.0,True,3300,S,NH1031010
NH,HAMPSTEAD AREA WATER,HAMPSTEAD AREA WATER,03811,03811|03841|03865,PFOS,7.5,4.0,True,3300,S,NH1031010
NH,HUDSON WATER DEPT,HUDSON WATER DEPT,03051,03051,PFOA,9.0,4.0,True,10000,L,NH1201010
NH,JAFFREY WATER WORKS,JAFFREY WATER WORKS,03452,03452|03461,PFHxS,11.0,10.0,True,3300,S,NH1221010
NH,JAFFREY WATER WORKS,JAFFREY WATER WORKS,03452,03452|03461,PFOA,6.6,4.0,True,3300,S,NH1221010
NH,JAFFREY WATER WORKS,JAFFREY WATER WORKS,03452,03452|03461,PFOS,5.6,4.0,True,3300,S,NH1221010
NH,LITTLE POND ESTATES,LITTLE POND ESTATES,03103,03103|03110,PFOA,5.4,4.0,True,3300,S,NH0192080
NH,"MANCHESTER WATER WORKS, NH","MANCHESTER WATER WORKS, NH",03103,03103|03109,PFOA,5.0,4.0,True,10000,L,NH1471010
NH,PEMBROKE WATER WORKS,PEMBROKE WATER WORKS,03106,03106|03275,PFBS,5.9,2000.0,False,3300,S,NH1861010
NH,PEMBROKE WATER WORKS,PEMBROKE WATER WORKS,03106,03106|03275,PFOS,6.5,4.0,True,3300,S,NH1861010
NH,PEU/LITCHFIELD,PEU/LITCHFIELD,03052,03052,PFOA,8.1,4.0,True,3300,S,NH1371010
NH,PEU/LONDONDERRY,PEU/LONDONDERRY,03032,03032|03053|03103,PFOA,6.4,4.0,True,3300,S,NH1391010
NH,PORTSMOUTH WATER WORKS,PORTSMOUTH WATER WORKS,03801,03801|03823|03840|03854|03870,PFBS,9.0,2000.0,False,10000,L,NH1951010
NH,PORTSMOUTH WATER WORKS,PORTSMOUTH WATER WORKS,03801,03801|03823|03840|03854|03870,PFHxS,5.0,10.0,False,10000,L,NH1951010
NH,PORTSMOUTH WATER WORKS,PORTSMOUTH WATER WORKS,03801,03801|03823|03840|03854|03870,PFOA,7.0,4.0,True,10000,L,NH1951010
NH,PORTSMOUTH WATER WORKS,PORTSMOUTH WATER WORKS,03801,03801|03823|03840|03854|03870,PFOS,5.0,4.0,True,10000,L,NH1951010
NH,RYE WATER DIST,RYE WATER DIST,03870,03870,PFOA,8.3,4.0,True,3300,S,NH2041010
NH,RYE WATER DIST,RYE WATER DIST,03870,03870,PFOS,7.8,4.0,True,3300,S,NH2041010
NH,SALEM WATER DEPT,SALEM WATER DEPT,03079,03079|03087,PFOA,8.5,4.0,True,10000,L,NH2051010
NH,SEABROOK WATER DEPT,SEABROOK WATER DEPT,03874,03874,PFOA,8.0,4.0,True,10000,L,NH2111010
NH,SEABROOK WATER DEPT,SEABROOK WATER DEPT,03874,03874,PFOS,5.3,4.0,True,10000,L,NH2111010
NJ,ALLAMUCHY TWP WATER & SEWER,ALLAMUCHY TWP WATER & SEWER,07820,07820|07838|07840,PFHxS,3.3,10.0,False,3300,S,NJ2101001
NJ,ALLENDALE WATER DEPT,ALLENDALE WATER DEPT,07401,07401,PFBS,3.6,2000.0,False,3300,S,NJ0201001
NJ,ALLENDALE WATER DEPT,ALLENDALE WATER DEPT,07401,07401,PFHxS,5.2,10.0,False,3300,S,NJ0201001
NJ,ALLENDALE WATER DEPT,ALLENDALE WATER DEPT,07401,07401,PFOA,17.8,4.0,True,3300,S,NJ0201001
NJ,ALLENDALE WATER DEPT,ALLENDALE WATER DEPT,07401,07401,PFOS,13.1,4.0,True,3300,S,NJ0201001
NJ,AQUA NJ - BLACKWOOD,AQUA NJ - BLACKWOOD,08012,08012|08021|08032|08081|08403,PFOA,4.8,4.0,True,10000,L,NJ0415002
NJ,AQUA NJ - HAMILTON SQUARE,AQUA NJ - HAMILTON SQUARE,08501,08501|08515|08520|08619|08690|08691,PFHxS,10.4,10.0,True,10000,L,NJ1103001
NJ,AQUA NJ - HAMILTON SQUARE,AQUA NJ - HAMILTON SQUARE,08501,08501|08515|08520|08619|08690|08691,PFOA,11.6,4.0,True,10000,L,NJ1103001
NJ,AQUA NJ - HAMILTON SQUARE,AQUA NJ - HAMILTON SQUARE,08501,08501|08515|08520|08619|08690|08691,PFOS,11.4,4.0,True,10000,L,NJ1103001
NJ,AQUA NJ - LAWRENCE,AQUA NJ - LAWRENCE,08540,08540|08648,PFBS,4.9,2000.0,False,3300,S,NJ1107002
NJ,AQUA NJ - LAWRENCE,AQUA NJ - LAWRENCE,08540,08540|08648,PFOA,8.1,4.0,True,3300,S,NJ1107002
NJ,AQUA NJ - LAWRENCE,AQUA NJ - LAWRENCE,08540,08540|08648,PFOS,4.4,4.0,True,3300,S,NJ1107002
NJ,ATLANTIC CITY MUA,ATLANTIC CITY MUA,08401,08401,PFHxS,7.3,10.0,False,10000,L,NJ0102001
NJ,ATLANTIC CITY MUA,ATLANTIC CITY MUA,08401,08401,PFOA,4.7,4.0,True,10000,L,NJ0102001
NJ,AVON BY THE SEA WATER DE,AVON BY THE SEA WATER DE,07717,07717,PFOA,6.7,4.0,True,3300,S,NJ1305001
NJ,AVON BY THE SEA WATER DE,AVON BY THE SEA WATER DE,07717,07717,PFOS,5.1,4.0,True,3300,S,NJ1305001
NJ,BEAR TAVERN SCHOOL,BEAR TAVERN SCHOOL,08560,08560,PFHxS,3.2,10.0,False,3300,S,NJ1106316
NJ,BEAR TAVERN SCHOOL,BEAR TAVERN SCHOOL,08560,08560,PFNA,6.5,10.0,False,3300,S,NJ1106316
NJ,BEAR TAVERN SCHOOL,BEAR TAVERN SCHOOL,08560,08560,PFOA,14.7,4.0,True,3300,S,NJ1106316
NJ,BEAR TAVERN SCHOOL,BEAR TAVERN SCHOOL,08560,08560,PFOS,38.1,4.0,True,3300,S,NJ1106316
NJ,BELMAR WATER DEPT,BELMAR WATER DEPT,07719,07719,PFOA,4.3,4.0,True,10000,L,NJ1306001
NJ,BERLIN WATER DEPARTMENT,BERLIN WATER DEPARTMENT,08009,08009|08043|08091,PFBS,3.0,2000.0,False,10000,L,NJ0405001
NJ,BERLIN WATER DEPARTMENT,BERLIN WATER DEPARTMENT,08009,08009|08043|08091,PFOA,4.7,4.0,True,10000,L,NJ0405001
NJ,BERLIN WATER DEPARTMENT,BERLIN WATER DEPARTMENT,08009,08009|08043|08091,PFOS,4.0,4.0,False,10000,L,NJ0405001
NJ,BLOOMINGDALE WATER DEPT,BLOOMINGDALE WATER DEPT,07403,07403,PFOA,7.9,4.0,True,3300,S,NJ1601001
NJ,BOONTON WATER DEPT,BOONTON WATER DEPT,07005,07005|07045|07046,PFBS,3.0,2000.0,False,3300,S,NJ1401001
NJ,BOONTON WATER DEPT,BOONTON WATER DEPT,07005,07005|07045|07046,PFOA,11.1,4.0,True,3300,S,NJ1401001
NJ,BOONTON WATER DEPT,BOONTON WATER DEPT,07005,07005|07045|07046,PFOS,5.5,4.0,True,3300,S,NJ1401001
NJ,BOROUGH OF SPRINGLAKE HEIGHTS,BOROUGH OF SPRINGLAKE HEIGHTS,07762,07762,PFHxS,3.0,10.0,False,3300,S,NJ1349001
NJ,BOROUGH OF SPRINGLAKE HEIGHTS,BOROUGH OF SPRINGLAKE HEIGHTS,07762,07762,PFOA,6.8,4.0,True,3300,S,NJ1349001
NJ,BOROUGH OF SPRINGLAKE HEIGHTS,BOROUGH OF SPRINGLAKE HEIGHTS,07762,07762,PFOS,4.8,4.0,True,3300,S,NJ1349001
NJ,BRICK TOWNSHIP MUA,BRICK TOWNSHIP MUA,07731,07731|08723|08724,PFBS,3.2,2000.0,False,10000,L,NJ1506001
NJ,BRICK TOWNSHIP MUA,BRICK TOWNSHIP MUA,07731,07731|08723|08724,PFOA,10.0,4.0,True,10000,L,NJ1506001
NJ,BRIELLE WATER DEPT,BRIELLE WATER DEPT,08730,08730,PFOA,4.5,4.0,True,3300,S,NJ1308001
NJ,BROOKLAWN WATER DEPARTMENT,BROOKLAWN WATER DEPARTMENT,08030,08030,PFNA,15.3,10.0,True,3300,S,NJ0407001
NJ,BROOKLAWN WATER DEPARTMENT,BROOKLAWN WATER DEPARTMENT,08030,08030,PFOA,5.3,4.0,True,3300,S,NJ0407001
NJ,BURLINGTON TWP W DEPT,BURLINGTON TWP W DEPT,08016,08016,PFBS,7.4,2000.0,False,10000,L,NJ0306001
NJ,BURLINGTON TWP W DEPT,BURLINGTON TWP W DEPT,08016,08016,PFHxS,4.0,10.0,False,10000,L,NJ0306001
NJ,BURLINGTON TWP W DEPT,BURLINGTON TWP W DEPT,08016,08016,PFOA,18.5,4.0,True,10000,L,NJ0306001
NJ,BURLINGTON TWP W DEPT,BURLINGTON TWP W DEPT,08016,08016,PFOS,7.2,4.0,True,10000,L,NJ0306001
NJ,BUTLER WATER DEPT,BUTLER WATER DEPT,07405,07405|07480,PFOA,9.0,4.0,True,3300,S,NJ1403001
NJ,CALDWELL WATER DEPT,CALDWELL WATER DEPT,07006,07006,PFBS,3.2,2000.0,False,3300,S,NJ0703001
NJ,CALDWELL WATER DEPT,CALDWELL WATER DEPT,07006,07006,PFHxS,4.8,10.0,False,3300,S,NJ0703001
NJ,CALDWELL WATER DEPT,CALDWELL WATER DEPT,07006,07006,PFOA,15.4,4.0,True,3300,S,NJ0703001
NJ,CEDAR GROVE WATER DEPT,CEDAR GROVE WATER DEPT,07009,07009,PFOA,7.4,4.0,True,10000,L,NJ0704001
NJ,CEDAR GROVE WATER DEPT,CEDAR GROVE WATER DEPT,07009,07009,PFOS,4.0,4.0,False,10000,L,NJ0704001
NJ,CITY OF CAMDEN,CITY OF CAMDEN,08101,08101|08102|08103|08104,PFNA,6.2,10.0,False,10000,L,NJ0408001
NJ,CITY OF CAMDEN,CITY OF CAMDEN,08101,08101|08102|08103|08104,PFOA,10.6,4.0,True,10000,L,NJ0408001
NJ,CITY OF CAMDEN,CITY OF CAMDEN,08101,08101|08102|08103|08104,PFOS,12.9,4.0,True,10000,L,NJ0408001
NJ,CITYOF BAYONNE,CITYOF BAYONNE,07002,07002,PFOA,4.6,4.0,True,10000,L,NJ0901001
NJ,"CLAYTON WATER DEPARTMENT, NJ","CLAYTON WATER DEPARTMENT, NJ",08312,08312,PFOA,7.3,4.0,True,3300,S,NJ0801001
NJ,CLINTON W DEPT,CLINTON W DEPT,08801,08801|08809|08833,PFBS,5.9,2000.0,False,10000,L,NJ1005001
NJ,CLINTON W DEPT,CLINTON W DEPT,08801,08801|08809|08833,PFOA,9.0,4.0,True,10000,L,NJ1005001
NJ,CLINTON W DEPT,CLINTON W DEPT,08801,08801|08809|08833,PFOS,12.2,4.0,True,10000,L,NJ1005001
NJ,DENVILLE TWP WATER DEPT,DENVILLE TWP WATER DEPT,07834,07834,PFBS,5.0,2000.0,False,10000,L,NJ1408001
NJ,DENVILLE TWP WATER DEPT,DENVILLE TWP WATER DEPT,07834,07834,PFHxS,6.5,10.0,False,10000,L,NJ1408001
NJ,DENVILLE TWP WATER DEPT,DENVILLE TWP WATER DEPT,07834,07834,PFOA,12.0,4.0,True,10000,L,NJ1408001
NJ,DENVILLE TWP WATER DEPT,DENVILLE TWP WATER DEPT,07834,07834,PFOS,4.4,4.0,True,10000,L,NJ1408001
NJ,DEPTFORD TWP MUA,DEPTFORD TWP MUA,08096,08096,PFBS,3.2,2000.0,False,10000,L,NJ0802001
NJ,DOVER WATER COMMISSION,DOVER WATER COMMISSION,07801,07801|07866|07869,PFBS,3.6,2000.0,False,10000,L,NJ1409001
NJ,DOVER WATER COMMISSION,DOVER WATER COMMISSION,07801,07801|07866|07869,PFHxS,5.6,10.0,False,10000,L,NJ1409001
NJ,DOVER WATER COMMISSION,DOVER WATER COMMISSION,07801,07801|07866|07869,PFOA,12.0,4.0,True,10000,L,NJ1409001
NJ,DOVER WATER COMMISSION,DOVER WATER COMMISSION,07801,07801|07866|07869,PFOS,8.1,4.0,True,10000,L,NJ1409001
NJ,EAGLE POINT TANK FARM,EAGLE POINT TANK FARM,08093,08093,PFNA,9.0,10.0,False,3300,S,NJ0820301
NJ,EAST BRUNSWICK WATER UTILITY,EAST BRUNSWICK WATER UTILITY,08816,08816,PFOA,6.0,4.0,True,10000,L,NJ1204001
NJ,EAST GREENWICH TWP WATER DEPT,EAST GREENWICH TWP WATER DEPT,08020,08020|08056|08061,PFNA,73.3,10.0,True,3300,S,NJ0803001
NJ,EAST GREENWICH TWP WATER DEPT,EAST GREENWICH TWP WATER DEPT,08020,08020|08056|08061,PFOA,14.4,4.0,True,3300,S,NJ0803001
NJ,EAST GREENWICH TWP WATER DEPT,EAST GREENWICH TWP WATER DEPT,08020,08020|08056|08061,PFOS,8.9,4.0,True,3300,S,NJ0803001
NJ,EAST HANOVER TWP WATER DEPT,EAST HANOVER TWP WATER DEPT,07936,07936,PFBS,3.1,2000.0,False,10000,L,NJ1410001
NJ,EAST HANOVER TWP WATER DEPT,EAST HANOVER TWP WATER DEPT,07936,07936,PFHxS,5.2,10.0,False,10000,L,NJ1410001
NJ,EAST HANOVER TWP WATER DEPT,EAST HANOVER TWP WATER DEPT,07936,07936,PFOA,11.0,4.0,True,10000,L,NJ1410001
NJ,EAST HANOVER TWP WATER DEPT,EAST HANOVER TWP WATER DEPT,07936,07936,PFOS,7.9,4.0,True,10000,L,NJ1410001
NJ,EAST ORANGE WATER COMMISSION,EAST ORANGE WATER COMMISSION,07018,07018|07078,PFHxS,3.2,10.0,False,10000,L,NJ0705001
NJ,EAST ORANGE WATER COMMISSION,EAST ORANGE WATER COMMISSION,07018,07018|07078,PFOA,13.0,4.0,True,10000,L,NJ0705001
NJ,EDISON WATER CO,EDISON WATER CO,08817,08817|08818,PFOA,5.1,4.0,True,10000,L,NJ1205001
NJ,ELMWOOD PARK WATER DEPT,ELMWOOD PARK WATER DEPT,07407,07407,PFOA,7.5,4.0,True,10000,L,NJ0211001
NJ,ELMWOOD PARK WATER DEPT,ELMWOOD PARK WATER DEPT,07407,07407,PFOS,4.2,4.0,True,10000,L,NJ0211001
NJ,ENGLISHTOWN WATER DEPT,ENGLISHTOWN WATER DEPT,07726,07726,PFOA,5.4,4.0,True,3300,S,NJ1312001
NJ,FAIR LAWN WATER DEPT,FAIR LAWN WATER DEPT,07410,07410,PFBS,3.4,2000.0,False,10000,L,NJ0217001
NJ,FAIR LAWN WATER DEPT,FAIR LAWN WATER DEPT,07410,07410,PFOA,13.0,4.0,True,10000,L,NJ0217001
NJ,FAIR LAWN WATER DEPT,FAIR LAWN WATER DEPT,07410,07410,PFOS,5.5,4.0,True,10000,L,NJ0217001
NJ,FAIRFIELD WATER DEPT,FAIRFIELD WATER DEPT,07004,07004|07006,PFBS,3.5,2000.0,False,3300,S,NJ0707001
NJ,FAIRFIELD WATER DEPT,FAIRFIELD WATER DEPT,07004,07004|07006,PFHxS,3.2,10.0,False,3300,S,NJ0707001
NJ,FAIRFIELD WATER DEPT,FAIRFIELD WATER DEPT,07004,07004|07006,PFOA,11.5,4.0,True,3300,S,NJ0707001
NJ,FAIRFIELD WATER DEPT,FAIRFIELD WATER DEPT,07004,07004|07006,PFOS,7.0,4.0,True,3300,S,NJ0707001
NJ,FLEMINGTON WATER DEPARTMENT,FLEMINGTON WATER DEPARTMENT,08822,08822,PFBS,4.5,2000.0,False,3300,S,NJ1009001
NJ,FLEMINGTON WATER DEPARTMENT,FLEMINGTON WATER DEPARTMENT,08822,08822,PFHxS,3.5,10.0,False,3300,S,NJ1009001
NJ,FLEMINGTON WATER DEPARTMENT,FLEMINGTON WATER DEPARTMENT,08822,08822,PFOA,9.5,4.0,True,3300,S,NJ1009001
NJ,FLEMINGTON WATER DEPARTMENT,FLEMINGTON WATER DEPARTMENT,08822,08822,PFOS,7.8,4.0,True,3300,S,NJ1009001
NJ,FLORENCE TWP W DEPT,FLORENCE TWP W DEPT,08518,08518,PFHxS,5.0,10.0,False,10000,L,NJ0315001
NJ,FLORENCE TWP W DEPT,FLORENCE TWP W DEPT,08518,08518,PFNA,7.3,10.0,False,10000,L,NJ0315001
NJ,FLORENCE TWP W DEPT,FLORENCE TWP W DEPT,08518,08518,PFOA,13.2,4.0,True,10000,L,NJ0315001
NJ,FLORENCE TWP W DEPT,FLORENCE TWP W DEPT,08518,08518,PFOS,11.4,4.0,True,10000,L,NJ0315001
NJ,FLORHAM PARK WATER DEPT,FLORHAM PARK WATER DEPT,07932,07932|07936,PFOA,12.5,4.0,True,3300,S,NJ1411001
NJ,FRANKLIN TOWNSHIP DEPT OF PUBLIC WORKS,FRANKLIN TOWNSHIP DEPT OF PUBLIC WORKS,08873,08873,PFOA,9.0,4.0,True,10000,L,NJ1808001
NJ,FREEHOLD TWP WATER DEPT,FREEHOLD TWP WATER DEPT,07728,07728,PFBS,3.7,2000.0,False,10000,L,NJ1316001
NJ,FREEHOLD TWP WATER DEPT,FREEHOLD TWP WATER DEPT,07728,07728,PFOA,7.9,4.0,True,10000,L,NJ1316001
NJ,GARFIELD WATER DEPARTMENT,GARFIELD WATER DEPARTMENT,07026,07026,PFBS,3.0,2000.0,False,10000,L,NJ0221001
NJ,GARFIELD WATER DEPARTMENT,GARFIELD WATER DEPARTMENT,07026,07026,PFOA,8.4,4.0,True,10000,L,NJ0221001
NJ,GARFIELD WATER DEPARTMENT,GARFIELD WATER DEPARTMENT,07026,07026,PFOS,5.8,4.0,True,10000,L,NJ0221001
NJ,GLASSBORO WATER DEPARTMENT,GLASSBORO WATER DEPARTMENT,08028,08028,PFBS,3.3,2000.0,False,10000,L,NJ0806001
NJ,GLASSBORO WATER DEPARTMENT,GLASSBORO WATER DEPARTMENT,08028,08028,PFHxS,3.4,10.0,False,10000,L,NJ0806001
NJ,GLASSBORO WATER DEPARTMENT,GLASSBORO WATER DEPARTMENT,08028,08028,PFOA,9.4,4.0,True,10000,L,NJ0806001
NJ,GLASSBORO WATER DEPARTMENT,GLASSBORO WATER DEPARTMENT,08028,08028,PFOS,6.6,4.0,True,10000,L,NJ0806001
NJ,GLEN RIDGE WATER DEPT,GLEN RIDGE WATER DEPT,07028,07028,PFBS,3.0,2000.0,False,3300,S,NJ0708001
NJ,GLEN RIDGE WATER DEPT,GLEN RIDGE WATER DEPT,07028,07028,PFOA,6.8,4.0,True,3300,S,NJ0708001
NJ,GORDONS CORNER WATER CO,GORDONS CORNER WATER CO,07726,07726|07746,PFOA,8.2,4.0,True,10000,L,NJ1326001
NJ,HAMBURG BOARD OF PUBLIC,HAMBURG BOARD OF PUBLIC,07419,07419,PFBS,7.9,2000.0,False,3300,S,NJ1909001
NJ,HAMILTON TOWNSHIP MUA,HAMILTON TOWNSHIP MUA,08330,08330,PFOA,5.2,4.0,True,10000,L,NJ0112001
NJ,HARRISON W DEPT,HARRISON W DEPT,07029,07029,PFOA,8.8,4.0,True,10000,L,NJ0904001
NJ,HARRISON W DEPT,HARRISON W DEPT,07029,07029,PFOS,6.2,4.0,True,10000,L,NJ0904001
NJ,HIGH BRIDGE W DEPT,HIGH BRIDGE W DEPT,08801,08801|08809|08826|08829,PFBS,3.0,2000.0,False,3300,S,NJ1014001
NJ,HIGH BRIDGE W DEPT,HIGH BRIDGE W DEPT,08801,08801|08809|08826|08829,PFOA,4.9,4.0,True,3300,S,NJ1014001
NJ,HIGH BRIDGE W DEPT,HIGH BRIDGE W DEPT,08801,08801|08809|08826|08829,PFOS,4.8,4.0,True,3300,S,NJ1014001
NJ,HIGHLAND PARK W DEPT,HIGHLAND PARK W DEPT,08904,08904,PFOA,5.4,4.0,True,10000,L,NJ1207001
NJ,HO HO KUS WATER DEPT,HO HO KUS WATER DEPT,07423,07423|07451|07458,PFBS,13.8,2000.0,False,3300,S,NJ0228001
NJ,HO HO KUS WATER DEPT,HO HO KUS WATER DEPT,07423,07423|07451|07458,PFHxS,7.8,10.0,False,3300,S,NJ0228001
NJ,HO HO KUS WATER DEPT,HO HO KUS WATER DEPT,07423,07423|07451|07458,PFNA,16.1,10.0,True,3300,S,NJ0228001
NJ,HO HO KUS WATER DEPT,HO HO KUS WATER DEPT,07423,07423|07451|07458,PFOA,30.4,4.0,True,3300,S,NJ0228001
NJ,HO HO KUS WATER DEPT,HO HO KUS WATER DEPT,07423,07423|07451|07458,PFOS,21.0,4.0,True,3300,S,NJ0228001
NJ,HOBOKEN WATER UTILITY,HOBOKEN WATER UTILITY,07030,07030,PFOA,6.7,4.0,True,10000,L,NJ0905001
NJ,HOBOKEN WATER UTILITY,HOBOKEN WATER UTILITY,07030,07030,PFOS,4.6,4.0,True,10000,L,NJ0905001
NJ,HOPATCONG WATER DEPT,HOPATCONG WATER DEPT,07843,07843,PFBS,7.7,2000.0,False,3300,S,NJ1912001
NJ,HOPATCONG WATER DEPT,HOPATCONG WATER DEPT,07843,07843,PFOA,9.9,4.0,True,3300,S,NJ1912001
NJ,JEFFERSON TWP W U LK HOP,JEFFERSON TWP W U LK HOP,07849,07849|07885,PFBS,7.0,2000.0,False,3300,S,NJ1414011
NJ,JEFFERSON TWP W U LK HOP,JEFFERSON TWP W U LK HOP,07849,07849|07885,PFOA,8.3,4.0,True,3300,S,NJ1414011
NJ,JEFFERSON TWP W U LK HOP,JEFFERSON TWP W U LK HOP,07849,07849|07885,PFOS,9.8,4.0,True,3300,S,NJ1414011
NJ,JEFFERSON TWP W U MILTON SYS,JEFFERSON TWP W U MILTON SYS,07438,07438,PFBS,5.8,2000.0,False,3300,S,NJ1414003
NJ,JEFFERSON TWP W U MILTON SYS,JEFFERSON TWP W U MILTON SYS,07438,07438,PFOA,11.5,4.0,True,3300,S,NJ1414003
NJ,JEFFERSON TWP W U MILTON SYS,JEFFERSON TWP W U MILTON SYS,07438,07438,PFOS,6.8,4.0,True,3300,S,NJ1414003
NJ,JERSEY CITY MUA,JERSEY CITY MUA,07005,07005|07097|07302|07303|07304|07305|07306|07307|07308|07310|07311|07395|07399,PFHxS,5.0,10.0,False,10000,L,NJ0906001
NJ,JERSEY CITY MUA,JERSEY CITY MUA,07005,07005|07097|07302|07303|07304|07305|07306|07307|07308|07310|07311|07395|07399,PFOA,9.2,4.0,True,10000,L,NJ0906001
NJ,JERSEY CITY MUA,JERSEY CITY MUA,07005,07005|07097|07302|07303|07304|07305|07306|07307|07308|07310|07311|07395|07399,PFOS,7.7,4.0,True,10000,L,NJ0906001
NJ,KEANSBURG WATER & SEWER DEPT.,KEANSBURG WATER & SEWER DEPT.,07734,07734,PFOA,8.3,4.0,True,10000,L,NJ1321001
NJ,KEARNY WATER DEPARTMENT,KEARNY WATER DEPARTMENT,07032,07032,PFOA,4.8,4.0,True,10000,L,NJ0907001
NJ,KEYPORT WATER DEPT,KEYPORT WATER DEPT,07735,07735,PFOA,7.3,4.0,True,3300,S,NJ1322001
NJ,LAKEWOOD TWP MUA,LAKEWOOD TWP MUA,08701,08701,PFBS,10.6,2000.0,False,10000,L,NJ1514002
NJ,LAKEWOOD TWP MUA,LAKEWOOD TWP MUA,08701,08701,PFOA,11.5,4.0,True,10000,L,NJ1514002
NJ,LINCOLN PARK WATER DEPT,LINCOLN PARK WATER DEPT,07035,07035,PFOA,5.4,4.0,True,10000,L,NJ1416001
NJ,LINCOLN PARK WATER DEPT,LINCOLN PARK WATER DEPT,07035,07035,PFOS,4.0,4.0,False,10000,L,NJ1416001
NJ,LIVINGSTON TWP DIV OF WATER,LIVINGSTON TWP DIV OF WATER,07039,07039,PFBS,5.8,2000.0,False,10000,L,NJ0710001
NJ,LIVINGSTON TWP DIV OF WATER,LIVINGSTON TWP DIV OF WATER,07039,07039,PFHxS,7.1,10.0,False,10000,L,NJ0710001
NJ,LIVINGSTON TWP DIV OF WATER,LIVINGSTON TWP DIV OF WATER,07039,07039,PFOA,44.0,4.0,True,10000,L,NJ0710001
NJ,LIVINGSTON TWP DIV OF WATER,LIVINGSTON TWP DIV OF WATER,07039,07039,PFOS,5.7,4.0,True,10000,L,NJ0710001
NJ,LYNDHURST WATER DEPARTMENT,LYNDHURST WATER DEPARTMENT,07071,07071,PFOA,8.0,4.0,True,10000,L,NJ0232001
NJ,LYNDHURST WATER DEPARTMENT,LYNDHURST WATER DEPARTMENT,07071,07071,PFOS,5.6,4.0,True,10000,L,NJ0232001
NJ,MADISON WATER DEPT,MADISON WATER DEPT,07940,07940,PFBS,4.9,2000.0,False,10000,L,NJ1417001
NJ,MADISON WATER DEPT,MADISON WATER DEPT,07940,07940,PFOA,9.6,4.0,True,10000,L,NJ1417001
NJ,MAHWAH WATER DEPARTMENT,MAHWAH WATER DEPARTMENT,07430,07430,PFBS,4.1,2000.0,False,10000,L,NJ0233001
NJ,MAHWAH WATER DEPARTMENT,MAHWAH WATER DEPARTMENT,07430,07430,PFOA,12.5,4.0,True,10000,L,NJ0233001
NJ,MAHWAH WATER DEPARTMENT,MAHWAH WATER DEPARTMENT,07430,07430,PFOS,4.5,4.0,True,10000,L,NJ0233001
NJ,MANCHESTER TWP  WATER UTILITY - WESTERN,MANCHESTER TWP  WATER UTILITY - WESTERN,08759,08759,PFBS,4.6,2000.0,False,10000,L,NJ1518004
NJ,MANCHESTER TWP  WATER UTILITY - WESTERN,MANCHESTER TWP  WATER UTILITY - WESTERN,08759,08759,PFHxS,11.3,10.0,True,10000,L,NJ1518004
NJ,MANCHESTER TWP  WATER UTILITY - WESTERN,MANCHESTER TWP  WATER UTILITY - WESTERN,08759,08759,PFOA,5.3,4.0,True,10000,L,NJ1518004
NJ,MANCHESTER TWP  WATER UTILITY - WESTERN,MANCHESTER TWP  WATER UTILITY - WESTERN,08759,08759,PFOS,5.1,4.0,True,10000,L,NJ1518004
NJ,MANCHESTER TWP WATER UTILITY - EASTERN,MANCHESTER TWP WATER UTILITY - EASTERN,08759,08759,PFBS,4.9,2000.0,False,10000,L,NJ1518005
NJ,MANCHESTER UTILITIES AUTHORITY,MANCHESTER UTILITIES AUTHORITY,07508,07508,PFOA,11.0,4.0,True,10000,L,NJ1603001
NJ,MANCHESTER UTILITIES AUTHORITY,MANCHESTER UTILITIES AUTHORITY,07508,07508,PFOS,4.4,4.0,True,10000,L,NJ1603001
NJ,MANTUA TOWNSHIP MUA,MANTUA TOWNSHIP MUA,08020,08020|08051|08071|08080,PFOA,4.8,4.0,True,10000,L,NJ0810004
NJ,MANTUA TOWNSHIP MUA,MANTUA TOWNSHIP MUA,08020,08020|08051|08071|08080,PFOS,4.0,4.0,False,10000,L,NJ0810004
NJ,MAPLE SHADE WATER DEPARTMENT,MAPLE SHADE WATER DEPARTMENT,08052,08052,PFBS,3.5,2000.0,False,10000,L,NJ0319001
NJ,MAPLE SHADE WATER DEPARTMENT,MAPLE SHADE WATER DEPARTMENT,08052,08052,PFOA,5.0,4.0,True,10000,L,NJ0319001
NJ,MAPLE SHADE WATER DEPARTMENT,MAPLE SHADE WATER DEPARTMENT,08052,08052,PFOS,7.0,4.0,True,10000,L,NJ0319001
NJ,MARLBORO TOWNSHIP WATER UTILITY DIVISION,MARLBORO TOWNSHIP WATER UTILITY DIVISION,07726,07726|07746|07751|07765,PFOA,6.5,4.0,True,10000,L,NJ1328002
NJ,MATAWAN BOROUGH WATER DE,MATAWAN BOROUGH WATER DE,07747,07747,PFOA,7.4,4.0,True,3300,S,NJ1329001
NJ,MERCHANTVILLE PENNSAUKEN,MERCHANTVILLE PENNSAUKEN,08002,08002|08108|08109|08110,PFHxS,4.6,10.0,False,10000,L,NJ0424001
NJ,MERCHANTVILLE PENNSAUKEN,MERCHANTVILLE PENNSAUKEN,08002,08002|08108|08109|08110,PFOA,12.0,4.0,True,10000,L,NJ0424001
NJ,MERCHANTVILLE PENNSAUKEN,MERCHANTVILLE PENNSAUKEN,08002,08002|08108|08109|08110,PFOS,8.2,4.0,True,10000,L,NJ0424001
NJ,MIDDLESEX WATER COMPANY,MIDDLESEX WATER COMPANY,07008,07008|07066|07080|07095|08817|08840,PFOA,6.5,4.0,True,10000,L,NJ1225001
NJ,MILLTOWN W DEPT,MILLTOWN W DEPT,08850,08850,HFPO-DA (GenX),12.9,10.0,True,3300,S,NJ1212001
NJ,MILLTOWN W DEPT,MILLTOWN W DEPT,08850,08850,PFOA,11.7,4.0,True,3300,S,NJ1212001
NJ,MILLTOWN W DEPT,MILLTOWN W DEPT,08850,08850,PFOS,5.4,4.0,True,3300,S,NJ1212001
NJ,MILLVILLE WATER DEPARTMENT,MILLVILLE WATER DEPARTMENT,08332,08332,PFOA,4.8,4.0,True,10000,L,NJ0610001
NJ,MILLVILLE WATER DEPARTMENT,MILLVILLE WATER DEPARTMENT,08332,08332,PFOS,4.4,4.0,True,10000,L,NJ0610001
NJ,MONROE TWP MUA,MONROE TWP MUA,08094,08094,PFOA,7.5,4.0,True,10000,L,NJ0811002
NJ,MONROE TWP MUA,MONROE TWP MUA,08094,08094,PFOS,4.2,4.0,True,10000,L,NJ0811002
NJ,MONROE TWP UTILITY DEPARTMENT,MONROE TWP UTILITY DEPARTMENT,08831,08831,PFHxS,13.6,10.0,True,10000,L,NJ1213002
NJ,MONROE TWP UTILITY DEPARTMENT,MONROE TWP UTILITY DEPARTMENT,08831,08831,PFOA,11.2,4.0,True,10000,L,NJ1213002
NJ,MONROE TWP UTILITY DEPARTMENT,MONROE TWP UTILITY DEPARTMENT,08831,08831,PFOS,11.5,4.0,True,10000,L,NJ1213002
NJ,MONTCLAIR WATER BUREAU,MONTCLAIR WATER BUREAU,07042,07042|07043,PFOA,6.8,4.0,True,10000,L,NJ0713001
NJ,MONTCLAIR WATER BUREAU,MONTCLAIR WATER BUREAU,07042,07042|07043,PFOS,4.0,4.0,False,10000,L,NJ0713001
NJ,MONTVILLE TWP MUA,MONTVILLE TWP MUA,07045,07045,PFBS,3.7,2000.0,False,10000,L,NJ1421003
NJ,MONTVILLE TWP MUA,MONTVILLE TWP MUA,07045,07045,PFHxS,5.7,10.0,False,10000,L,NJ1421003
NJ,MONTVILLE TWP MUA,MONTVILLE TWP MUA,07045,07045,PFOA,8.1,4.0,True,10000,L,NJ1421003
NJ,MONTVILLE TWP MUA,MONTVILLE TWP MUA,07045,07045,PFOS,9.3,4.0,True,10000,L,NJ1421003
NJ,MOORESTOWN WATER DEPT,MOORESTOWN WATER DEPT,08057,08057,PFOA,4.3,4.0,True,10000,L,NJ0322001
NJ,MOUNT OLIVE TWP W D MAIN,MOUNT OLIVE TWP W D MAIN,07828,07828|07836,PFOA,6.4,4.0,True,3300,S,NJ1427005
NJ,MOUNT OLIVE TWP W D MAIN,MOUNT OLIVE TWP W D MAIN,07828,07828|07836,PFOS,5.0,4.0,True,3300,S,NJ1427005
NJ,MOUNTAIN LAKES WATER DEP,MOUNTAIN LAKES WATER DEP,07046,07046,PFOA,13.3,4.0,True,3300,S,NJ1425001
NJ,MT LAUREL TWP MUA,MT LAUREL TWP MUA,08054,08054,PFHxS,5.4,10.0,False,10000,L,NJ0324001
NJ,MT LAUREL TWP MUA,MT LAUREL TWP MUA,08054,08054,PFOA,4.5,4.0,True,10000,L,NJ0324001
NJ,MT LAUREL TWP MUA,MT LAUREL TWP MUA,08054,08054,PFOS,9.0,4.0,True,10000,L,NJ0324001
NJ,MT OLIVE VILLAGES WATER,MT OLIVE VILLAGES WATER,07828,07828,PFOA,6.3,4.0,True,3300,S,NJ1427001
NJ,MT OLIVE VILLAGES WATER,MT OLIVE VILLAGES WATER,07828,07828,PFOS,6.2,4.0,True,3300,S,NJ1427001
NJ,NETCONG WATER DEPT,NETCONG WATER DEPT,07828,07828|07857,PFHxS,6.1,10.0,False,3300,S,NJ1428001
NJ,NETCONG WATER DEPT,NETCONG WATER DEPT,07828,07828|07857,PFOA,8.6,4.0,True,3300,S,NJ1428001
NJ,NETCONG WATER DEPT,NETCONG WATER DEPT,07828,07828|07857,PFOS,5.9,4.0,True,3300,S,NJ1428001
NJ,NEW BRUNSWICK W DEPT,NEW BRUNSWICK W DEPT,08901,08901,PFOA,7.7,4.0,True,10000,L,NJ1214001
NJ,NEW BRUNSWICK W DEPT,NEW BRUNSWICK W DEPT,08901,08901,PFOS,5.1,4.0,True,10000,L,NJ1214001
NJ,"NEWARK WATER DEPARTMENT, NJ","NEWARK WATER DEPARTMENT, NJ",07003,07003|07017|07102|07109|07110|07201|07440|07470,PFOA,5.3,4.0,True,10000,L,NJ0714001
NJ,NJ AMERICAN WATER - ATLANTIC COUNTY,NJ AMERICAN WATER - ATLANTIC COUNTY,08201,08201|08205|08213|08215|08221|08222|08225|08232|08240|08244,PFBS,9.1,2000.0,False,10000,L,NJ0119002
NJ,NJ AMERICAN WATER - ATLANTIC COUNTY,NJ AMERICAN WATER - ATLANTIC COUNTY,08201,08201|08205|08213|08215|08221|08222|08225|08232|08240|08244,PFHxS,7.6,10.0,False,10000,L,NJ0119002
NJ,NJ AMERICAN WATER - ATLANTIC COUNTY,NJ AMERICAN WATER - ATLANTIC COUNTY,08201,08201|08205|08213|08215|08221|08222|08225|08232|08240|08244,PFOA,10.9,4.0,True,10000,L,NJ0119002
NJ,NJ AMERICAN WATER - ATLANTIC COUNTY,NJ AMERICAN WATER - ATLANTIC COUNTY,08201,08201|08205|08213|08215|08221|08222|08225|08232|08240|08244,PFOS,9.8,4.0,True,10000,L,NJ0119002
NJ,NJ AMERICAN WATER - COASTAL NORTH,NJ AMERICAN WATER - COASTAL NORTH,07701,07701|07702|07704|07711|07712|07716|07718|07720|07722|07723|07724|07728|07731|07732|07733|07737|07738|07739|07740|07747|07748|07750|07752|07753|07755|07756|07757|07758|07760|07764|08701|08735|08738|08739|08742,PFBS,9.2,2000.0,False,10000,L,NJ1345001
NJ,NJ AMERICAN WATER - COASTAL NORTH,NJ AMERICAN WATER - COASTAL NORTH,07701,07701|07702|07704|07711|07712|07716|07718|07720|07722|07723|07724|07728|07731|07732|07733|07737|07738|07739|07740|07747|07748|07750|07752|07753|07755|07756|07757|07758|07760|07764|08701|08735|08738|08739|08742,PFOA,7.5,4.0,True,10000,L,NJ1345001
NJ,NJ AMERICAN WATER - HARRISON,NJ AMERICAN WATER - HARRISON,08062,08062,PFBS,3.6,2000.0,False,3300,S,NJ0808001
NJ,NJ AMERICAN WATER - HARRISON,NJ AMERICAN WATER - HARRISON,08062,08062,PFOA,5.4,4.0,True,3300,S,NJ0808001
NJ,NJ AMERICAN WATER - HARRISON,NJ AMERICAN WATER - HARRISON,08062,08062,PFOS,4.1,4.0,True,3300,S,NJ0808001
NJ,NJ AMERICAN WATER - ITC,NJ AMERICAN WATER - ITC,07828,07828|07836,PFOA,7.3,4.0,True,3300,S,NJ1427017
NJ,NJ AMERICAN WATER - LIBERTY,NJ AMERICAN WATER - LIBERTY,07201,07201|07202|07206|07207|07208,PFOA,4.5,4.0,True,10000,L,NJ2004001
NJ,NJ AMERICAN WATER - LITTLE FALLS,NJ AMERICAN WATER - LITTLE FALLS,07424,07424,PFOA,4.5,4.0,True,10000,L,NJ1605001
NJ,NJ AMERICAN WATER - LOGAN,NJ AMERICAN WATER - LOGAN,08085,08085,PFOA,4.2,4.0,True,3300,S,NJ0809002
NJ,NJ AMERICAN WATER - MOUNT HOLLY,NJ AMERICAN WATER - MOUNT HOLLY,08022,08022|08036|08048|08060,PFOA,4.8,4.0,True,10000,L,NJ0323001
NJ,NJ AMERICAN WATER - MOUNT HOLLY,NJ AMERICAN WATER - MOUNT HOLLY,08022,08022|08036|08048|08060,PFOS,4.2,4.0,True,10000,L,NJ0323001
NJ,NJ AMERICAN WATER - RARITAN,NJ AMERICAN WATER - RARITAN,07016,07016|07023|07025|07027|07033|07036|07059|07060|07061|07062|07063|07066|07069|07076|07080|07083|07090|07091|07092|07203|07204|07921|07930|07977|07979|08502|08504|08512|08528|08536|08540|08541|08542|08543|08544|08550|08558|08648|08805|08807|08812|08822|08835|08836|08844|08846|08854|08869|08870|08875|08876|08880|08889,PFHxS,3.6,10.0,False,10000,L,NJ2004002
NJ,NJ AMERICAN WATER - RARITAN,NJ AMERICAN WATER - RARITAN,07016,07016|07023|07025|07027|07033|07036|07059|07060|07061|07062|07063|07066|07069|07076|07080|07083|07090|07091|07092|07203|07204|07921|07930|07977|07979|08502|08504|08512|08528|08536|08540|08541|08542|08543|08544|08550|08558|08648|08805|08807|08812|08822|08835|08836|08844|08846|08854|08869|08870|08875|08876|08880|08889,PFOA,7.5,4.0,True,10000,L,NJ2004002
NJ,NJ AMERICAN WATER - RARITAN,NJ AMERICAN WATER - RARITAN,07016,07016|07023|07025|07027|07033|07036|07059|07060|07061|07062|07063|07066|07069|07076|07080|07083|07090|07091|07092|07203|07204|07921|07930|07977|07979|08502|08504|08512|08528|08536|08540|08541|08542|08543|08544|08550|08558|08648|08805|08807|08812|08822|08835|08836|08844|08846|08854|08869|08870|08875|08876|08880|08889,PFOS,6.8,4.0,True,10000,L,NJ2004002
NJ,NJ AMERICAN WATER - SHORELANDS,NJ AMERICAN WATER - SHORELANDS,07730,07730|07733,PFOA,6.5,4.0,True,10000,L,NJ1339001
NJ,NJ AMERICAN WATER - SHORT HILLS,NJ AMERICAN WATER - SHORT HILLS,07039,07039|07040|07041|07044|07052|07059|07069|07078|07079|07081|07083|07088|07111|07869|07901|07920|07921|07922|07924|07926|07928|07930|07931|07932|07933|07934|07935|07936|07938|07939|07940|07945|07946|07960|07974|07978|07980,PFBS,3.1,2000.0,False,10000,L,NJ0712001
NJ,NJ AMERICAN WATER - SHORT HILLS,NJ AMERICAN WATER - SHORT HILLS,07039,07039|07040|07041|07044|07052|07059|07069|07078|07079|07081|07083|07088|07111|07869|07901|07920|07921|07922|07924|07926|07928|07930|07931|07932|07933|07934|07935|07936|07938|07939|07940|07945|07946|07960|07974|07978|07980,PFHxS,3.6,10.0,False,10000,L,NJ0712001
NJ,NJ AMERICAN WATER - SHORT HILLS,NJ AMERICAN WATER - SHORT HILLS,07039,07039|07040|07041|07044|07052|07059|07069|07078|07079|07081|07083|07088|07111|07869|07901|07920|07921|07922|07924|07926|07928|07930|07931|07932|07933|07934|07935|07936|07938|07939|07940|07945|07946|07960|07974|07978|07980,PFOA,9.1,4.0,True,10000,L,NJ0712001
NJ,NJ AMERICAN WATER - SHORT HILLS,NJ AMERICAN WATER - SHORT HILLS,07039,07039|07040|07041|07044|07052|07059|07069|07078|07079|07081|07083|07088|07111|07869|07901|07920|07921|07922|07924|07926|07928|07930|07931|07932|07933|07934|07935|07936|07938|07939|07940|07945|07946|07960|07974|07978|07980,PFOS,6.1,4.0,True,10000,L,NJ0712001
NJ,NJ AMERICAN WATER - UNION BEACH,NJ AMERICAN WATER - UNION BEACH,07735,07735,PFOA,6.2,4.0,True,3300,S,NJ1350001
NJ,NJ AMERICAN WATER - WASHINGTON/OXFORD,NJ AMERICAN WATER - WASHINGTON/OXFORD,07863,07863|07865|07882|08808,PFHxS,3.0,10.0,False,10000,L,NJ2121001
NJ,NJ AMERICAN WATER - WASHINGTON/OXFORD,NJ AMERICAN WATER - WASHINGTON/OXFORD,07863,07863|07865|07882|08808,PFOA,5.1,4.0,True,10000,L,NJ2121001
NJ,NJ AMERICAN WATER - WASHINGTON/OXFORD,NJ AMERICAN WATER - WASHINGTON/OXFORD,07863,07863|07865|07882|08808,PFOS,7.1,4.0,True,10000,L,NJ2121001
NJ,NJ AMERICAN WATER - WESTERN,NJ AMERICAN WATER - WESTERN,08002,08002|08003|08004|08007|08010|08021|08026|08030|08031|08033|08034|08035|08043|08045|08049|08052|08054|08059|08061|08065|08075|08077|08078|08083|08084|08102|08103|08104|08105|08106|08107|08109|08110,PFOA,4.3,4.0,True,10000,L,NJ0327001
NJ,NJ AMERICAN WATER - WESTERN,NJ AMERICAN WATER - WESTERN,08002,08002|08003|08004|08007|08010|08021|08026|08030|08031|08033|08034|08035|08043|08045|08049|08052|08054|08059|08061|08065|08075|08077|08078|08083|08084|08102|08103|08104|08105|08106|08107|08109|08110,PFOS,4.4,4.0,True,10000,L,NJ0327001
NJ,NORTH CALDWELL WATER DEP,NORTH CALDWELL WATER DEP,07006,07006,PFOA,8.9,4.0,True,3300,S,NJ0715001
NJ,NORTH CALDWELL WATER DEP,NORTH CALDWELL WATER DEP,07006,07006,PFOS,5.2,4.0,True,3300,S,NJ0715001
NJ,"OAKLAND WATER DEPT, NJ","OAKLAND WATER DEPT, NJ",07417,07417|07436|07442|07470,PFBS,15.0,2000.0,False,10000,L,NJ0242001
NJ,"OAKLAND WATER DEPT, NJ","OAKLAND WATER DEPT, NJ",07417,07417|07436|07442|07470,PFHxS,4.0,10.0,False,10000,L,NJ0242001
NJ,"OAKLAND WATER DEPT, NJ","OAKLAND WATER DEPT, NJ",07417,07417|07436|07442|07470,PFOA,22.0,4.0,True,10000,L,NJ0242001
NJ,"OAKLAND WATER DEPT, NJ","OAKLAND WATER DEPT, NJ",07417,07417|07436|07442|07470,PFOS,23.0,4.0,True,10000,L,NJ0242001
NJ,OLD BRIDGE MUA,OLD BRIDGE MUA,07721,07721|07735|07747|08831|08857|08859|08879,PFOA,6.9,4.0,True,10000,L,NJ1209002
NJ,OLD BRIDGE MUA,OLD BRIDGE MUA,07721,07721|07735|07747|08831|08857|08859|08879,PFOS,4.0,4.0,False,10000,L,NJ1209002
NJ,"ORANGE WATER DEPT, NJ","ORANGE WATER DEPT, NJ",07050,07050,PFHxS,3.7,10.0,False,10000,L,NJ0717001
NJ,"ORANGE WATER DEPT, NJ","ORANGE WATER DEPT, NJ",07050,07050,PFOA,13.0,4.0,True,10000,L,NJ0717001
NJ,PARK RIDGE WATER DEPT,PARK RIDGE WATER DEPT,07656,07656|07677,PFBS,5.1,2000.0,False,10000,L,NJ0247001
NJ,PARK RIDGE WATER DEPT,PARK RIDGE WATER DEPT,07656,07656|07677,PFHxS,13.8,10.0,True,10000,L,NJ0247001
NJ,PARK RIDGE WATER DEPT,PARK RIDGE WATER DEPT,07656,07656|07677,PFNA,8.1,10.0,False,10000,L,NJ0247001
NJ,PARK RIDGE WATER DEPT,PARK RIDGE WATER DEPT,07656,07656|07677,PFOA,17.2,4.0,True,10000,L,NJ0247001
NJ,PARK RIDGE WATER DEPT,PARK RIDGE WATER DEPT,07656,07656|07677,PFOS,14.1,4.0,True,10000,L,NJ0247001
NJ,PARSIPPANY-TROY HILLS WATER DEPARTMENT,PARSIPPANY-TROY HILLS WATER DEPARTMENT,07034,07034|07054|07950,PFBS,7.0,2000.0,False,10000,L,NJ1429001
NJ,PARSIPPANY-TROY HILLS WATER DEPARTMENT,PARSIPPANY-TROY HILLS WATER DEPARTMENT,07034,07034|07054|07950,PFHxS,8.0,10.0,False,10000,L,NJ1429001
NJ,PARSIPPANY-TROY HILLS WATER DEPARTMENT,PARSIPPANY-TROY HILLS WATER DEPARTMENT,07034,07034|07054|07950,PFOA,10.9,4.0,True,10000,L,NJ1429001
NJ,PARSIPPANY-TROY HILLS WATER DEPARTMENT,PARSIPPANY-TROY HILLS WATER DEPARTMENT,07034,07034|07054|07950,PFOS,9.3,4.0,True,10000,L,NJ1429001
NJ,PASSAIC VALLEY WATER COMMISSION,PASSAIC VALLEY WATER COMMISSION,07011,07011|07012|07013|07014|07015|07055|07424|07501|07502|07503|07504|07505|07508|07509|07510|07511|07512|07513|07514|07522|07524|07533|07538|07543|07544,PFBS,3.9,2000.0,False,10000,L,NJ1605002
NJ,PASSAIC VALLEY WATER COMMISSION,PASSAIC VALLEY WATER COMMISSION,07011,07011|07012|07013|07014|07015|07055|07424|07501|07502|07503|07504|07505|07508|07509|07510|07511|07512|07513|07514|07522|07524|07533|07538|07543|07544,PFHxS,3.2,10.0,False,10000,L,NJ1605002
NJ,PASSAIC VALLEY WATER COMMISSION,PASSAIC VALLEY WATER COMMISSION,07011,07011|07012|07013|07014|07015|07055|07424|07501|07502|07503|07504|07505|07508|07509|07510|07511|07512|07513|07514|07522|07524|07533|07538|07543|07544,PFOA,11.5,4.0,True,10000,L,NJ1605002
NJ,PASSAIC VALLEY WATER COMMISSION,PASSAIC VALLEY WATER COMMISSION,07011,07011|07012|07013|07014|07015|07055|07424|07501|07502|07503|07504|07505|07508|07509|07510|07511|07512|07513|07514|07522|07524|07533|07538|07543|07544,PFOS,7.7,4.0,True,10000,L,NJ1605002
NJ,PASSAIC VALLEY WC LODI WD,PASSAIC VALLEY WC LODI WD,07644,07644,PFBS,3.2,2000.0,False,10000,L,NJ0231001
NJ,PASSAIC VALLEY WC LODI WD,PASSAIC VALLEY WC LODI WD,07644,07644,PFHxS,3.1,10.0,False,10000,L,NJ0231001
NJ,PASSAIC VALLEY WC LODI WD,PASSAIC VALLEY WC LODI WD,07644,07644,PFOA,9.4,4.0,True,10000,L,NJ0231001
NJ,PASSAIC VALLEY WC LODI WD,PASSAIC VALLEY WC LODI WD,07644,07644,PFOS,8.4,4.0,True,10000,L,NJ0231001
NJ,PENNINGTON SHOP-RITE,PENNINGTON SHOP-RITE,07534,07534,PFOA,7.9,4.0,True,3300,S,NJ1106319
NJ,PENNSVILLE TWSP. WATER DEPART.,PENNSVILLE TWSP. WATER DEPART.,08023,08023|08070,PFOA,19.0,4.0,True,10000,L,NJ1708001
NJ,PERTH AMBOY WATER DEPARTMENT,PERTH AMBOY WATER DEPARTMENT,07077,07077|08861|08862,HFPO-DA (GenX),14.0,10.0,True,10000,L,NJ1216001
NJ,PERTH AMBOY WATER DEPARTMENT,PERTH AMBOY WATER DEPARTMENT,07077,07077|08861|08862,PFOA,19.0,4.0,True,10000,L,NJ1216001
NJ,PERTH AMBOY WATER DEPARTMENT,PERTH AMBOY WATER DEPARTMENT,07077,07077|08861|08862,PFOS,4.9,4.0,True,10000,L,NJ1216001
NJ,PITMAN WATER DEPARTMENT,PITMAN WATER DEPARTMENT,08071,08071|08080,PFOA,4.2,4.0,True,3300,S,NJ0815001
NJ,POINT PLEASANT BEACH WATER DEPARTMENT,POINT PLEASANT BEACH WATER DEPARTMENT,08742,08742,PFBS,3.1,2000.0,False,10000,L,NJ1525001
NJ,POINT PLEASANT BEACH WATER DEPARTMENT,POINT PLEASANT BEACH WATER DEPARTMENT,08742,08742,PFOA,7.3,4.0,True,10000,L,NJ1525001
NJ,POINT PLEASANT WATER DEPARTMENT,POINT PLEASANT WATER DEPARTMENT,08742,08742,PFBS,5.2,2000.0,False,10000,L,NJ1524001
NJ,POINT PLEASANT WATER DEPARTMENT,POINT PLEASANT WATER DEPARTMENT,08742,08742,PFOA,5.1,4.0,True,10000,L,NJ1524001
NJ,POMPTON LAKES MUA,POMPTON LAKES MUA,07442,07442,PFOA,9.7,4.0,True,10000,L,NJ1609001
NJ,POMPTON LAKES MUA,POMPTON LAKES MUA,07442,07442,PFOS,4.8,4.0,True,10000,L,NJ1609001
NJ,PVWC-NORTH ARLINGTON,PVWC-NORTH ARLINGTON,07031,07031,PFBS,3.3,2000.0,False,10000,L,NJ0239001
NJ,PVWC-NORTH ARLINGTON,PVWC-NORTH ARLINGTON,07031,07031,PFOA,11.4,4.0,True,10000,L,NJ0239001
NJ,PVWC-NORTH ARLINGTON,PVWC-NORTH ARLINGTON,07031,07031,PFOS,5.3,4.0,True,10000,L,NJ0239001
NJ,RAMSEY WATER DEPT,RAMSEY WATER DEPT,07401,07401|07430|07446|07458,PFBS,3.6,2000.0,False,10000,L,NJ0248001
NJ,RAMSEY WATER DEPT,RAMSEY WATER DEPT,07401,07401|07430|07446|07458,PFOA,13.6,4.0,True,10000,L,NJ0248001
NJ,RAMSEY WATER DEPT,RAMSEY WATER DEPT,07401,07401|07430|07446|07458,PFOS,5.3,4.0,True,10000,L,NJ0248001
NJ,RED BANK WATER DEPT,RED BANK WATER DEPT,07701,07701|07704,PFOA,6.6,4.0,True,10000,L,NJ1340001
NJ,RIDGEWOOD WATER,RIDGEWOOD WATER,07432,07432|07450|07452|07481,PFBS,8.6,2000.0,False,10000,L,NJ0251001
NJ,RIDGEWOOD WATER,RIDGEWOOD WATER,07432,07432|07450|07452|07481,PFHxS,4.9,10.0,False,10000,L,NJ0251001
NJ,RIDGEWOOD WATER,RIDGEWOOD WATER,07432,07432|07450|07452|07481,PFOA,31.4,4.0,True,10000,L,NJ0251001
NJ,RIDGEWOOD WATER,RIDGEWOOD WATER,07432,07432|07450|07452|07481,PFOS,13.8,4.0,True,10000,L,NJ0251001
NJ,RINGWOOD WATER DEPARTMENT,RINGWOOD WATER DEPARTMENT,07456,07456,PFBS,5.2,2000.0,False,3300,S,NJ1611002
NJ,RINGWOOD WATER DEPARTMENT,RINGWOOD WATER DEPARTMENT,07456,07456,PFHxS,3.1,10.0,False,3300,S,NJ1611002
NJ,RINGWOOD WATER DEPARTMENT,RINGWOOD WATER DEPARTMENT,07456,07456,PFOA,12.3,4.0,True,3300,S,NJ1611002
NJ,RINGWOOD WATER DEPARTMENT,RINGWOOD WATER DEPARTMENT,07456,07456,PFOS,8.8,4.0,True,3300,S,NJ1611002
NJ,ROCKAWAY BORO WATER DEPT,ROCKAWAY BORO WATER DEPT,07801,07801|07866,PFBS,6.6,2000.0,False,3300,S,NJ1434001
NJ,ROCKAWAY BORO WATER DEPT,ROCKAWAY BORO WATER DEPT,07801,07801|07866,PFHxS,6.4,10.0,False,3300,S,NJ1434001
NJ,ROCKAWAY BORO WATER DEPT,ROCKAWAY BORO WATER DEPT,07801,07801|07866,PFOA,14.2,4.0,True,3300,S,NJ1434001
NJ,ROCKAWAY BORO WATER DEPT,ROCKAWAY BORO WATER DEPT,07801,07801|07866,PFOS,6.5,4.0,True,3300,S,NJ1434001
NJ,ROCKAWAY TWP WATER DEPT,ROCKAWAY TWP WATER DEPT,07866,07866,PFBS,3.7,2000.0,False,10000,L,NJ1435002
NJ,ROCKAWAY TWP WATER DEPT,ROCKAWAY TWP WATER DEPT,07866,07866,PFHxS,7.1,10.0,False,10000,L,NJ1435002
NJ,ROCKAWAY TWP WATER DEPT,ROCKAWAY TWP WATER DEPT,07866,07866,PFOA,12.0,4.0,True,10000,L,NJ1435002
NJ,ROCKAWAY TWP WATER DEPT,ROCKAWAY TWP WATER DEPT,07866,07866,PFOS,9.4,4.0,True,10000,L,NJ1435002
NJ,ROXBURY TWP W DEPT-SHORE,ROXBURY TWP W DEPT-SHORE,07850,07850|07852,PFHxS,3.7,10.0,False,3300,S,NJ1436003
NJ,ROXBURY TWP W DEPT-SHORE,ROXBURY TWP W DEPT-SHORE,07850,07850|07852,PFOA,5.6,4.0,True,3300,S,NJ1436003
NJ,ROXBURY TWP W DEPT-SHORE,ROXBURY TWP W DEPT-SHORE,07850,07850|07852,PFOS,5.2,4.0,True,3300,S,NJ1436003
NJ,ROXBURY TWP W DEPT-SKY V,ROXBURY TWP W DEPT-SKY V,07836,07836|07847|07852,PFOS,4.1,4.0,True,3300,S,NJ1436004
NJ,SADDLE BROOK WATER DEPT,SADDLE BROOK WATER DEPT,07663,07663,PFBS,3.5,2000.0,False,10000,L,NJ0257001
NJ,SADDLE BROOK WATER DEPT,SADDLE BROOK WATER DEPT,07663,07663,PFOA,10.7,4.0,True,10000,L,NJ0257001
NJ,SADDLE BROOK WATER DEPT,SADDLE BROOK WATER DEPT,07663,07663,PFOS,4.1,4.0,True,10000,L,NJ0257001
NJ,SALEM WATER DEPARTMENT,SALEM WATER DEPARTMENT,08079,08079,PFOA,4.7,4.0,True,3300,S,NJ1712001
NJ,SAYREVILLE W DEPT,SAYREVILLE W DEPT,08857,08857|08859|08871|08872|08879,PFOA,9.3,4.0,True,10000,L,NJ1219001
NJ,SOUTH BRUNSWICK TWP W DI,SOUTH BRUNSWICK TWP W DI,08810,08810|08824|08852,PFBS,3.8,2000.0,False,10000,L,NJ1221004
NJ,SOUTH BRUNSWICK TWP W DI,SOUTH BRUNSWICK TWP W DI,08810,08810|08824|08852,PFOA,23.0,4.0,True,10000,L,NJ1221004
NJ,SOUTH ORANGE WATER DEPARTMENT,SOUTH ORANGE WATER DEPARTMENT,07079,07079,PFOA,6.8,4.0,True,10000,L,NJ0719001
NJ,SOUTH RIVER W DEPT,SOUTH RIVER W DEPT,08882,08882,PFOA,7.6,4.0,True,10000,L,NJ1223001
NJ,SOUTH RIVER W DEPT,SOUTH RIVER W DEPT,08882,08882,PFOS,4.1,4.0,True,10000,L,NJ1223001
NJ,SOUTHEAST MORRIS COUNTY MUA,SOUTHEAST MORRIS COUNTY MUA,07927,07927|07950|07960|07981,PFBS,4.4,2000.0,False,10000,L,NJ1424001
NJ,SOUTHEAST MORRIS COUNTY MUA,SOUTHEAST MORRIS COUNTY MUA,07927,07927|07950|07960|07981,PFHxS,7.1,10.0,False,10000,L,NJ1424001
NJ,SOUTHEAST MORRIS COUNTY MUA,SOUTHEAST MORRIS COUNTY MUA,07927,07927|07950|07960|07981,PFOA,12.1,4.0,True,10000,L,NJ1424001
NJ,SOUTHEAST MORRIS COUNTY MUA,SOUTHEAST MORRIS COUNTY MUA,07927,07927|07950|07960|07981,PFOS,6.8,4.0,True,10000,L,NJ1424001
NJ,SPARTA TWP WATER UTILITY - LAKE MOHAWK,SPARTA TWP WATER UTILITY - LAKE MOHAWK,07871,07871,PFBS,12.9,2000.0,False,10000,L,NJ1918004
NJ,SPARTA TWP WATER UTILITY - LAKE MOHAWK,SPARTA TWP WATER UTILITY - LAKE MOHAWK,07871,07871,PFHxS,3.5,10.0,False,10000,L,NJ1918004
NJ,SPARTA TWP WATER UTILITY - LAKE MOHAWK,SPARTA TWP WATER UTILITY - LAKE MOHAWK,07871,07871,PFOA,8.6,4.0,True,10000,L,NJ1918004
NJ,SPARTA TWP WATER UTILITY - LAKE MOHAWK,SPARTA TWP WATER UTILITY - LAKE MOHAWK,07871,07871,PFOS,9.3,4.0,True,10000,L,NJ1918004
NJ,SPOTSWOOD W DEPT,SPOTSWOOD W DEPT,08884,08884,PFHxS,9.1,10.0,False,3300,S,NJ1224001
NJ,SPOTSWOOD W DEPT,SPOTSWOOD W DEPT,08884,08884,PFOA,5.6,4.0,True,3300,S,NJ1224001
NJ,SPOTSWOOD W DEPT,SPOTSWOOD W DEPT,08884,08884,PFOS,4.8,4.0,True,3300,S,NJ1224001
NJ,STANHOPE W DEPT,STANHOPE W DEPT,07874,07874,PFBS,6.5,2000.0,False,3300,S,NJ1919001
NJ,STANHOPE W DEPT,STANHOPE W DEPT,07874,07874,PFHxS,3.6,10.0,False,3300,S,NJ1919001
NJ,STANHOPE W DEPT,STANHOPE W DEPT,07874,07874,PFOA,12.2,4.0,True,3300,S,NJ1919001
NJ,STANHOPE W DEPT,STANHOPE W DEPT,07874,07874,PFOS,11.4,4.0,True,3300,S,NJ1919001
NJ,SUEZ WATER MANALAPAN KNOB HILL,SUEZ WATER MANALAPAN KNOB HILL,07726,07726,PFOA,7.8,4.0,True,3300,S,NJ1326002
NJ,SUEZ WATER NEW JERSEY FRANKLIN LAKES,SUEZ WATER NEW JERSEY FRANKLIN LAKES,07417,07417,PFBS,4.1,2000.0,False,3300,S,NJ0220001
NJ,SUEZ WATER NEW JERSEY FRANKLIN LAKES,SUEZ WATER NEW JERSEY FRANKLIN LAKES,07417,07417,PFOA,11.8,4.0,True,3300,S,NJ0220001
NJ,SUEZ WATER NEW JERSEY FRANKLIN LAKES,SUEZ WATER NEW JERSEY FRANKLIN LAKES,07417,07417,PFOS,4.1,4.0,True,3300,S,NJ0220001
NJ,SUEZ WATER NEW JERSEY HACKENSACK,SUEZ WATER NEW JERSEY HACKENSACK,07010,07010|07020|07022|07024|07030|07047|07057|07067|07070|07072|07073|07074|07075|07087|07093|07094|07417|07458|07602|07603|07604|07605|07606|07607|07608|07620|07621|07624|07626|07627|07628|07630|07631|07632|07640|07641|07642|07643|07644|07645|07646|07647|07648|07649|07650|07652|07657|07660|07661|07662|07666|07670|07675,PFBS,4.0,2000.0,False,10000,L,NJ0238001
NJ,SUEZ WATER NEW JERSEY HACKENSACK,SUEZ WATER NEW JERSEY HACKENSACK,07010,07010|07020|07022|07024|07030|07047|07057|07067|07070|07072|07073|07074|07075|07087|07093|07094|07417|07458|07602|07603|07604|07605|07606|07607|07608|07620|07621|07624|07626|07627|07628|07630|07631|07632|07640|07641|07642|07643|07644|07645|07646|07647|07648|07649|07650|07652|07657|07660|07661|07662|07666|07670|07675,PFHxS,4.7,10.0,False,10000,L,NJ0238001
NJ,SUEZ WATER NEW JERSEY HACKENSACK,SUEZ WATER NEW JERSEY HACKENSACK,07010,07010|07020|07022|07024|07030|07047|07057|07067|07070|07072|07073|07074|07075|07087|07093|07094|07417|07458|07602|07603|07604|07605|07606|07607|07608|07620|07621|07624|07626|07627|07628|07630|07631|07632|07640|07641|07642|07643|07644|07645|07646|07647|07648|07649|07650|07652|07657|07660|07661|07662|07666|07670|07675,PFOA,14.0,4.0,True,10000,L,NJ0238001
NJ,SUEZ WATER NEW JERSEY HACKENSACK,SUEZ WATER NEW JERSEY HACKENSACK,07010,07010|07020|07022|07024|07030|07047|07057|07067|07070|07072|07073|07074|07075|07087|07093|07094|07417|07458|07602|07603|07604|07605|07606|07607|07608|07620|07621|07624|07626|07627|07628|07630|07631|07632|07640|07641|07642|07643|07644|07645|07646|07647|07648|07649|07650|07652|07657|07660|07661|07662|07666|07670|07675,PFOS,8.1,4.0,True,10000,L,NJ0238001
NJ,SUEZ WATER NEW JERSEY RAHWAY,SUEZ WATER NEW JERSEY RAHWAY,07065,07065,PFOA,6.9,4.0,True,10000,L,NJ2013001
NJ,SUEZ WATER NEW JERSEY VERNON VALLEY,SUEZ WATER NEW JERSEY VERNON VALLEY,07419,07419|07462,PFBS,5.1,2000.0,False,3300,S,NJ1922026
NJ,SUEZ WATER TOMS RIVER,SUEZ WATER TOMS RIVER,08753,08753|08754|08755|08756|08757,PFBS,8.0,2000.0,False,10000,L,NJ1507005
NJ,SUEZ WATER TOMS RIVER,SUEZ WATER TOMS RIVER,08753,08753|08754|08755|08756|08757,PFOA,9.8,4.0,True,10000,L,NJ1507005
NJ,SUEZ WATER TOMS RIVER,SUEZ WATER TOMS RIVER,08753,08753|08754|08755|08756|08757,PFOS,4.9,4.0,True,10000,L,NJ1507005
NJ,TOTOWA W DEPT,TOTOWA W DEPT,07512,07512,PFOA,7.2,4.0,True,10000,L,NJ1612001
NJ,TOWNSHIP OF WAYNE,TOWNSHIP OF WAYNE,07470,07470,PFOA,4.9,4.0,True,10000,L,NJ1614001
NJ,VERONA WATER DEPARTMENT,VERONA WATER DEPARTMENT,07006,07006|07009|07021|07043|07044|07052,PFBS,4.6,2000.0,False,10000,L,NJ0720001
NJ,VERONA WATER DEPARTMENT,VERONA WATER DEPARTMENT,07006,07006|07009|07021|07043|07044|07052,PFHxS,11.3,10.0,True,10000,L,NJ0720001
NJ,VERONA WATER DEPARTMENT,VERONA WATER DEPARTMENT,07006,07006|07009|07021|07043|07044|07052,PFOA,42.3,4.0,True,10000,L,NJ0720001
NJ,VERONA WATER DEPARTMENT,VERONA WATER DEPARTMENT,07006,07006|07009|07021|07043|07044|07052,PFOS,12.2,4.0,True,10000,L,NJ0720001
NJ,VINELAND WATER & SEWER UTILITY,VINELAND WATER & SEWER UTILITY,08360,08360|08361,PFHxS,3.0,10.0,False,10000,L,NJ0614003
NJ,VINELAND WATER & SEWER UTILITY,VINELAND WATER & SEWER UTILITY,08360,08360|08361,PFOA,9.4,4.0,True,10000,L,NJ0614003
NJ,VINELAND WATER & SEWER UTILITY,VINELAND WATER & SEWER UTILITY,08360,08360|08361,PFOS,10.8,4.0,True,10000,L,NJ0614003
NJ,WALDWICK WATER DEPT,WALDWICK WATER DEPT,07463,07463,PFBS,7.0,2000.0,False,10000,L,NJ0264001
NJ,WALDWICK WATER DEPT,WALDWICK WATER DEPT,07463,07463,PFHxS,3.9,10.0,False,10000,L,NJ0264001
NJ,WALDWICK WATER DEPT,WALDWICK WATER DEPT,07463,07463,PFNA,5.5,10.0,False,10000,L,NJ0264001
NJ,WALDWICK WATER DEPT,WALDWICK WATER DEPT,07463,07463,PFOA,23.3,4.0,True,10000,L,NJ0264001
NJ,WALDWICK WATER DEPT,WALDWICK WATER DEPT,07463,07463,PFOS,10.2,4.0,True,10000,L,NJ0264001
NJ,WALL TWP WATER DEPT,WALL TWP WATER DEPT,07719,07719,PFOA,6.6,4.0,True,10000,L,NJ1352003
NJ,WALL TWP WATER DEPT,WALL TWP WATER DEPT,07719,07719,PFOS,5.0,4.0,True,10000,L,NJ1352003
NJ,WALLINGTON WATER DEPT,WALLINGTON WATER DEPT,07057,07057,PFOA,7.1,4.0,True,10000,L,NJ0265001
NJ,WALLINGTON WATER DEPT,WALLINGTON WATER DEPT,07057,07057,PFOS,5.0,4.0,True,10000,L,NJ0265001
NJ,WANAQUE W DEPT.,WANAQUE W DEPT.,07465,07465,PFBS,12.8,2000.0,False,10000,L,NJ1613002
NJ,WANAQUE W DEPT.,WANAQUE W DEPT.,07465,07465,PFHxS,3.8,10.0,False,10000,L,NJ1613002
NJ,WANAQUE W DEPT.,WANAQUE W DEPT.,07465,07465,PFOA,14.8,4.0,True,10000,L,NJ1613002
NJ,WANAQUE W DEPT.,WANAQUE W DEPT.,07465,07465,PFOS,13.8,4.0,True,10000,L,NJ1613002
NJ,WASHINGTON TOWNSHIP MUA,WASHINGTON TOWNSHIP MUA,08012,08012|08028|08032|08080|08081,PFBS,10.9,2000.0,False,10000,L,NJ0818004
NJ,WASHINGTON TOWNSHIP MUA,WASHINGTON TOWNSHIP MUA,08012,08012|08028|08032|08080|08081,PFOA,9.0,4.0,True,10000,L,NJ0818004
NJ,WASHINGTON TWP MUA-HAGER,WASHINGTON TWP MUA-HAGER,07830,07830|07853|07930,PFOA,5.5,4.0,True,3300,S,NJ1438003
NJ,WASHINGTON TWP MUA-HAGER,WASHINGTON TWP MUA-HAGER,07830,07830|07853|07930,PFOS,4.3,4.0,True,3300,S,NJ1438003
NJ,WASHINGTON TWP MUA-SCHOO,WASHINGTON TWP MUA-SCHOO,07840,07840|07853,PFBS,3.0,2000.0,False,3300,S,NJ1438004
NJ,WASHINGTON TWP MUA-SCHOO,WASHINGTON TWP MUA-SCHOO,07840,07840|07853,PFOA,9.1,4.0,True,3300,S,NJ1438004
NJ,WASHINGTON TWP MUA-SCHOO,WASHINGTON TWP MUA-SCHOO,07840,07840|07853,PFOS,9.7,4.0,True,3300,S,NJ1438004
NJ,WEST CALDWELL WATER DEPARTMENT,WEST CALDWELL WATER DEPARTMENT,07006,07006,PFOA,8.3,4.0,True,10000,L,NJ0721001
NJ,WEST CALDWELL WATER DEPARTMENT,WEST CALDWELL WATER DEPARTMENT,07006,07006,PFOS,5.5,4.0,True,10000,L,NJ0721001
NJ,WEST DEPTFORD TWP WATER DEPT,WEST DEPTFORD TWP WATER DEPT,08051,08051|08063|08066|08086|08093|08096,PFNA,16.0,10.0,True,10000,L,NJ0820001
NJ,WEST MAIN ASSOCIATES,WEST MAIN ASSOCIATES,07753,07753|07930,PFOA,12.3,4.0,True,3300,S,NJ1406325
NJ,WEST MAIN ASSOCIATES,WEST MAIN ASSOCIATES,07753,07753|07930,PFOS,7.9,4.0,True,3300,S,NJ1406325
NJ,WESTVILLE WATER DEPARTMENT,WESTVILLE WATER DEPARTMENT,08093,08093,PFNA,16.7,10.0,True,3300,S,NJ0821001
NJ,WESTVILLE WATER DEPARTMENT,WESTVILLE WATER DEPARTMENT,08093,08093,PFOA,8.6,4.0,True,3300,S,NJ0821001
NJ,WESTVILLE WATER DEPARTMENT,WESTVILLE WATER DEPARTMENT,08093,08093,PFOS,4.7,4.0,True,3300,S,NJ0821001
NJ,WHARTON WATER DEPT,WHARTON WATER DEPT,07885,07885,PFHxS,3.1,10.0,False,3300,S,NJ1439001
NJ,WHARTON WATER DEPT,WHARTON WATER DEPT,07885,07885,PFOA,5.3,4.0,True,3300,S,NJ1439001
NJ,WILLINGBORO MUA,WILLINGBORO MUA,08046,08046,PFHxS,6.5,10.0,False,10000,L,NJ0338001
NJ,WILLINGBORO MUA,WILLINGBORO MUA,08046,08046,PFOA,10.6,4.0,True,10000,L,NJ0338001
NJ,WILLINGBORO MUA,WILLINGBORO MUA,08046,08046,PFOS,10.6,4.0,True,10000,L,NJ0338001
NJ,WINSLOW TWP DMU,WINSLOW TWP DMU,08037,08037,PFHxS,3.8,10.0,False,10000,L,NJ0436007
NJ,WINSLOW TWP DMU,WINSLOW TWP DMU,08037,08037,PFOA,10.4,4.0,True,10000,L,NJ0436007
NJ,WINSLOW TWP DMU,WINSLOW TWP DMU,08037,08037,PFOS,10.8,4.0,True,10000,L,NJ0436007
NJ,WOODLAND PARK  WATER DEPARTMENT,WOODLAND PARK  WATER DEPARTMENT,07424,07424,PFBS,3.1,2000.0,False,3300,S,NJ1616001
NJ,WOODLAND PARK  WATER DEPARTMENT,WOODLAND PARK  WATER DEPARTMENT,07424,07424,PFOA,10.6,4.0,True,3300,S,NJ1616001
NJ,WOODLAND PARK  WATER DEPARTMENT,WOODLAND PARK  WATER DEPARTMENT,07424,07424,PFOS,5.3,4.0,True,3300,S,NJ1616001
NM,ALAMOGORDO DOMESTIC WATER SYSTEM,ALAMOGORDO DOMESTIC WATER SYSTEM,88310,88310,PFOA,7.4,4.0,True,10000,L,NM3513319
NM,CANNON AIR FORCE BASE WATER SYSTEM,CANNON AIR FORCE BASE WATER SYSTEM,88103,88103,PFBS,15.0,2000.0,False,3300,S,NM3567905
NM,CANNON AIR FORCE BASE WATER SYSTEM,CANNON AIR FORCE BASE WATER SYSTEM,88103,88103,PFHxS,17.7,10.0,True,3300,S,NM3567905
NM,DONA ANA MDWCA,DONA ANA MDWCA,88007,88007,PFBS,3.2,2000.0,False,10000,L,NM3554307
NM,DONA ANA MDWCA,DONA ANA MDWCA,88007,88007,PFOS,4.2,4.0,True,10000,L,NM3554307
NM,ELEPHANT BUTTE WATER SYSTEM,ELEPHANT BUTTE WATER SYSTEM,87935,87935,PFOS,6.7,4.0,True,3300,S,NM3530827
NM,EPCOR WATER NEW MEXICO INC  CLOVIS,EPCOR WATER NEW MEXICO INC  CLOVIS,88101,88101,PFBS,4.3,2000.0,False,10000,L,NM3527305
NM,HOBBS MUNICIPAL WATER SUPPLY,HOBBS MUNICIPAL WATER SUPPLY,88240,88240|88242,PFOA,5.3,4.0,True,10000,L,NM3521613
NM,LOWER RIO GRANDE PWWA SOUTH VALLEY,LOWER RIO GRANDE PWWA SOUTH VALLEY,88021,88021|88024|88044|88047|88048|88072,PFBS,30.5,2000.0,False,10000,L,NM3502407
NN,Ganado-Burnside-Cornfield-Steamboat NTUA,Ganado-Burnside-Cornfield-Steamboat NTUA,86504,86504,PFHxS,6.1,10.0,False,3300,S,NN0403001
NV,ELKO CITY OF,ELKO CITY OF,89801,89801,PFBS,15.0,2000.0,False,10000,L,NV0000272
NV,ELKO CITY OF,ELKO CITY OF,89801,89801,PFHxS,29.0,10.0,True,10000,L,NV0000272
NV,ELKO CITY OF,ELKO CITY OF,89801,89801,PFOA,5.9,4.0,True,10000,L,NV0000272
NV,ELKO CITY OF,ELKO CITY OF,89801,89801,PFOS,46.0,4.0,True,10000,L,NV0000272
NV,FERNLEY PUBLIC WORKS,FERNLEY PUBLIC WORKS,89408,89408,PFOS,5.6,4.0,True,10000,L,NV0000062
NV,GARDNERVILLE WATER COMPANY,GARDNERVILLE WATER COMPANY,89410,89410,PFBS,8.6,2000.0,False,3300,S,NV0000065
NV,GARDNERVILLE WATER COMPANY,GARDNERVILLE WATER COMPANY,89410,89410,PFHxS,3.1,10.0,False,3300,S,NV0000065
NV,GARDNERVILLE WATER COMPANY,GARDNERVILLE WATER COMPANY,89410,89410,PFOS,4.0,4.0,False,3300,S,NV0000065
NV,GREAT BASIN WATER CO  COLD SPRINGS,GREAT BASIN WATER CO  COLD SPRINGS,89502,89502,PFBS,5.1,2000.0,False,3300,S,NV0000207
NV,TRUCKEE MEADOWS WATER AUTHORITY,TRUCKEE MEADOWS WATER AUTHORITY,89431,89431|89433|89434|89436|89439|89441|89501|89502|89503|89506|89508|89509|89511|89512|89519|89521|89523|89557|89595,PFBS,5.7,2000.0,False,10000,L,NV0000190
NV,TRUCKEE MEADOWS WATER AUTHORITY,TRUCKEE MEADOWS WATER AUTHORITY,89431,89431|89433|89434|89436|89439|89441|89501|89502|89503|89506|89508|89509|89511|89512|89519|89521|89523|89557|89595,PFHxS,15.0,10.0,True,10000,L,NV0000190
NV,TRUCKEE MEADOWS WATER AUTHORITY,TRUCKEE MEADOWS WATER AUTHORITY,89431,89431|89433|89434|89436|89439|89441|89501|89502|89503|89506|89508|89509|89511|89512|89519|89521|89523|89557|89595,PFOA,5.5,4.0,True,10000,L,NV0000190
NV,TRUCKEE MEADOWS WATER AUTHORITY,TRUCKEE MEADOWS WATER AUTHORITY,89431,89431|89433|89434|89436|89439|89441|89501|89502|89503|89506|89508|89509|89511|89512|89519|89521|89523|89557|89595,PFOS,20.0,4.0,True,10000,L,NV0000190
NY,ALBERTSON WD,ALBERTSON WD,11507,11507|11576|11577,PFHxS,3.5,10.0,False,10000,L,NY2902815
NY,ALBERTSON WD,ALBERTSON WD,11507,11507|11576|11577,PFNA,8.2,10.0,False,10000,L,NY2902815
NY,ALBERTSON WD,ALBERTSON WD,11507,11507|11576|11577,PFOA,12.0,4.0,True,10000,L,NY2902815
NY,ALBERTSON WD,ALBERTSON WD,11507,11507|11576|11577,PFOS,6.9,4.0,True,10000,L,NY2902815
NY,ARROW PARK INC.,ARROW PARK INC.,10950,10950,PFBS,4.4,2000.0,False,3300,S,NY3503536
NY,ARROW PARK INC.,ARROW PARK INC.,10950,10950,PFOA,9.6,4.0,True,3300,S,NY3503536
NY,BALDWINSVILLE VILLAGE,BALDWINSVILLE VILLAGE,13027,13027,PFBS,4.6,2000.0,False,3300,S,NY3304307
NY,BEDFORD CONSOLIDATED W.D.,BEDFORD CONSOLIDATED W.D.,10507,10507|10536,PFHxS,5.1,10.0,False,3300,S,NY5903419
NY,BEDFORD CONSOLIDATED W.D.,BEDFORD CONSOLIDATED W.D.,10507,10507|10536,PFOA,4.1,4.0,True,3300,S,NY5903419
NY,BETHPAGE WD,BETHPAGE WD,11714,11714|11735|11756|11803|11804,PFBS,3.5,2000.0,False,10000,L,NY2902817
NY,"BINGHAMTON, CITY OF","BINGHAMTON, CITY OF",13903,13903,PFBS,3.1,2000.0,False,10000,L,NY0301651
NY,"BINGHAMTON, CITY OF","BINGHAMTON, CITY OF",13903,13903,PFOA,4.0,4.0,False,10000,L,NY0301651
NY,"BINGHAMTON, CITY OF","BINGHAMTON, CITY OF",13903,13903,PFOS,5.5,4.0,True,10000,L,NY0301651
NY,BRINKERHOFF WATER DISTRICT,BRINKERHOFF WATER DISTRICT,12524,12524,PFBS,9.0,2000.0,False,3300,S,NY1302766
NY,BRINKERHOFF WATER DISTRICT,BRINKERHOFF WATER DISTRICT,12524,12524,PFOA,8.6,4.0,True,3300,S,NY1302766
NY,BRINKERHOFF WATER DISTRICT,BRINKERHOFF WATER DISTRICT,12524,12524,PFOS,6.2,4.0,True,3300,S,NY1302766
NY,BRISTOL HARBOUR WATER CORP,BRISTOL HARBOUR WATER CORP,14424,14424,PFBS,15.0,2000.0,False,3300,S,NY3400784
NY,CHENANGO CONSOLIDATED WD #1,CHENANGO CONSOLIDATED WD #1,13901,13901,PFBS,5.3,2000.0,False,3300,S,NY0301653
NY,CHENANGO CONSOLIDATED WD #1,CHENANGO CONSOLIDATED WD #1,13901,13901,PFOA,6.3,4.0,True,3300,S,NY0301653
NY,CHESTER VILLAGE,CHESTER VILLAGE,10918,10918|10950,PFOA,5.1,4.0,True,3300,S,NY3503524
NY,COLONIE VILLAGE,COLONIE VILLAGE,12205,12205,PFOA,8.3,4.0,True,3300,S,NY0100194
NY,CORNING CITY,CORNING CITY,14830,14830,PFBS,6.7,2000.0,False,10000,L,NY5001209
NY,CORNING CITY,CORNING CITY,14830,14830,PFOA,12.2,4.0,True,10000,L,NY5001209
NY,CORTLANDVILLE TOWN WATER,CORTLANDVILLE TOWN WATER,13045,13045,PFNA,6.7,10.0,False,3300,S,NY1101755
NY,FALLSBURG WHO-LS-SF,FALLSBURG WHO-LS-SF,12779,12779,PFNA,12.3,10.0,True,3300,S,NY5203324
NY,FORT DRUM,FORT DRUM,13602,13602,PFHxS,5.0,10.0,False,10000,L,NY2212214
NY,GARDEN CITY (V),GARDEN CITY (V),11530,11530,PFNA,7.1,10.0,False,10000,L,NY2902824
NY,GARDEN CITY (V),GARDEN CITY (V),11530,11530,PFOS,4.3,4.0,True,10000,L,NY2902824
NY,GARDEN CITY PARK WD,GARDEN CITY PARK WD,11040,11040|11507|11576|11596,PFOA,19.0,4.0,True,10000,L,NY2902825
NY,GLEN COVE CITY,GLEN COVE CITY,11542,11542,PFOA,4.5,4.0,True,10000,L,NY2902826
NY,GLENS FALLS CITY,GLENS FALLS CITY,12801,12801|12804,PFOA,4.7,4.0,True,10000,L,NY5600104
NY,GLENVILLE WD #11,GLENVILLE WD #11,12008,12008|12019|12027|12302,PFOA,4.2,4.0,True,10000,L,NY4600091
NY,GREENFIELD WATER DISTRICT,GREENFIELD WATER DISTRICT,12538,12538,PFOS,5.7,4.0,True,3300,S,NY1302794
NY,GREENLAWN WD,GREENLAWN WD,11721,11721|11725|11731|11740|11743|11746|11768,PFHxS,3.2,10.0,False,10000,L,NY5103271
NY,HARRIMAN VILLAGE,HARRIMAN VILLAGE,,,PFHxS,3.6,10.0,False,3300,S,NY3503531
NY,HARRIMAN VILLAGE,HARRIMAN VILLAGE,,,PFOS,7.5,4.0,True,3300,S,NY3503531
NY,HEMPSTEAD (V),HEMPSTEAD (V),11530,11530|11550|11552|11553,PFOS,4.7,4.0,True,10000,L,NY2902827
NY,HERITAGE HILLS WATERWORKS CORP,HERITAGE HILLS WATERWORKS CORP,10589,10589,PFOA,6.6,4.0,True,3300,S,NY5917221
NY,HERITAGE HILLS WATERWORKS CORP,HERITAGE HILLS WATERWORKS CORP,10589,10589,PFOS,6.1,4.0,True,3300,S,NY5917221
NY,KINGSTON (CITY) WATER DISTRICT,KINGSTON (CITY) WATER DISTRICT,12401,12401,PFOA,4.6,4.0,True,10000,L,NY5503374
NY,KINGSTON (CITY) WATER DISTRICT,KINGSTON (CITY) WATER DISTRICT,12401,12401,PFOS,4.3,4.0,True,10000,L,NY5503374
NY,LERAY TOWN WD 2 & 4,LERAY TOWN WD 2 & 4,13601,13601,PFBS,14.0,2000.0,False,3300,S,NY2221206
NY,LOCUST VALLEY WD,LOCUST VALLEY WD,11560,11560,PFHxS,4.5,10.0,False,3300,S,NY2902833
NY,LOCUST VALLEY WD,LOCUST VALLEY WD,11560,11560,PFNA,29.6,10.0,True,3300,S,NY2902833
NY,"MANCHESTER WATER DISTRICT, NY","MANCHESTER WATER DISTRICT, NY",12603,12603,PFBS,3.0,2000.0,False,3300,S,NY1330550
NY,"MANCHESTER WATER DISTRICT, NY","MANCHESTER WATER DISTRICT, NY",12603,12603,PFOA,4.3,4.0,True,3300,S,NY1330550
NY,MANHASSET LAKEVILLE WD,MANHASSET LAKEVILLE WD,11020,11020|11021|11023|11030|11040|11042|11576,PFNA,19.0,10.0,True,10000,L,NY2902836
NY,MANHASSET LAKEVILLE WD,MANHASSET LAKEVILLE WD,11020,11020|11021|11023|11030|11040|11042|11576,PFOA,5.3,4.0,True,10000,L,NY2902836
NY,MINEOLA (V),MINEOLA (V),11501,11501,PFOA,4.1,4.0,True,10000,L,NY2902839
NY,MINEOLA (V),MINEOLA (V),11501,11501,PFOS,4.1,4.0,True,10000,L,NY2902839
NY,MONROE VILLAGE,MONROE VILLAGE,10950,10950,PFOA,10.5,4.0,True,3300,S,NY3503535
NY,MONROE VILLAGE,MONROE VILLAGE,10950,10950,PFOS,5.7,4.0,True,3300,S,NY3503535
NY,MONTICELLO VILLAGE,MONTICELLO VILLAGE,12701,12701,PFOA,4.6,4.0,True,3300,S,NY5203337
NY,MORNINGSIDE HEIGHTS WD / ERWIN (T),MORNINGSIDE HEIGHTS WD / ERWIN (T),14821,14821|14827|14870,PFOS,4.4,4.0,True,3300,S,NY5001212
NY,NEW WINDSOR CONSOLIDATED WD,NEW WINDSOR CONSOLIDATED WD,12553,12553,PFHxS,3.2,10.0,False,10000,L,NY3503580
NY,NEW YORK AMERICAN WATER - LYNBROOK,NEW YORK AMERICAN WATER - LYNBROOK,11509,11509|11510|11516|11518|11552|11557|11558|11559|11563|11565|11572|11575|11580|11581|11598,PFHxS,6.3,10.0,False,10000,L,NY2902835
NY,NEW YORK AMERICAN WATER - LYNBROOK,NEW YORK AMERICAN WATER - LYNBROOK,11509,11509|11510|11516|11518|11552|11557|11558|11559|11563|11565|11572|11575|11580|11581|11598,PFNA,4.1,10.0,False,10000,L,NY2902835
NY,NEW YORK AMERICAN WATER - LYNBROOK,NEW YORK AMERICAN WATER - LYNBROOK,11509,11509|11510|11516|11518|11552|11557|11558|11559|11563|11565|11572|11575|11580|11581|11598,PFOS,5.1,4.0,True,10000,L,NY2902835
NY,NEWBURGH CONSOLIDATED WD,NEWBURGH CONSOLIDATED WD,12550,12550,PFOA,4.6,4.0,True,10000,L,NY3503578
NY,NORTH POINT CREEK APARTMENTS LTD.,NORTH POINT CREEK APARTMENTS LTD.,12414,12414,PFOS,4.9,4.0,True,3300,S,NY1930059
NY,NYACK VILLAGE WATER SUPPLY,NYACK VILLAGE WATER SUPPLY,10960,10960|10994,PFBS,3.3,2000.0,False,10000,L,NY4303666
NY,NYACK VILLAGE WATER SUPPLY,NYACK VILLAGE WATER SUPPLY,10960,10960|10994,PFOA,9.8,4.0,True,10000,L,NY4303666
NY,NYACK VILLAGE WATER SUPPLY,NYACK VILLAGE WATER SUPPLY,10960,10960|10994,PFOS,5.2,4.0,True,10000,L,NY4303666
NY,OSSINING WATER DEPARTMENT,OSSINING WATER DEPARTMENT,10562,10562,PFOA,4.3,4.0,True,10000,L,NY5903451
NY,PEQUENAKONCK ELEMENTARY SCHOOL,PEQUENAKONCK ELEMENTARY SCHOOL,10560,10560,PFNA,26.4,10.0,True,3300,S,NY5907717
NY,PEQUENAKONCK ELEMENTARY SCHOOL,PEQUENAKONCK ELEMENTARY SCHOOL,10560,10560,PFOA,111.5,4.0,True,3300,S,NY5907717
NY,PEQUENAKONCK ELEMENTARY SCHOOL,PEQUENAKONCK ELEMENTARY SCHOOL,10560,10560,PFOS,10.0,4.0,True,3300,S,NY5907717
NY,PORT WASHINGTON WD,PORT WASHINGTON WD,11030,11030|11050,PFNA,4.2,10.0,False,10000,L,NY2912267
NY,PORT WASHINGTON WD,PORT WASHINGTON WD,11030,11030|11050,PFOA,5.3,4.0,True,10000,L,NY2912267
NY,PORT WASHINGTON WD,PORT WASHINGTON WD,11030,11030|11050,PFOS,4.7,4.0,True,10000,L,NY2912267
NY,RIVERHEAD WD,RIVERHEAD WD,11792,11792|11901|11931|11933|11947|11972,PFOA,4.0,4.0,False,10000,L,NY5103705
NY,RIVERHEAD WD,RIVERHEAD WD,11792,11792|11901|11931|11933|11947|11972,PFOS,5.2,4.0,True,10000,L,NY5103705
NY,ROSLYN WD,ROSLYN WD,11576,11576|11577,PFOA,5.6,4.0,True,10000,L,NY2902851
NY,SALAMANCA CITY,SALAMANCA CITY,14748,14748|14779,PFBS,5.4,2000.0,False,3300,S,NY0400349
NY,SCOTIA VILLAGE WATER WORKS,SCOTIA VILLAGE WATER WORKS,12302,12302,PFHxS,8.0,10.0,False,10000,L,NY4600071
NY,SCOTIA VILLAGE WATER WORKS,SCOTIA VILLAGE WATER WORKS,12302,12302,PFOA,5.0,4.0,True,10000,L,NY4600071
NY,SIDNEY VILLAGE,SIDNEY VILLAGE,13733,13733|13838,PFBS,3.5,2000.0,False,3300,S,NY1200270
NY,SIDNEY VILLAGE,SIDNEY VILLAGE,13733,13733|13838,PFHxS,8.6,10.0,False,3300,S,NY1200270
NY,SIDNEY VILLAGE,SIDNEY VILLAGE,13733,13733|13838,PFOA,10.4,4.0,True,3300,S,NY1200270
NY,SIDNEY VILLAGE,SIDNEY VILLAGE,13733,13733|13838,PFOS,7.1,4.0,True,3300,S,NY1200270
NY,SOMERS TOWN HOUSE/HALL,SOMERS TOWN HOUSE/HALL,10589,10589,PFBS,19.0,2000.0,False,3300,S,NY5906659
NY,SOMERS TOWN HOUSE/HALL,SOMERS TOWN HOUSE/HALL,10589,10589,PFHxS,6.8,10.0,False,3300,S,NY5906659
NY,SOMERS TOWN HOUSE/HALL,SOMERS TOWN HOUSE/HALL,10589,10589,PFOA,21.0,4.0,True,3300,S,NY5906659
NY,SOMERS TOWN HOUSE/HALL,SOMERS TOWN HOUSE/HALL,10589,10589,PFOS,54.7,4.0,True,3300,S,NY5906659
NY,ST JAMES WATER DISTRICT,ST JAMES WATER DISTRICT,11780,11780,PFHxS,3.4,10.0,False,10000,L,NY5103266
NY,ST JAMES WATER DISTRICT,ST JAMES WATER DISTRICT,11780,11780,PFNA,6.6,10.0,False,10000,L,NY5103266
NY,ST JAMES WATER DISTRICT,ST JAMES WATER DISTRICT,11780,11780,PFOA,6.5,4.0,True,10000,L,NY5103266
NY,ST JAMES WATER DISTRICT,ST JAMES WATER DISTRICT,11780,11780,PFOS,4.1,4.0,True,10000,L,NY5103266
NY,"SUEZ WATER WESTCHESTER, INC. RD2","SUEZ WATER WESTCHESTER, INC. RD2",10573,10573|10580,PFOA,6.5,4.0,True,10000,L,NY5903456
NY,SUFFERN VILLAGE,SUFFERN VILLAGE,10901,10901,PFOA,7.4,4.0,True,10000,L,NY4303675
NY,SUFFERN VILLAGE,SUFFERN VILLAGE,10901,10901,PFOS,5.9,4.0,True,10000,L,NY4303675
NY,SUFFOLK COUNTY WATER AUTHORITY,SUFFOLK COUNTY WATER AUTHORITY,11701,11701|11702|11703|11704|11705|11706|11713|11716|11717|11719|11720|11721|11722|11724|11725|11726|11727|11729|11730|11731|11733|11735|11738|11741|11742|11743|11746|11749|11751|11752|11754|11755|11757|11763|11764|11766|11767|11768|11769|11770|11772|11776|11777|11778|11779|11780|11782|11784|11786|11787|11788|11790|11795|11798|11901|11934|11935|11937|11939|11941|11942|11944|11949|11950|11952|11953|11954|11957|11958|11961|11963|11964|11965|11967|11968|11971|11976|11978|11980,PFBS,5.2,2000.0,False,10000,L,NY5110526
NY,SUFFOLK COUNTY WATER AUTHORITY,SUFFOLK COUNTY WATER AUTHORITY,11701,11701|11702|11703|11704|11705|11706|11713|11716|11717|11719|11720|11721|11722|11724|11725|11726|11727|11729|11730|11731|11733|11735|11738|11741|11742|11743|11746|11749|11751|11752|11754|11755|11757|11763|11764|11766|11767|11768|11769|11770|11772|11776|11777|11778|11779|11780|11782|11784|11786|11787|11788|11790|11795|11798|11901|11934|11935|11937|11939|11941|11942|11944|11949|11950|11952|11953|11954|11957|11958|11961|11963|11964|11965|11967|11968|11971|11976|11978|11980,PFHxS,10.8,10.0,True,10000,L,NY5110526
NY,SUFFOLK COUNTY WATER AUTHORITY,SUFFOLK COUNTY WATER AUTHORITY,11701,11701|11702|11703|11704|11705|11706|11713|11716|11717|11719|11720|11721|11722|11724|11725|11726|11727|11729|11730|11731|11733|11735|11738|11741|11742|11743|11746|11749|11751|11752|11754|11755|11757|11763|11764|11766|11767|11768|11769|11770|11772|11776|11777|11778|11779|11780|11782|11784|11786|11787|11788|11790|11795|11798|11901|11934|11935|11937|11939|11941|11942|11944|11949|11950|11952|11953|11954|11957|11958|11961|11963|11964|11965|11967|11968|11971|11976|11978|11980,PFNA,5.7,10.0,False,10000,L,NY5110526
NY,SUFFOLK COUNTY WATER AUTHORITY,SUFFOLK COUNTY WATER AUTHORITY,11701,11701|11702|11703|11704|11705|11706|11713|11716|11717|11719|11720|11721|11722|11724|11725|11726|11727|11729|11730|11731|11733|11735|11738|11741|11742|11743|11746|11749|11751|11752|11754|11755|11757|11763|11764|11766|11767|11768|11769|11770|11772|11776|11777|11778|11779|11780|11782|11784|11786|11787|11788|11790|11795|11798|11901|11934|11935|11937|11939|11941|11942|11944|11949|11950|11952|11953|11954|11957|11958|11961|11963|11964|11965|11967|11968|11971|11976|11978|11980,PFOA,6.5,4.0,True,10000,L,NY5110526
NY,SUFFOLK COUNTY WATER AUTHORITY,SUFFOLK COUNTY WATER AUTHORITY,11701,11701|11702|11703|11704|11705|11706|11713|11716|11717|11719|11720|11721|11722|11724|11725|11726|11727|11729|11730|11731|11733|11735|11738|11741|11742|11743|11746|11749|11751|11752|11754|11755|11757|11763|11764|11766|11767|11768|11769|11770|11772|11776|11777|11778|11779|11780|11782|11784|11786|11787|11788|11790|11795|11798|11901|11934|11935|11937|11939|11941|11942|11944|11949|11950|11952|11953|11954|11957|11958|11961|11963|11964|11965|11967|11968|11971|11976|11978|11980,PFOS,17.4,4.0,True,10000,L,NY5110526
NY,UNITED WAPPINGER WATER IMPROVEMENT DIST.,UNITED WAPPINGER WATER IMPROVEMENT DIST.,12590,12590,PFBS,3.0,2000.0,False,10000,L,NY1330660
NY,VOORHEESVILLE VILLAGE,VOORHEESVILLE VILLAGE,12186,12186,PFOA,4.1,4.0,True,3300,S,NY0100203
NY,Veolia Water NY,Veolia Water NY,10901,10901|10913|10920|10923|10927|10931|10952|10954|10956|10960|10962|10964|10965|10968|10970|10974|10976|10977|10980|10982|10983|10984|10986|10989|10993|10994,PFBS,5.0,2000.0,False,10000,L,NY4303673
NY,Veolia Water NY,Veolia Water NY,10901,10901|10913|10920|10923|10927|10931|10952|10954|10956|10960|10962|10964|10965|10968|10970|10974|10976|10977|10980|10982|10983|10984|10986|10989|10993|10994,PFHxS,6.2,10.0,False,10000,L,NY4303673
NY,Veolia Water NY,Veolia Water NY,10901,10901|10913|10920|10923|10927|10931|10952|10954|10956|10960|10962|10964|10965|10968|10970|10974|10976|10977|10980|10982|10983|10984|10986|10989|10993|10994,PFNA,5.4,10.0,False,10000,L,NY4303673
NY,Veolia Water NY,Veolia Water NY,10901,10901|10913|10920|10923|10927|10931|10952|10954|10956|10960|10962|10964|10965|10968|10970|10974|10976|10977|10980|10982|10983|10984|10986|10989|10993|10994,PFOA,14.0,4.0,True,10000,L,NY4303673
NY,Veolia Water NY,Veolia Water NY,10901,10901|10913|10920|10923|10927|10931|10952|10954|10956|10960|10962|10964|10965|10968|10970|10974|10976|10977|10980|10982|10983|10984|10986|10989|10993|10994,PFOS,6.8,4.0,True,10000,L,NY4303673
NY,WA OF WESTERN NASSAU,WA OF WESTERN NASSAU,11001,11001|11003|11010|11040|11530|11580,PFBS,3.6,2000.0,False,10000,L,NY2902830
NY,WA OF WESTERN NASSAU,WA OF WESTERN NASSAU,11001,11001|11003|11010|11040|11530|11580,PFHxS,4.5,10.0,False,10000,L,NY2902830
NY,WA OF WESTERN NASSAU,WA OF WESTERN NASSAU,11001,11001|11003|11010|11040|11530|11580,PFOA,10.0,4.0,True,10000,L,NY2902830
NY,WA OF WESTERN NASSAU,WA OF WESTERN NASSAU,11001,11001|11003|11010|11040|11530|11580,PFOS,6.1,4.0,True,10000,L,NY2902830
NY,WATERTOWN CITY,WATERTOWN CITY,13601,13601,PFHxS,3.9,10.0,False,10000,L,NY2202346
NY,WATERTOWN CITY,WATERTOWN CITY,13601,13601,PFOA,7.3,4.0,True,10000,L,NY2202346
NY,WAVERLY VILLAGE,WAVERLY VILLAGE,14892,14892,PFOA,5.4,4.0,True,3300,S,NY5304410
NY,WESTBURY WD,WESTBURY WD,11590,11590,PFOA,7.6,4.0,True,10000,L,NY2902856
NY,WILLISTON PARK (V),WILLISTON PARK (V),11596,11596,PFNA,7.8,10.0,False,3300,S,NY2902858
NY,WILLISTON PARK (V),WILLISTON PARK (V),11596,11596,PFOA,5.6,4.0,True,3300,S,NY2902858
NY,YESHIVA FARM SETTLEMENT,YESHIVA FARM SETTLEMENT,10549,10549,PFBS,6.1,2000.0,False,3300,S,NY5903150
NY,YESHIVA FARM SETTLEMENT,YESHIVA FARM SETTLEMENT,10549,10549,PFHxS,51.6,10.0,True,3300,S,NY5903150
NY,YESHIVA FARM SETTLEMENT,YESHIVA FARM SETTLEMENT,10549,10549,PFNA,5.0,10.0,False,3300,S,NY5903150
NY,YESHIVA FARM SETTLEMENT,YESHIVA FARM SETTLEMENT,10549,10549,PFOA,27.8,4.0,True,3300,S,NY5903150
NY,YESHIVA FARM SETTLEMENT,YESHIVA FARM SETTLEMENT,10549,10549,PFOS,106.0,4.0,True,3300,S,NY5903150
NY,YORKTOWN CONSOLD. WATER DIST.#1,YORKTOWN CONSOLD. WATER DIST.#1,10535,10535|10547|10588|10598,PFBS,3.0,2000.0,False,10000,L,NY5903469
NY,YORKTOWN CONSOLD. WATER DIST.#1,YORKTOWN CONSOLD. WATER DIST.#1,10535,10535|10547|10588|10598,PFOA,6.9,4.0,True,10000,L,NY5903469
OH,AKRON CITY PWS,AKRON CITY PWS,44087,44087|44203|44210|44221|44223|44236|44240|44260|44264|44278|44301|44302|44303|44304|44305|44306|44307|44308|44309|44310|44311|44312|44313|44314|44315|44316|44318|44319|44320|44321|44325|44326|44333|44334|44398,PFOA,7.3,4.0,True,10000,L,OH7700011
OH,AQUA OHIO - LAWRENCE COUNTY,AQUA OHIO - LAWRENCE COUNTY,45680,45680,PFOA,4.2,4.0,True,3300,S,OH4400803
OH,"BARNESVILLE, OH","BARNESVILLE, OH",43713,43713,PFOA,8.1,4.0,True,3300,S,OH0700011
OH,BELLAIRE PUBLIC WATER SYSTEM,BELLAIRE PUBLIC WATER SYSTEM,43906,43906,PFBS,3.8,2000.0,False,3300,S,OH0700114
OH,BELLBROOK WATER WORKS,BELLBROOK WATER WORKS,45305,45305|45440,PFBS,6.6,2000.0,False,3300,S,OH2901112
OH,BELLBROOK WATER WORKS,BELLBROOK WATER WORKS,45305,45305|45440,PFHxS,3.3,10.0,False,3300,S,OH2901112
OH,BELLBROOK WATER WORKS,BELLBROOK WATER WORKS,45305,45305|45440,PFOS,4.2,4.0,True,3300,S,OH2901112
OH,BELLEFONTAINE CITY PWS,BELLEFONTAINE CITY PWS,43311,43311,PFBS,3.3,2000.0,False,10000,L,OH4600112
OH,BETHEL VILLAGE PWS,BETHEL VILLAGE PWS,45106,45106,PFOA,7.9,4.0,True,3300,S,OH1300116
OH,BEXLEY CITY PWS,BEXLEY CITY PWS,43209,43209,PFBS,8.3,2000.0,False,10000,L,OH2500103
OH,BEXLEY CITY PWS,BEXLEY CITY PWS,43209,43209,PFOA,5.6,4.0,True,10000,L,OH2500103
OH,BLUFFTON VILLAGE,BLUFFTON VILLAGE,45817,45817,PFBS,6.2,2000.0,False,3300,S,OH0200112
OH,BOWLING GREEN CITY,BOWLING GREEN CITY,43402,43402|43403|43525|43565|43566,PFBS,3.3,2000.0,False,10000,L,OH8700311
OH,BROOKVILLE MUNICIPALITY PWS,BROOKVILLE MUNICIPALITY PWS,45309,45309,PFBS,3.9,2000.0,False,3300,S,OH5700203
OH,BUTLER CO. WATER DISTRICT 2 PWS,BUTLER CO. WATER DISTRICT 2 PWS,45011,45011|45014|45015|45040|45044|45069|45241|45246,PFBS,3.5,2000.0,False,10000,L,OH0900303
OH,BUTLER CO. WATER DISTRICT 2 PWS,BUTLER CO. WATER DISTRICT 2 PWS,45011,45011|45014|45015|45040|45044|45069|45241|45246,PFHxS,4.7,10.0,False,10000,L,OH0900303
OH,CALDWELL VILLAGE PWS,CALDWELL VILLAGE PWS,43724,43724,PFOA,13.0,4.0,True,3300,S,OH6100011
OH,"CAMBRIDGE, CITY OF","CAMBRIDGE, CITY OF",43725,43725,PFOA,5.6,4.0,True,10000,L,OH3000111
OH,CANFIELD CITY PWS,CANFIELD CITY PWS,44406,44406,PFHxS,5.3,10.0,False,3300,S,OH5000503
OH,CANFIELD CITY PWS,CANFIELD CITY PWS,44406,44406,PFOA,4.2,4.0,True,3300,S,OH5000503
OH,CANFIELD CITY PWS,CANFIELD CITY PWS,44406,44406,PFOS,12.4,4.0,True,3300,S,OH5000503
OH,CHILLICOTHE CITY PWS,CHILLICOTHE CITY PWS,45601,45601,PFBS,3.0,2000.0,False,10000,L,OH7100112
OH,CINCINNATI CHILDRENS HOSP IONIZATION SYS,CINCINNATI CHILDRENS HOSP IONIZATION SYS,45229,45229,HFPO-DA (GenX),6.3,10.0,False,3300,S,OH3139912
OH,CINCINNATI PUBLIC WATER SYSTEM,CINCINNATI PUBLIC WATER SYSTEM,45001,45001|45002|45013|45014|45030|45040|45041|45052|45069|45140|45174|45202|45203|45204|45205|45206|45207|45208|45209|45211|45212|45213|45214|45215|45216|45217|45218|45219|45220|45221|45223|45224|45225|45226|45227|45229|45230|45231|45232|45233|45236|45237|45238|45239|45240|45241|45242|45243|45244|45245|45246|45247|45248|45249|45251|45252|45255,PFBS,4.1,2000.0,False,10000,L,OH3102612
OH,CINCINNATI PUBLIC WATER SYSTEM,CINCINNATI PUBLIC WATER SYSTEM,45001,45001|45002|45013|45014|45030|45040|45041|45052|45069|45140|45174|45202|45203|45204|45205|45206|45207|45208|45209|45211|45212|45213|45214|45215|45216|45217|45218|45219|45220|45221|45223|45224|45225|45226|45227|45229|45230|45231|45232|45233|45236|45237|45238|45239|45240|45241|45242|45243|45244|45245|45246|45247|45248|45249|45251|45252|45255,PFOS,6.1,4.0,True,10000,L,OH3102612
OH,CLERMONT PUBLIC WATER SYSTEM,CLERMONT PUBLIC WATER SYSTEM,45102,45102|45103|45122|45140|45150|45157|45158|45160|45244|45245|45255,PFBS,3.1,2000.0,False,10000,L,OH1302212
OH,CLERMONT PUBLIC WATER SYSTEM,CLERMONT PUBLIC WATER SYSTEM,45102,45102|45103|45122|45140|45150|45157|45158|45160|45244|45245|45255,PFOS,10.1,4.0,True,10000,L,OH1302212
OH,COLUMBUS PUBLIC WATER SYSTEM,COLUMBUS PUBLIC WATER SYSTEM,43002,43002|43004|43016|43017|43026|43031|43035|43054|43064|43065|43068|43081|43082|43085|43109|43110|43119|43123|43125|43130|43137|43146|43147|43201|43202|43203|43204|43205|43206|43207|43209|43210|43211|43212|43213|43214|43215|43216|43217|43218|43219|43220|43221|43222|43223|43224|43227|43228|43229|43230|43231|43232|43235|43236|43240,PFBS,11.1,2000.0,False,10000,L,OH2504412
OH,COLUMBUS PUBLIC WATER SYSTEM,COLUMBUS PUBLIC WATER SYSTEM,43002,43002|43004|43016|43017|43026|43031|43035|43054|43064|43065|43068|43081|43082|43085|43109|43110|43119|43123|43125|43130|43137|43146|43147|43201|43202|43203|43204|43205|43206|43207|43209|43210|43211|43212|43213|43214|43215|43216|43217|43218|43219|43220|43221|43222|43223|43224|43227|43228|43229|43230|43231|43232|43235|43236|43240,PFOA,5.3,4.0,True,10000,L,OH2504412
OH,DAYTON PUBLIC WATER SYSTEM,DAYTON PUBLIC WATER SYSTEM,45315,45315|45322|45377|45402|45403|45404|45405|45406|45408|45409|45410|45414|45415|45416|45417|45419|45420|45424|45426|45427|45428|45431|45432|45439,PFBS,3.0,2000.0,False,10000,L,OH5703512
OH,DAYTON PUBLIC WATER SYSTEM,DAYTON PUBLIC WATER SYSTEM,45315,45315|45322|45377|45402|45403|45404|45405|45406|45408|45409|45410|45414|45415|45416|45417|45419|45420|45424|45426|45427|45428|45431|45432|45439,PFHxS,9.8,10.0,False,10000,L,OH5703512
OH,DAYTON PUBLIC WATER SYSTEM,DAYTON PUBLIC WATER SYSTEM,45315,45315|45322|45377|45402|45403|45404|45405|45406|45408|45409|45410|45414|45415|45416|45417|45419|45420|45424|45426|45427|45428|45431|45432|45439,PFOS,10.0,4.0,True,10000,L,OH5703512
OH,DAYTON VA BLDG 410,DAYTON VA BLDG 410,45428,45428,PFHxS,10.7,10.0,True,3300,S,OH5750618
OH,DAYTON VA BLDG 410,DAYTON VA BLDG 410,45428,45428,PFOS,10.5,4.0,True,3300,S,OH5750618
OH,"DEL-CO WATER COMPANY, INC.","DEL-CO WATER COMPANY, INC.",40233,40233|43003|43011|43015|43016|43017|43019|43021|43031|43032|43035|43040|43050|43054|43061|43064|43065|43066|43074|43081|43082|43085|43086|43209|43235|43301|43302|43314|43315|43317|43320|43321|43325|43334|43338|43350|43356|44035|44833,PFBS,4.3,2000.0,False,10000,L,OH2101412
OH,"DEL-CO WATER COMPANY, INC.","DEL-CO WATER COMPANY, INC.",40233,40233|43003|43011|43015|43016|43017|43019|43021|43031|43032|43035|43040|43050|43054|43061|43064|43065|43066|43074|43081|43082|43085|43086|43209|43235|43301|43302|43314|43315|43317|43320|43321|43325|43334|43338|43350|43356|44035|44833,PFOA,4.2,4.0,True,10000,L,OH2101412
OH,EAST LIVERPOOL CITY,EAST LIVERPOOL CITY,43920,43920,PFBS,5.1,2000.0,False,10000,L,OH1500811
OH,FAIRFIELD CITY PWS,FAIRFIELD CITY PWS,45014,45014,HFPO-DA (GenX),5.7,10.0,False,10000,L,OH0900715
OH,FRANKLIN PUBLIC WATER SYSTEM,FRANKLIN PUBLIC WATER SYSTEM,45005,45005,PFOS,4.1,4.0,True,10000,L,OH8300412
OH,GALLIA CO RURAL WATER ASSOCIATION,GALLIA CO RURAL WATER ASSOCIATION,45614,45614|45620|45623|45631|45640|45656|45658|45674|45685|45686|45688|45760|45775,PFOA,7.5,4.0,True,10000,L,OH2700012
OH,GALLIPOLIS  PWS,GALLIPOLIS  PWS,45631,45631,PFOA,7.2,4.0,True,3300,S,OH2700112
OH,GEORGETOWN VILLAGE PWS,GEORGETOWN VILLAGE PWS,45121,45121,PFOA,4.7,4.0,True,3300,S,OH0800503
OH,GIRARD CITY PWS,GIRARD CITY PWS,44420,44420|44505,PFBS,3.4,2000.0,False,10000,L,OH7801103
OH,GIRARD CITY PWS,GIRARD CITY PWS,44420,44420|44505,PFHxS,10.3,10.0,True,10000,L,OH7801103
OH,GIRARD CITY PWS,GIRARD CITY PWS,44420,44420|44505,PFOS,20.1,4.0,True,10000,L,OH7801103
OH,GRANDVIEW MEDICAL CENTER PWS,GRANDVIEW MEDICAL CENTER PWS,45405,45405,PFBS,3.6,2000.0,False,3300,S,OH5750615
OH,GRANDVIEW MEDICAL CENTER PWS,GRANDVIEW MEDICAL CENTER PWS,45405,45405,PFHxS,10.5,10.0,True,3300,S,OH5750615
OH,GRANDVIEW MEDICAL CENTER PWS,GRANDVIEW MEDICAL CENTER PWS,45405,45405,PFOS,7.1,4.0,True,3300,S,OH5750615
OH,GREENVILLE CITY PWS,GREENVILLE CITY PWS,45331,45331,PFHxS,5.9,10.0,False,10000,L,OH1900714
OH,GREENVILLE CITY PWS,GREENVILLE CITY PWS,45331,45331,PFOS,6.3,4.0,True,10000,L,OH1900714
OH,GUERNSEY CO. WATER DEPT.,GUERNSEY CO. WATER DEPT.,43722,43722|43723|43725|43733|43749|43755|43768|43772|43773|43778|43780|43973,PFOA,9.8,4.0,True,3300,S,OH3000603
OH,HAMILTON PUBLIC WATER SYSTEM,HAMILTON PUBLIC WATER SYSTEM,45011,45011|45013|45014|45015,PFBS,3.6,2000.0,False,10000,L,OH0904012
OH,HAMILTON PUBLIC WATER SYSTEM,HAMILTON PUBLIC WATER SYSTEM,45011,45011|45013|45014|45015,PFHxS,4.1,10.0,False,10000,L,OH0904012
OH,HAMILTON PUBLIC WATER SYSTEM,HAMILTON PUBLIC WATER SYSTEM,45011,45011|45013|45014|45015,PFOA,5.3,4.0,True,10000,L,OH0904012
OH,HECLA WATER ASSOCIATION-PLANT PWS,HECLA WATER ASSOCIATION-PLANT PWS,45619,45619|45623|45638|45645|45659|45669|45675|45678|45680|45682|45688|45696,HFPO-DA (GenX),5.5,10.0,False,10000,L,OH4401612
OH,HECLA WATER ASSOCIATION-PLANT PWS,HECLA WATER ASSOCIATION-PLANT PWS,45619,45619|45623|45638|45645|45659|45669|45675|45678|45680|45682|45688|45696,PFBS,3.1,2000.0,False,10000,L,OH4401612
OH,HECLA WATER ASSOCIATION-PLANT PWS,HECLA WATER ASSOCIATION-PLANT PWS,45619,45619|45623|45638|45645|45659|45669|45675|45678|45680|45682|45688|45696,PFOA,6.8,4.0,True,10000,L,OH4401612
OH,INDIAN HILL CITY PWS,INDIAN HILL CITY PWS,45111,45111|45150|45174|45242|45243,PFBS,4.0,2000.0,False,10000,L,OH3101112
OH,INDIAN HILL CITY PWS,INDIAN HILL CITY PWS,45111,45111|45150|45174|45242|45243,PFOS,12.4,4.0,True,10000,L,OH3101112
OH,IRONTON  PWS,IRONTON  PWS,45638,45638,HFPO-DA (GenX),6.7,10.0,False,10000,L,OH4400711
OH,IRONTON  PWS,IRONTON  PWS,45638,45638,PFBS,3.1,2000.0,False,10000,L,OH4400711
OH,IRONTON  PWS,IRONTON  PWS,45638,45638,PFOA,5.5,4.0,True,10000,L,OH4400711
OH,JACKSON/MILTON METRO WATER DISTRICT PWS,JACKSON/MILTON METRO WATER DISTRICT PWS,44401,44401|44412|44429|44451,PFHxS,3.7,10.0,False,3300,S,OH5054212
OH,JACKSON/MILTON METRO WATER DISTRICT PWS,JACKSON/MILTON METRO WATER DISTRICT PWS,44401,44401|44412|44429|44451,PFOS,7.9,4.0,True,3300,S,OH5054212
OH,JEFFERSON CO W AND S DISTRICT - M,JEFFERSON CO W AND S DISTRICT - M,43903,43903|43908|43910|43925|43926|43930|43932|43944|43952|43953|43964|43970,PFBS,3.1,2000.0,False,10000,L,OH4101103
OH,JEFFERSON CO W AND S DISTRICT- A,JEFFERSON CO W AND S DISTRICT- A,43913,43913|43963,PFBS,3.4,2000.0,False,3300,S,OH4100803
OH,KINGS ISLAND PWS,KINGS ISLAND PWS,45034,45034,PFBS,4.6,2000.0,False,10000,L,OH8345615
OH,KINGS ISLAND PWS,KINGS ISLAND PWS,45034,45034,PFOS,28.9,4.0,True,10000,L,OH8345615
OH,LEADING CREEK CONSERVANCY DISTRICT,LEADING CREEK CONSERVANCY DISTRICT,45631,45631|45686|45695|45710|45760|45769|45775,PFOA,7.6,4.0,True,3300,S,OH5300012
OH,LORDSTOWN VILLAGE PWS,LORDSTOWN VILLAGE PWS,44481,44481,PFHxS,6.4,10.0,False,3300,S,OH7804403
OH,LORDSTOWN VILLAGE PWS,LORDSTOWN VILLAGE PWS,44481,44481,PFOS,16.0,4.0,True,3300,S,OH7804403
OH,LOVELAND CITY PWS,LOVELAND CITY PWS,45140,45140,PFBS,3.0,2000.0,False,10000,L,OH1300812
OH,LOVELAND CITY PWS,LOVELAND CITY PWS,45140,45140,PFOS,16.0,4.0,True,10000,L,OH1300812
OH,MARIETTA CITY PWS,MARIETTA CITY PWS,45750,45750,PFBS,4.7,2000.0,False,10000,L,OH8400412
OH,MARIETTA CITY PWS,MARIETTA CITY PWS,45750,45750,PFOA,5.2,4.0,True,10000,L,OH8400412
OH,MARIETTA CITY PWS,MARIETTA CITY PWS,45750,45750,PFOS,5.6,4.0,True,10000,L,OH8400412
OH,MARTINS FERRY PUBLIC WATER SYSTEM,MARTINS FERRY PUBLIC WATER SYSTEM,43912,43912|43935,PFOA,6.1,4.0,True,3300,S,OH0701212
OH,MAYSVILLE REGIONAL WATER,MAYSVILLE REGIONAL WATER,43701,43701,PFOA,4.0,4.0,False,3300,S,OH6001411
OH,MCDONALD VILLAGE PWS,MCDONALD VILLAGE PWS,44420,44420|44437|44440|44446,PFBS,3.1,2000.0,False,3300,S,OH7802003
OH,MCDONALD VILLAGE PWS,MCDONALD VILLAGE PWS,44420,44420|44437|44440|44446,PFHxS,10.2,10.0,True,3300,S,OH7802003
OH,MCDONALD VILLAGE PWS,MCDONALD VILLAGE PWS,44420,44420|44437|44440|44446,PFOS,21.2,4.0,True,3300,S,OH7802003
OH,MIDDLETOWN CITY PWS,MIDDLETOWN CITY PWS,45042,45042,PFOS,4.3,4.0,True,10000,L,OH0901712
OH,MILFORD CITY PWS,MILFORD CITY PWS,45150,45150,PFBS,5.4,2000.0,False,3300,S,OH1301012
OH,MILFORD CITY PWS,MILFORD CITY PWS,45150,45150,PFHxS,3.2,10.0,False,3300,S,OH1301012
OH,MILFORD CITY PWS,MILFORD CITY PWS,45150,45150,PFOA,4.1,4.0,True,3300,S,OH1301012
OH,MILFORD CITY PWS,MILFORD CITY PWS,45150,45150,PFOS,7.8,4.0,True,3300,S,OH1301012
OH,MONTGOMERY COUNTY WATER SERVICES 1 PWS,MONTGOMERY COUNTY WATER SERVICES 1 PWS,45342,45342|45409|45439|45440,PFBS,3.2,2000.0,False,10000,L,OH5701315
OH,MONTGOMERY COUNTY WATER SERVICES 1 PWS,MONTGOMERY COUNTY WATER SERVICES 1 PWS,45342,45342|45409|45439|45440,PFHxS,10.7,10.0,True,10000,L,OH5701315
OH,MONTGOMERY COUNTY WATER SERVICES 1 PWS,MONTGOMERY COUNTY WATER SERVICES 1 PWS,45342,45342|45409|45439|45440,PFOS,9.6,4.0,True,10000,L,OH5701315
OH,MONTGOMERY COUNTY WATER SERVICES 2 PWS,MONTGOMERY COUNTY WATER SERVICES 2 PWS,45309,45309|45414|45416|45417|45431,PFBS,3.0,2000.0,False,10000,L,OH5701503
OH,MONTGOMERY COUNTY WATER SERVICES 2 PWS,MONTGOMERY COUNTY WATER SERVICES 2 PWS,45309,45309|45414|45416|45417|45431,PFHxS,9.4,10.0,False,10000,L,OH5701503
OH,MONTGOMERY COUNTY WATER SERVICES 2 PWS,MONTGOMERY COUNTY WATER SERVICES 2 PWS,45309,45309|45414|45416|45417|45431,PFOS,7.6,4.0,True,10000,L,OH5701503
OH,MUSKINGUM COUNTY WATER - SE,MUSKINGUM COUNTY WATER - SE,43143,43143|43701|43720|43727|43734|43740|43746|43767|43777|43802|43830,PFBS,4.4,2000.0,False,10000,L,OH6000412
OH,NAPOLEON CITY,NAPOLEON CITY,43532,43532|43534|43535|43545,PFBS,3.6,2000.0,False,3300,S,OH3500811
OH,NEW CARLISLE CITY PWS,NEW CARLISLE CITY PWS,45344,45344,PFBS,5.5,2000.0,False,3300,S,OH1203312
OH,NEWTON FALLS CITY,NEWTON FALLS CITY,44430,44430|44444|44481,PFBS,220.0,2000.0,False,3300,S,OH7802311
OH,NEWTON FALLS CITY,NEWTON FALLS CITY,44430,44430|44444|44481,PFOA,6.7,4.0,True,3300,S,OH7802311
OH,NEWTON FALLS CITY,NEWTON FALLS CITY,44430,44430|44444|44481,PFOS,5.6,4.0,True,3300,S,OH7802311
OH,NILES CITY PWS,NILES CITY PWS,44446,44446,PFHxS,3.6,10.0,False,10000,L,OH7802403
OH,NILES CITY PWS,NILES CITY PWS,44446,44446,PFOS,9.0,4.0,True,10000,L,OH7802403
OH,OAKWOOD CITY PWS,OAKWOOD CITY PWS,45409,45409|45419,PFBS,5.3,2000.0,False,3300,S,OH5701915
OH,OAKWOOD CITY PWS,OAKWOOD CITY PWS,45409,45409|45419,PFHxS,3.5,10.0,False,3300,S,OH5701915
OH,OBERLIN WATER DEPARTMENT,OBERLIN WATER DEPARTMENT,44074,44074,PFBS,3.0,2000.0,False,3300,S,OH4700911
OH,OTTAWA VILLAGE,OTTAWA VILLAGE,45817,45817|45848|45864|45875,PFBS,8.1,2000.0,False,3300,S,OH6900711
OH,OXFORD CITY PWS,OXFORD CITY PWS,45056,45056,PFBS,12.6,2000.0,False,10000,L,OH0902312
OH,PORTSMOUTH PUBLIC WATER SYSTEM,PORTSMOUTH PUBLIC WATER SYSTEM,45662,45662|45663|45694,PFBS,3.5,2000.0,False,10000,L,OH7300111
OH,PORTSMOUTH PUBLIC WATER SYSTEM,PORTSMOUTH PUBLIC WATER SYSTEM,45662,45662|45663|45694,PFOA,5.4,4.0,True,10000,L,OH7300111
OH,PUTNAM COMMUNITY WATER ASSOCIATION PWS,PUTNAM COMMUNITY WATER ASSOCIATION PWS,45750,45750,PFHxS,3.5,10.0,False,3300,S,OH8400712
OH,PUTNAM COMMUNITY WATER ASSOCIATION PWS,PUTNAM COMMUNITY WATER ASSOCIATION PWS,45750,45750,PFOA,16.9,4.0,True,3300,S,OH8400712
OH,SANITARY DISTRICT #4,SANITARY DISTRICT #4,43215,43215,PFBS,11.0,2000.0,False,3300,S,OH2501003
OH,SANITARY DISTRICT #4,SANITARY DISTRICT #4,43215,43215,PFOA,7.2,4.0,True,3300,S,OH2501003
OH,"SCIOTO WATER, INC.-SUGAR CAMP","SCIOTO WATER, INC.-SUGAR CAMP",45629,45629|45636|45638|45659|45694,PFHxS,4.2,10.0,False,3300,S,OH7300903
OH,SHADYSIDE PUBLIC WATER SYSTEM,SHADYSIDE PUBLIC WATER SYSTEM,43947,43947,PFBS,11.0,2000.0,False,3300,S,OH0701612
OH,SHADYSIDE PUBLIC WATER SYSTEM,SHADYSIDE PUBLIC WATER SYSTEM,43947,43947,PFHxS,11.0,10.0,True,3300,S,OH0701612
OH,SHADYSIDE PUBLIC WATER SYSTEM,SHADYSIDE PUBLIC WATER SYSTEM,43947,43947,PFNA,4.0,10.0,False,3300,S,OH0701612
OH,SHADYSIDE PUBLIC WATER SYSTEM,SHADYSIDE PUBLIC WATER SYSTEM,43947,43947,PFOA,6.0,4.0,True,3300,S,OH0701612
OH,SOUTH POINT VILLAGE,SOUTH POINT VILLAGE,45680,45680,PFBS,4.0,2000.0,False,3300,S,OH4401212
OH,SOUTH POINT VILLAGE,SOUTH POINT VILLAGE,45680,45680,PFHxS,8.5,10.0,False,3300,S,OH4401212
OH,SOUTHWEST REGIONAL WATER DISTRICT,SOUTHWEST REGIONAL WATER DISTRICT,45003,45003|45005|45011|45013|45014|45030|45042|45053|45056|45064|45067|45070|45311|45327|47003|47010|47012|47016|47060,PFBS,3.1,2000.0,False,10000,L,OH0903912
OH,SPRINGBORO PWS,SPRINGBORO PWS,45066,45066,PFBS,4.2,2000.0,False,10000,L,OH8301412
OH,SPRINGBORO PWS,SPRINGBORO PWS,45066,45066,PFHxS,3.8,10.0,False,10000,L,OH8301412
OH,SPRINGBORO PWS,SPRINGBORO PWS,45066,45066,PFOA,6.9,4.0,True,10000,L,OH8301412
OH,SPRINGBORO PWS,SPRINGBORO PWS,45066,45066,PFOS,5.7,4.0,True,10000,L,OH8301412
OH,"ST. CLAIRSVILLE, CITY OF PWS","ST. CLAIRSVILLE, CITY OF PWS",43950,43950,PFOA,6.4,4.0,True,3300,S,OH0701516
OH,TATE-MONROE WATER ASSOCIATION PWS,TATE-MONROE WATER ASSOCIATION PWS,45102,45102|45103|45106|45112|45120|45130|45153|45156|45157|45176,PFOA,7.4,4.0,True,10000,L,OH1301312
OH,TORONTO PWS,TORONTO PWS,43964,43964,PFBS,3.5,2000.0,False,3300,S,OH4102811
OH,TRENTON CITY PWS,TRENTON CITY PWS,45067,45067,PFBS,3.0,2000.0,False,10000,L,OH0903012
OH,TRENTON CITY PWS,TRENTON CITY PWS,45067,45067,PFHxS,3.1,10.0,False,10000,L,OH0903012
OH,TROTWOOD CITY PWS,TROTWOOD CITY PWS,45426,45426,PFBS,3.2,2000.0,False,3300,S,OH5702403
OH,TRUMBULL CO.-HOWLAND TWP PWS,TRUMBULL CO.-HOWLAND TWP PWS,44410,44410|44473|44484,PFHxS,5.6,10.0,False,3300,S,OH7806303
OH,TRUMBULL CO.-HOWLAND TWP PWS,TRUMBULL CO.-HOWLAND TWP PWS,44410,44410|44473|44484,PFOA,4.4,4.0,True,3300,S,OH7806303
OH,TRUMBULL CO.-HOWLAND TWP PWS,TRUMBULL CO.-HOWLAND TWP PWS,44410,44410|44473|44484,PFOS,13.0,4.0,True,3300,S,OH7806303
OH,TRUMBULL CO.-SOUTHEAST PWS,TRUMBULL CO.-SOUTHEAST PWS,44403,44403|44417|44420|44425|44438|44446|44473|44481|44483|44484,PFHxS,4.2,10.0,False,3300,S,OH7803203
OH,TRUMBULL CO.-SOUTHEAST PWS,TRUMBULL CO.-SOUTHEAST PWS,44403,44403|44417|44420|44425|44438|44446|44473|44481|44483|44484,PFOA,4.0,4.0,False,3300,S,OH7803203
OH,TRUMBULL CO.-SOUTHEAST PWS,TRUMBULL CO.-SOUTHEAST PWS,44403,44403|44417|44420|44425|44438|44446|44473|44481|44483|44484,PFOS,9.1,4.0,True,3300,S,OH7803203
OH,UNION CITY PWS,UNION CITY PWS,45322,45322|45371|45377|45383,PFBS,20.0,2000.0,False,3300,S,OH5702512
OH,UNION CITY PWS,UNION CITY PWS,45322,45322|45371|45377|45383,PFOA,4.8,4.0,True,3300,S,OH5702512
OH,WARREN COMM W AND S ASSN 2,WARREN COMM W AND S ASSN 2,45714,45714|45729|45744|45750|45786,PFBS,6.3,2000.0,False,3300,S,OH8402703
OH,WARREN COMM W AND S ASSN 2,WARREN COMM W AND S ASSN 2,45714,45714|45729|45744|45750|45786,PFOA,20.0,4.0,True,3300,S,OH8402703
OH,WATERFORD WATER/SEWER ASSOCIATION,WATERFORD WATER/SEWER ASSOCIATION,45786,45786,PFBS,6.1,2000.0,False,3300,S,OH8401112
OH,WAUSEON CITY,WAUSEON CITY,43567,43567,PFBS,5.4,2000.0,False,3300,S,OH2600111
OH,WAUSEON CITY,WAUSEON CITY,43567,43567,PFNA,4.6,10.0,False,3300,S,OH2600111
OH,WAVERLY CITY PWS,WAVERLY CITY PWS,45690,45690,PFNA,5.3,10.0,False,3300,S,OH6600912
OH,WESTERN WATER COMPANY,WESTERN WATER COMPANY,45036,45036|45039|45054|45065|45068|45107|45113|45114|45118|45122|45140|45152|45154|45158|45160|45162|45164|45177,PFOS,14.1,4.0,True,10000,L,OH8300512
OH,WILMINGTON CITY PWS,WILMINGTON CITY PWS,45177,45177,PFHxS,7.0,10.0,False,10000,L,OH1401211
OH,WILMINGTON CITY PWS,WILMINGTON CITY PWS,45177,45177,PFOS,7.3,4.0,True,10000,L,OH1401211
OH,WOOSTER CITY PWS,WOOSTER CITY PWS,44691,44691,PFBS,14.2,2000.0,False,10000,L,OH8504512
OH,WOOSTER CITY PWS,WOOSTER CITY PWS,44691,44691,PFHxS,3.3,10.0,False,10000,L,OH8504512
OH,WOOSTER CITY PWS,WOOSTER CITY PWS,44691,44691,PFOA,4.8,4.0,True,10000,L,OH8504512
OH,WRIGHT-PATTERSON AFB AREA A PWS,WRIGHT-PATTERSON AFB AREA A PWS,45433,45433,PFBS,7.4,2000.0,False,10000,L,OH2903412
OH,WRIGHT-PATTERSON AFB AREA A PWS,WRIGHT-PATTERSON AFB AREA A PWS,45433,45433,PFHxS,13.0,10.0,True,10000,L,OH2903412
OH,WRIGHT-PATTERSON AFB AREA A PWS,WRIGHT-PATTERSON AFB AREA A PWS,45433,45433,PFOS,5.0,4.0,True,10000,L,OH2903412
OH,WRIGHT-PATTERSON AFB AREA B PWS,WRIGHT-PATTERSON AFB AREA B PWS,45433,45433,PFBS,4.8,2000.0,False,10000,L,OH2903312
OH,WRIGHT-PATTERSON AFB AREA B PWS,WRIGHT-PATTERSON AFB AREA B PWS,45433,45433,PFHxS,19.0,10.0,True,10000,L,OH2903312
OH,WRIGHT-PATTERSON AFB AREA B PWS,WRIGHT-PATTERSON AFB AREA B PWS,45433,45433,PFOA,5.5,4.0,True,10000,L,OH2903312
OH,WRIGHT-PATTERSON AFB AREA B PWS,WRIGHT-PATTERSON AFB AREA B PWS,45433,45433,PFOS,14.0,4.0,True,10000,L,OH2903312
OH,YELLOW SPRINGS VILLAGE PWS,YELLOW SPRINGS VILLAGE PWS,45387,45387,PFOS,9.2,4.0,True,3300,S,OH2903012
OH,YOUNGSTOWN CITY PWS,YOUNGSTOWN CITY PWS,44406,44406|44437|44440|44502|44503|44504|44505|44506|44507|44509|44510|44511|44512|44514|44515,PFHxS,7.5,10.0,False,10000,L,OH5002303
OH,YOUNGSTOWN CITY PWS,YOUNGSTOWN CITY PWS,44406,44406|44437|44440|44502|44503|44504|44505|44506|44507|44509|44510|44511|44512|44514|44515,PFOS,19.3,4.0,True,10000,L,OH5002303
OH,ZANESVILLE PWS,ZANESVILLE PWS,43701,43701,PFBS,3.1,2000.0,False,10000,L,OH6002712
OK,ALTUS,ALTUS,73521,73521,PFHxS,3.3,10.0,False,10000,L,OK1011501
OK,BETHANY,BETHANY,73008,73008,PFBS,3.3,2000.0,False,10000,L,OK2005519
OK,BETHANY,BETHANY,73008,73008,PFHxS,9.0,10.0,False,10000,L,OK2005519
OK,BETHANY,BETHANY,73008,73008,PFOA,5.3,4.0,True,10000,L,OK2005519
OK,BETHANY,BETHANY,73008,73008,PFOS,5.2,4.0,True,10000,L,OK2005519
OK,BROKEN ARROW MUNICIPAL AUTHORITY,BROKEN ARROW MUNICIPAL AUTHORITY,74011,74011|74012|74013|74014,PFBS,4.5,2000.0,False,10000,L,OK1021508
OK,BROKEN ARROW MUNICIPAL AUTHORITY,BROKEN ARROW MUNICIPAL AUTHORITY,74011,74011|74012|74013|74014,PFHxS,15.2,10.0,True,10000,L,OK1021508
OK,BROKEN ARROW MUNICIPAL AUTHORITY,BROKEN ARROW MUNICIPAL AUTHORITY,74011,74011|74012|74013|74014,PFOS,51.3,4.0,True,10000,L,OK1021508
OK,CHEROKEE CO. RWD #11,CHEROKEE CO. RWD #11,,,PFBS,4.1,2000.0,False,3300,S,OK1221637
OK,COWETA,COWETA,74429,74429,PFHxS,5.5,10.0,False,3300,S,OK1021509
OK,EDMOND PWA - ARCADIA,EDMOND PWA - ARCADIA,73083,73083,PFBS,4.7,2000.0,False,10000,L,OK1020723
OK,EDMOND PWA - ARCADIA,EDMOND PWA - ARCADIA,73083,73083,PFHxS,4.5,10.0,False,10000,L,OK1020723
OK,EDMOND PWA - ARCADIA,EDMOND PWA - ARCADIA,73083,73083,PFOS,6.4,4.0,True,10000,L,OK1020723
OK,FREDERICK,FREDERICK,73542,73542,PFHxS,3.0,10.0,False,3300,S,OK1011401
OK,GUTHRIE,GUTHRIE,73044,73044,PFBS,3.8,2000.0,False,3300,S,OK1020903
OK,KAY CO RWD #5 (DALE WATER CORP),KAY CO RWD #5 (DALE WATER CORP),,,PFBS,4.2,2000.0,False,3300,S,OK3003603
OK,KAY CO RWD #5 (DALE WATER CORP),KAY CO RWD #5 (DALE WATER CORP),,,PFHxS,9.5,10.0,False,3300,S,OK3003603
OK,KAY CO RWD #5 (DALE WATER CORP),KAY CO RWD #5 (DALE WATER CORP),,,PFOS,23.0,4.0,True,3300,S,OK3003603
OK,LOGAN CO RWD #1,LOGAN CO RWD #1,73025,73025|73034|73044,PFBS,5.9,2000.0,False,3300,S,OK2004207
OK,LOGAN CO RWD #1,LOGAN CO RWD #1,73025,73025|73034|73044,PFOA,4.3,4.0,True,3300,S,OK2004207
OK,MAYES CO RWD # 2,MAYES CO RWD # 2,74036,74036|74337|74352|74361|74362|74467,PFOS,17.7,4.0,True,3300,S,OK3004608
OK,NOBLE,NOBLE,73068,73068,PFHxS,7.1,10.0,False,3300,S,OK2001411
OK,NORMAN,NORMAN,73019,73019|73069|73070|73071|73072,PFBS,3.0,2000.0,False,10000,L,OK1020801
OK,NOWATA MUNICIPAL AUTHORITY,NOWATA MUNICIPAL AUTHORITY,74048,74048,PFHxS,4.8,10.0,False,3300,S,OK1021503
OK,NOWATA MUNICIPAL AUTHORITY,NOWATA MUNICIPAL AUTHORITY,74048,74048,PFOS,9.4,4.0,True,3300,S,OK1021503
OK,OKLA ORDNANCE WORKS AUTHORITY,OKLA ORDNANCE WORKS AUTHORITY,74019,74019|74036|74337|74361|74362|74365,PFOS,5.7,4.0,True,3300,S,OK1021602
OK,PONCA CITY MUN WATER,PONCA CITY MUN WATER,74604,74604,PFBS,5.3,2000.0,False,10000,L,OK1021202
OK,PONCA CITY MUN WATER,PONCA CITY MUN WATER,74604,74604,PFHxS,6.7,10.0,False,10000,L,OK1021202
OK,PONCA CITY MUN WATER,PONCA CITY MUN WATER,74604,74604,PFOS,8.1,4.0,True,10000,L,OK1021202
OK,STILLWATER WATER PLANT,STILLWATER WATER PLANT,74074,74074,PFBS,3.0,2000.0,False,10000,L,OK1021220
OK,STILLWATER WATER PLANT,STILLWATER WATER PLANT,74074,74074,PFHxS,6.4,10.0,False,10000,L,OK1021220
OK,STILLWATER WATER PLANT,STILLWATER WATER PLANT,74074,74074,PFOS,8.6,4.0,True,10000,L,OK1021220
OK,TAHLEQUAH PWA,TAHLEQUAH PWA,74451,74451|74464,PFBS,5.7,2000.0,False,10000,L,OK1021701
OK,TINKER AFB BIO-ENV ENG,TINKER AFB BIO-ENV ENG,73145,73145,PFHxS,5.2,10.0,False,10000,L,OK2005508
OK,TRI-COUNTY RWD #2,TRI-COUNTY RWD #2,,,PFHxS,22.0,10.0,True,3300,S,OK2006362
OK,TRI-COUNTY RWD #2,TRI-COUNTY RWD #2,,,PFOS,6.0,4.0,True,3300,S,OK2006362
OK,TUTTLE,TUTTLE,73089,73089,PFBS,3.9,2000.0,False,3300,S,OK2002608
OK,WAGONER CO. RWD #4,WAGONER CO. RWD #4,74014,74014|74015|74429|74436,PFBS,3.9,2000.0,False,10000,L,OK1021529
OK,WAGONER CO. RWD #4,WAGONER CO. RWD #4,74014,74014|74015|74429|74436,PFHxS,12.3,10.0,True,10000,L,OK1021529
OK,WAGONER CO. RWD #4,WAGONER CO. RWD #4,74014,74014|74015|74429|74436,PFOS,29.5,4.0,True,10000,L,OK1021529
OK,WAGONER CO. RWD #5,WAGONER CO. RWD #5,74011,74011|74014|74429|74454|74458,PFBS,3.2,2000.0,False,3300,S,OK1021528
OK,WAGONER CO. RWD #5,WAGONER CO. RWD #5,74011,74011|74014|74429|74454|74458,PFHxS,15.0,10.0,True,3300,S,OK1021528
OK,WAGONER CO. RWD #5,WAGONER CO. RWD #5,74011,74011|74014|74429|74454|74458,PFOS,34.0,4.0,True,3300,S,OK1021528
OR,BEND WATER DEPARTMENT,BEND WATER DEPARTMENT,97701,97701|97702|97703,PFOA,7.9,4.0,True,10000,L,OR4100100
OR,"DUNDEE, CITY OF","DUNDEE, CITY OF",97115,97115|97132,PFOS,5.4,4.0,True,3300,S,OR4100262
OR,"HERMISTON, CITY OF","HERMISTON, CITY OF",97838,97838,PFBS,10.0,2000.0,False,10000,L,OR4100372
OR,"HERMISTON, CITY OF","HERMISTON, CITY OF",97838,97838,PFHxS,12.0,10.0,True,10000,L,OR4100372
OR,"HERMISTON, CITY OF","HERMISTON, CITY OF",97838,97838,PFOS,12.0,4.0,True,10000,L,OR4100372
OR,INDEPENDENCE WATER SYSTEM,INDEPENDENCE WATER SYSTEM,97351,97351,PFBS,3.4,2000.0,False,3300,S,OR4100399
OR,"KEIZER, CITY OF","KEIZER, CITY OF",97303,97303,PFHxS,3.9,10.0,False,10000,L,OR4100744
OR,KLAMATH FALLS WATER DEPT,KLAMATH FALLS WATER DEPT,97601,97601|97603,PFBS,4.3,2000.0,False,10000,L,OR4100443
OR,KLAMATH FALLS WATER DEPT,KLAMATH FALLS WATER DEPT,97601,97601|97603,PFHxS,5.8,10.0,False,10000,L,OR4100443
OR,KLAMATH FALLS WATER DEPT,KLAMATH FALLS WATER DEPT,97601,97601|97603,PFOS,9.5,4.0,True,10000,L,OR4100443
OR,MARCOLA WATER DISTRICT,MARCOLA WATER DISTRICT,97454,97454|97478,PFHxS,7.4,10.0,False,3300,S,OR4100508
OR,MARCOLA WATER DISTRICT,MARCOLA WATER DISTRICT,97454,97454|97478,PFOS,6.8,4.0,True,3300,S,OR4100508
OR,"MILTON-FREEWATER, CITY OF","MILTON-FREEWATER, CITY OF",,,PFHxS,3.2,10.0,False,3300,S,OR4100522
OR,"MILTON-FREEWATER, CITY OF","MILTON-FREEWATER, CITY OF",,,PFOS,7.2,4.0,True,3300,S,OR4100522
OR,"MILWAUKIE, CITY OF","MILWAUKIE, CITY OF",97206,97206|97222,PFOS,7.0,4.0,True,10000,L,OR4100528
OR,"PENDLETON, CITY OF","PENDLETON, CITY OF",97801,97801,PFHxS,4.8,10.0,False,10000,L,OR4100613
OR,RAINBOW WATER DISTRICT,RAINBOW WATER DISTRICT,97477,97477,PFBS,3.8,2000.0,False,3300,S,OR4100839
OR,RAINBOW WATER DISTRICT,RAINBOW WATER DISTRICT,97477,97477,PFOA,4.2,4.0,True,3300,S,OR4100839
OR,RAINBOW WATER DISTRICT,RAINBOW WATER DISTRICT,97477,97477,PFOS,9.4,4.0,True,3300,S,OR4100839
OR,RUCH ELEMENTARY SD 549,RUCH ELEMENTARY SD 549,97530,97530,PFBS,14.8,2000.0,False,3300,S,OR4191508
OR,RUCH ELEMENTARY SD 549,RUCH ELEMENTARY SD 549,97530,97530,PFHxS,33.4,10.0,True,3300,S,OR4191508
OR,RUCH ELEMENTARY SD 549,RUCH ELEMENTARY SD 549,97530,97530,PFOA,9.3,4.0,True,3300,S,OR4191508
OR,RUCH ELEMENTARY SD 549,RUCH ELEMENTARY SD 549,97530,97530,PFOS,10.6,4.0,True,3300,S,OR4191508
OR,SPRINGFIELD UTILITY BOARD,SPRINGFIELD UTILITY BOARD,97477,97477|97478,PFOA,4.1,4.0,True,10000,L,OR4100837
OR,"ST HELENS, CITY OF","ST HELENS, CITY OF",97051,97051,PFBS,15.5,2000.0,False,10000,L,OR4100724
OR,SUNRISE WATER AUTHORITY,SUNRISE WATER AUTHORITY,97015,97015|97086|97089|97236,PFOS,4.3,4.0,True,10000,L,OR4100635
PA,AKRON BOROUGH,AKRON BOROUGH,17501,17501|17522,PFBS,4.8,2000.0,False,3300,S,PA7360128
PA,AKRON BOROUGH,AKRON BOROUGH,17501,17501|17522,PFOA,5.0,4.0,True,3300,S,PA7360128
PA,AKRON BOROUGH,AKRON BOROUGH,17501,17501|17522,PFOS,4.4,4.0,True,3300,S,PA7360128
PA,AMBLER BORO WATER DEPT,AMBLER BORO WATER DEPT,19002,19002|19034|19442,PFBS,9.2,2000.0,False,10000,L,PA1460020
PA,AMBLER BORO WATER DEPT,AMBLER BORO WATER DEPT,19002,19002|19034|19442,PFHxS,5.0,10.0,False,10000,L,PA1460020
PA,AMBLER BORO WATER DEPT,AMBLER BORO WATER DEPT,19002,19002|19034|19442,PFNA,13.5,10.0,True,10000,L,PA1460020
PA,AMBLER BORO WATER DEPT,AMBLER BORO WATER DEPT,19002,19002|19034|19442,PFOA,15.3,4.0,True,10000,L,PA1460020
PA,AMBLER BORO WATER DEPT,AMBLER BORO WATER DEPT,19002,19002|19034|19442,PFOS,13.7,4.0,True,10000,L,PA1460020
PA,AQUA PA BENSALEM,AQUA PA BENSALEM,19020,19020|19021|19047|19053,PFBS,5.4,2000.0,False,10000,L,PA1090078
PA,AQUA PA BENSALEM,AQUA PA BENSALEM,19020,19020|19021|19047|19053,PFHxS,5.2,10.0,False,10000,L,PA1090078
PA,AQUA PA BENSALEM,AQUA PA BENSALEM,19020,19020|19021|19047|19053,PFOA,8.0,4.0,True,10000,L,PA1090078
PA,AQUA PA BENSALEM,AQUA PA BENSALEM,19020,19020|19021|19047|19053,PFOS,7.5,4.0,True,10000,L,PA1090078
PA,AQUA PA BRISTOL,AQUA PA BRISTOL,19007,19007|19020|19021|19053|19055|19057,PFOA,4.5,4.0,True,10000,L,PA1090001
PA,AQUA PA CHALFONT,AQUA PA CHALFONT,18901,18901|18914|19020,PFBS,5.5,2000.0,False,3300,S,PA1090005
PA,AQUA PA CHALFONT,AQUA PA CHALFONT,18901,18901|18914|19020,PFHxS,3.1,10.0,False,3300,S,PA1090005
PA,AQUA PA CHALFONT,AQUA PA CHALFONT,18901,18901|18914|19020,PFOA,8.8,4.0,True,3300,S,PA1090005
PA,AQUA PA CHALFONT,AQUA PA CHALFONT,18901,18901|18914|19020,PFOS,19.0,4.0,True,3300,S,PA1090005
PA,AQUA PA FLYING HILLS WA SYS,AQUA PA FLYING HILLS WA SYS,19508,19508|19607,PFBS,4.8,2000.0,False,3300,S,PA3060018
PA,AQUA PA FLYING HILLS WA SYS,AQUA PA FLYING HILLS WA SYS,19508,19508|19607,PFOA,6.3,4.0,True,3300,S,PA3060018
PA,AQUA PA FLYING HILLS WA SYS,AQUA PA FLYING HILLS WA SYS,19508,19508|19607,PFOS,6.4,4.0,True,3300,S,PA3060018
PA,AQUA PA FRIENDSHIP,AQUA PA FRIENDSHIP,19320,19320|19335|19343,PFBS,8.5,2000.0,False,3300,S,PA1150137
PA,AQUA PA FRIENDSHIP,AQUA PA FRIENDSHIP,19320,19320|19335|19343,PFHxS,3.0,10.0,False,3300,S,PA1150137
PA,AQUA PA FRIENDSHIP,AQUA PA FRIENDSHIP,19320,19320|19335|19343,PFOA,7.7,4.0,True,3300,S,PA1150137
PA,AQUA PA FRIENDSHIP,AQUA PA FRIENDSHIP,19320,19320|19335|19343,PFOS,9.5,4.0,True,3300,S,PA1150137
PA,AQUA PA HATBORO,AQUA PA HATBORO,19040,19040|19044|19090,PFBS,11.0,2000.0,False,10000,L,PA1460028
PA,AQUA PA HATBORO,AQUA PA HATBORO,19040,19040|19044|19090,PFHxS,6.2,10.0,False,10000,L,PA1460028
PA,AQUA PA HATBORO,AQUA PA HATBORO,19040,19040|19044|19090,PFOA,16.2,4.0,True,10000,L,PA1460028
PA,AQUA PA HATBORO,AQUA PA HATBORO,19040,19040|19044|19090,PFOS,21.5,4.0,True,10000,L,PA1460028
PA,AQUA PA MAIN SYSTEM,AQUA PA MAIN SYSTEM,18929,18929|18966|18974|18976|19001|19002|19003|19004|19006|19007|19008|19009|19012|19013|19014|19015|19017|19018|19020|19021|19022|19023|19025|19026|19027|19028|19029|19031|19032|19033|19034|19035|19036|19037|19038|19040|19041|19043|19044|19046|19047|19050|19052|19053|19059|19063|19064|19065|19066|19070|19072|19073|19074|19075|19076|19078|19079|19081|19082|19083|19085|19086|19087|19090|19094|19095|19096|19113|19131|19301|19312|19317|19319|19320|19333|19335|19340|19341|19342|19343|19345|19348|19350|19352|19355|19375|19380|19381|19382|19383|19395|19401|19403|19405|19406|19422|19428|19432|19444|19452|19460|19462|19479|19481|19482|19485,PFBS,9.5,2000.0,False,10000,L,PA1460073
PA,AQUA PA MAIN SYSTEM,AQUA PA MAIN SYSTEM,18929,18929|18966|18974|18976|19001|19002|19003|19004|19006|19007|19008|19009|19012|19013|19014|19015|19017|19018|19020|19021|19022|19023|19025|19026|19027|19028|19029|19031|19032|19033|19034|19035|19036|19037|19038|19040|19041|19043|19044|19046|19047|19050|19052|19053|19059|19063|19064|19065|19066|19070|19072|19073|19074|19075|19076|19078|19079|19081|19082|19083|19085|19086|19087|19090|19094|19095|19096|19113|19131|19301|19312|19317|19319|19320|19333|19335|19340|19341|19342|19343|19345|19348|19350|19352|19355|19375|19380|19381|19382|19383|19395|19401|19403|19405|19406|19422|19428|19432|19444|19452|19460|19462|19479|19481|19482|19485,PFHxS,7.7,10.0,False,10000,L,PA1460073
PA,AQUA PA MAIN SYSTEM,AQUA PA MAIN SYSTEM,18929,18929|18966|18974|18976|19001|19002|19003|19004|19006|19007|19008|19009|19012|19013|19014|19015|19017|19018|19020|19021|19022|19023|19025|19026|19027|19028|19029|19031|19032|19033|19034|19035|19036|19037|19038|19040|19041|19043|19044|19046|19047|19050|19052|19053|19059|19063|19064|19065|19066|19070|19072|19073|19074|19075|19076|19078|19079|19081|19082|19083|19085|19086|19087|19090|19094|19095|19096|19113|19131|19301|19312|19317|19319|19320|19333|19335|19340|19341|19342|19343|19345|19348|19350|19352|19355|19375|19380|19381|19382|19383|19395|19401|19403|19405|19406|19422|19428|19432|19444|19452|19460|19462|19479|19481|19482|19485,PFNA,12.0,10.0,True,10000,L,PA1460073
PA,AQUA PA MAIN SYSTEM,AQUA PA MAIN SYSTEM,18929,18929|18966|18974|18976|19001|19002|19003|19004|19006|19007|19008|19009|19012|19013|19014|19015|19017|19018|19020|19021|19022|19023|19025|19026|19027|19028|19029|19031|19032|19033|19034|19035|19036|19037|19038|19040|19041|19043|19044|19046|19047|19050|19052|19053|19059|19063|19064|19065|19066|19070|19072|19073|19074|19075|19076|19078|19079|19081|19082|19083|19085|19086|19087|19090|19094|19095|19096|19113|19131|19301|19312|19317|19319|19320|19333|19335|19340|19341|19342|19343|19345|19348|19350|19352|19355|19375|19380|19381|19382|19383|19395|19401|19403|19405|19406|19422|19428|19432|19444|19452|19460|19462|19479|19481|19482|19485,PFOA,12.6,4.0,True,10000,L,PA1460073
PA,AQUA PA MAIN SYSTEM,AQUA PA MAIN SYSTEM,18929,18929|18966|18974|18976|19001|19002|19003|19004|19006|19007|19008|19009|19012|19013|19014|19015|19017|19018|19020|19021|19022|19023|19025|19026|19027|19028|19029|19031|19032|19033|19034|19035|19036|19037|19038|19040|19041|19043|19044|19046|19047|19050|19052|19053|19059|19063|19064|19065|19066|19070|19072|19073|19074|19075|19076|19078|19079|19081|19082|19083|19085|19086|19087|19090|19094|19095|19096|19113|19131|19301|19312|19317|19319|19320|19333|19335|19340|19341|19342|19343|19345|19348|19350|19352|19355|19375|19380|19381|19382|19383|19395|19401|19403|19405|19406|19422|19428|19432|19444|19452|19460|19462|19479|19481|19482|19485,PFOS,9.2,4.0,True,10000,L,PA1460073
PA,AQUA PA PERKIOMEN TOWNSHIP,AQUA PA PERKIOMEN TOWNSHIP,19426,19426|19473,PFBS,13.3,2000.0,False,3300,S,PA1460069
PA,AQUA PA PERKIOMEN TOWNSHIP,AQUA PA PERKIOMEN TOWNSHIP,19426,19426|19473,PFOA,10.8,4.0,True,3300,S,PA1460069
PA,AQUA PA PERKIOMEN TOWNSHIP,AQUA PA PERKIOMEN TOWNSHIP,19426,19426|19473,PFOS,7.4,4.0,True,3300,S,PA1460069
PA,AQUA PA SPRING RUN,AQUA PA SPRING RUN,19320,19320|19335|19380|19382,PFBS,5.6,2000.0,False,3300,S,PA1150089
PA,AQUA PA SPRING RUN,AQUA PA SPRING RUN,19320,19320|19335|19380|19382,PFHxS,3.6,10.0,False,3300,S,PA1150089
PA,AQUA PA SPRING RUN,AQUA PA SPRING RUN,19320,19320|19335|19380|19382,PFNA,5.2,10.0,False,3300,S,PA1150089
PA,AQUA PA SPRING RUN,AQUA PA SPRING RUN,19320,19320|19335|19380|19382,PFOA,6.8,4.0,True,3300,S,PA1150089
PA,AQUA PA SPRING RUN,AQUA PA SPRING RUN,19320,19320|19335|19380|19382,PFOS,4.4,4.0,True,3300,S,PA1150089
PA,AQUA PA SUPERIOR MAIN SYSTEM,AQUA PA SUPERIOR MAIN SYSTEM,18074,18074|19464|19505|19525,PFBS,5.9,2000.0,False,3300,S,PA1460085
PA,AQUA PA SUPERIOR MAIN SYSTEM,AQUA PA SUPERIOR MAIN SYSTEM,18074,18074|19464|19505|19525,PFOA,11.8,4.0,True,3300,S,PA1460085
PA,AQUA PA SUPERIOR MAIN SYSTEM,AQUA PA SUPERIOR MAIN SYSTEM,18074,18074|19464|19505|19525,PFOS,5.8,4.0,True,3300,S,PA1460085
PA,AQUA PA UWCHLAN,AQUA PA UWCHLAN,19053,19053|19081|19320|19335|19341|19343|19344|19353|19355|19380|19382|19395|19421|19425|19480,PFBS,5.1,2000.0,False,10000,L,PA1150035
PA,AQUA PA UWCHLAN,AQUA PA UWCHLAN,19053,19053|19081|19320|19335|19341|19343|19344|19353|19355|19380|19382|19395|19421|19425|19480,PFOA,9.3,4.0,True,10000,L,PA1150035
PA,AQUA PA UWCHLAN,AQUA PA UWCHLAN,19053,19053|19081|19320|19335|19341|19343|19344|19353|19355|19380|19382|19395|19421|19425|19480,PFOS,7.1,4.0,True,10000,L,PA1150035
PA,AQUA PA WEST CHESTER,AQUA PA WEST CHESTER,19025,19025|19335|19341|19342|19343|19380|19381|19382|19383|19425,PFBS,3.6,2000.0,False,10000,L,PA1150098
PA,AQUA PA WEST CHESTER,AQUA PA WEST CHESTER,19025,19025|19335|19341|19342|19343|19380|19381|19382|19383|19425,PFOA,5.9,4.0,True,10000,L,PA1150098
PA,ASHLAND AREA WATER AUTHORITY,ASHLAND AREA WATER AUTHORITY,17921,17921,PFHxS,5.6,10.0,False,3300,S,PA3540030
PA,ASHLAND AREA WATER AUTHORITY,ASHLAND AREA WATER AUTHORITY,17921,17921,PFOS,17.0,4.0,True,3300,S,PA3540030
PA,AUDUBON WATER COMPANY,AUDUBON WATER COMPANY,19403,19403|19407,PFBS,5.0,2000.0,False,3300,S,PA1460055
PA,AUDUBON WATER COMPANY,AUDUBON WATER COMPANY,19403,19403|19407,PFHxS,5.0,10.0,False,3300,S,PA1460055
PA,AUDUBON WATER COMPANY,AUDUBON WATER COMPANY,19403,19403|19407,PFNA,6.6,10.0,False,3300,S,PA1460055
PA,AUDUBON WATER COMPANY,AUDUBON WATER COMPANY,19403,19403|19407,PFOA,30.8,4.0,True,3300,S,PA1460055
PA,AUDUBON WATER COMPANY,AUDUBON WATER COMPANY,19403,19403|19407,PFOS,57.9,4.0,True,3300,S,PA1460055
PA,BCWSA MAIN LOWER SOUTH,BCWSA MAIN LOWER SOUTH,18966,18966|18974|19006|19047|19053|19056,PFBS,5.6,2000.0,False,10000,L,PA1090079
PA,BCWSA MAIN LOWER SOUTH,BCWSA MAIN LOWER SOUTH,18966,18966|18974|19006|19047|19053|19056,PFHxS,4.8,10.0,False,10000,L,PA1090079
PA,BCWSA MAIN LOWER SOUTH,BCWSA MAIN LOWER SOUTH,18966,18966|18974|19006|19047|19053|19056,PFOA,7.3,4.0,True,10000,L,PA1090079
PA,BCWSA MAIN LOWER SOUTH,BCWSA MAIN LOWER SOUTH,18966,18966|18974|19006|19047|19053|19056,PFOS,6.9,4.0,True,10000,L,PA1090079
PA,BEAVER BORO MUNI AUTH,BEAVER BORO MUNI AUTH,15009,15009,PFBS,15.6,2000.0,False,3300,S,PA5040009
PA,BEAVER BORO MUNI AUTH,BEAVER BORO MUNI AUTH,15009,15009,PFHxS,28.2,10.0,True,3300,S,PA5040009
PA,BEAVER BORO MUNI AUTH,BEAVER BORO MUNI AUTH,15009,15009,PFOA,7.0,4.0,True,3300,S,PA5040009
PA,BEAVER BORO MUNI AUTH,BEAVER BORO MUNI AUTH,15009,15009,PFOS,4.9,4.0,True,3300,S,PA5040009
PA,BEAVER FALLS MUNI AUTH,BEAVER FALLS MUNI AUTH,15010,15010,PFBS,36.9,2000.0,False,10000,L,PA5040012
PA,BEAVER FALLS MUNI AUTH,BEAVER FALLS MUNI AUTH,15010,15010,PFOA,5.4,4.0,True,10000,L,PA5040012
PA,BEAVER FALLS MUNI AUTH,BEAVER FALLS MUNI AUTH,15010,15010,PFOS,4.0,4.0,False,10000,L,PA5040012
PA,BLUE MTN COOP TILDEN IND PARK,BLUE MTN COOP TILDEN IND PARK,19526,19526,PFBS,14.8,2000.0,False,3300,S,PA3061067
PA,BRIGHTON TWP MUNI AUTH,BRIGHTON TWP MUNI AUTH,15009,15009|15052|15059,PFBS,15.1,2000.0,False,3300,S,PA5040017
PA,BRIGHTON TWP MUNI AUTH,BRIGHTON TWP MUNI AUTH,15009,15009|15052|15059,PFHxS,11.9,10.0,True,3300,S,PA5040017
PA,BUCKINGHAM TWP COLD SPRING,BUCKINGHAM TWP COLD SPRING,18902,18902|18934,PFBS,14.0,2000.0,False,3300,S,PA1090137
PA,BUCKINGHAM TWP COLD SPRING,BUCKINGHAM TWP COLD SPRING,18902,18902|18934,PFOA,22.0,4.0,True,3300,S,PA1090137
PA,BUCKINGHAM TWP COLD SPRING,BUCKINGHAM TWP COLD SPRING,18902,18902|18934,PFOS,19.3,4.0,True,3300,S,PA1090137
PA,BUCKS COUNTY COMMUNITY COLLEGE,BUCKS COUNTY COMMUNITY COLLEGE,18940,18940,PFOA,7.1,4.0,True,3300,S,PA1090962
PA,CAERNARVON TWP AUTH,CAERNARVON TWP AUTH,19520,19520|19543,PFBS,29.0,2000.0,False,3300,S,PA3060052
PA,CAERNARVON TWP AUTH,CAERNARVON TWP AUTH,19520,19520|19543,PFOA,55.8,4.0,True,3300,S,PA3060052
PA,CARLISLE WATER TRMT PLT,CARLISLE WATER TRMT PLT,17013,17013,PFBS,7.2,2000.0,False,10000,L,PA7210002
PA,CARLISLE WATER TRMT PLT,CARLISLE WATER TRMT PLT,17013,17013,PFOA,5.0,4.0,True,10000,L,PA7210002
PA,CARLISLE WATER TRMT PLT,CARLISLE WATER TRMT PLT,17013,17013,PFOS,11.3,4.0,True,10000,L,PA7210002
PA,CATASAUQUA MUN WATER WORKS,CATASAUQUA MUN WATER WORKS,18032,18032,PFBS,3.1,2000.0,False,3300,S,PA3390044
PA,CATASAUQUA MUN WATER WORKS,CATASAUQUA MUN WATER WORKS,18032,18032,PFHxS,4.2,10.0,False,3300,S,PA3390044
PA,CHESTER WATER AUTHORITY,CHESTER WATER AUTHORITY,19013,19013|19014|19015|19016|19017|19060|19061|19063|19064|19086|19311|19312|19317|19319|19330|19331|19339|19340|19342|19343|19346|19348|19350|19352|19355|19357|19360|19362|19363|19372|19373|19374|19380|19382|19390,PFBS,4.5,2000.0,False,10000,L,PA1230004
PA,CHESTER WATER AUTHORITY,CHESTER WATER AUTHORITY,19013,19013|19014|19015|19016|19017|19060|19061|19063|19064|19086|19311|19312|19317|19319|19330|19331|19339|19340|19342|19343|19346|19348|19350|19352|19355|19357|19360|19362|19363|19372|19373|19374|19380|19382|19390,PFOA,5.1,4.0,True,10000,L,PA1230004
PA,"CITY OF LANCASTER, PA","CITY OF LANCASTER, PA",17505,17505|17512|17520|17540|17543|17545|17551|17554|17572|17576|17584|17601|17602|17603,PFBS,9.8,2000.0,False,10000,L,PA7360058
PA,"CITY OF LANCASTER, PA","CITY OF LANCASTER, PA",17505,17505|17512|17520|17540|17543|17545|17551|17554|17572|17576|17584|17601|17602|17603,PFOA,23.8,4.0,True,10000,L,PA7360058
PA,COLLEGEVILLE TRAPPE JOINT PWD,COLLEGEVILLE TRAPPE JOINT PWD,19426,19426,PFBS,15.3,2000.0,False,3300,S,PA1460022
PA,COLLEGEVILLE TRAPPE JOINT PWD,COLLEGEVILLE TRAPPE JOINT PWD,19426,19426,PFHxS,4.2,10.0,False,3300,S,PA1460022
PA,COLLEGEVILLE TRAPPE JOINT PWD,COLLEGEVILLE TRAPPE JOINT PWD,19426,19426,PFOA,235.0,4.0,True,3300,S,PA1460022
PA,COLLEGEVILLE TRAPPE JOINT PWD,COLLEGEVILLE TRAPPE JOINT PWD,19426,19426,PFOS,15.0,4.0,True,3300,S,PA1460022
PA,CORAOPOLIS WATER & SEWER AUTH,CORAOPOLIS WATER & SEWER AUTH,15108,15108,PFBS,14.6,2000.0,False,3300,S,PA5020010
PA,CORAOPOLIS WATER & SEWER AUTH,CORAOPOLIS WATER & SEWER AUTH,15108,15108,PFHxS,12.6,10.0,True,3300,S,PA5020010
PA,CORAOPOLIS WATER & SEWER AUTH,CORAOPOLIS WATER & SEWER AUTH,15108,15108,PFOA,5.2,4.0,True,3300,S,PA5020010
PA,CORAOPOLIS WATER & SEWER AUTH,CORAOPOLIS WATER & SEWER AUTH,15108,15108,PFOS,18.8,4.0,True,3300,S,PA5020010
PA,DENVER BORO,DENVER BORO,17517,17517,PFBS,4.3,2000.0,False,3300,S,PA7360017
PA,DERRY BORO MUNI AUTH,DERRY BORO MUNI AUTH,15627,15627|15671|15717,PFBS,15.0,2000.0,False,3300,S,PA5650049
PA,DILLSBURG AREA AUTHORITY,DILLSBURG AREA AUTHORITY,17019,17019,PFBS,3.3,2000.0,False,3300,S,PA7670071
PA,DILLSBURG AREA AUTHORITY,DILLSBURG AREA AUTHORITY,17019,17019,PFHxS,3.3,10.0,False,3300,S,PA7670071
PA,DILLSBURG AREA AUTHORITY,DILLSBURG AREA AUTHORITY,17019,17019,PFOA,4.8,4.0,True,3300,S,PA7670071
PA,DILLSBURG AREA AUTHORITY,DILLSBURG AREA AUTHORITY,17019,17019,PFOS,4.7,4.0,True,3300,S,PA7670071
PA,DOVER TWP WATER SYS,DOVER TWP WATER SYS,17315,17315|17408,PFBS,5.7,2000.0,False,10000,L,PA7670073
PA,DOVER TWP WATER SYS,DOVER TWP WATER SYS,17315,17315|17408,PFOA,5.9,4.0,True,10000,L,PA7670073
PA,DOVER TWP WATER SYS,DOVER TWP WATER SYS,17315,17315|17408,PFOS,9.6,4.0,True,10000,L,PA7670073
PA,DOWNINGTOWN WATER AUTHORITY,DOWNINGTOWN WATER AUTHORITY,19335,19335,PFBS,3.8,2000.0,False,3300,S,PA1150026
PA,DOWNINGTOWN WATER AUTHORITY,DOWNINGTOWN WATER AUTHORITY,19335,19335,PFOA,4.2,4.0,True,3300,S,PA1150026
PA,DOYLESTOWN BORO WATER DEPT,DOYLESTOWN BORO WATER DEPT,18901,18901,PFBS,7.5,2000.0,False,3300,S,PA1090081
PA,DOYLESTOWN BORO WATER DEPT,DOYLESTOWN BORO WATER DEPT,18901,18901,PFHxS,6.4,10.0,False,3300,S,PA1090081
PA,DOYLESTOWN BORO WATER DEPT,DOYLESTOWN BORO WATER DEPT,18901,18901,PFNA,5.2,10.0,False,3300,S,PA1090081
PA,DOYLESTOWN BORO WATER DEPT,DOYLESTOWN BORO WATER DEPT,18901,18901,PFOA,14.6,4.0,True,3300,S,PA1090081
PA,DOYLESTOWN BORO WATER DEPT,DOYLESTOWN BORO WATER DEPT,18901,18901,PFOS,11.3,4.0,True,3300,S,PA1090081
PA,DTMA MAIN SYSTEM,DTMA MAIN SYSTEM,18901,18901|18902|18912|18914|18923|18925|18929|18976,PFBS,9.8,2000.0,False,3300,S,PA1090128
PA,DTMA MAIN SYSTEM,DTMA MAIN SYSTEM,18901,18901|18902|18912|18914|18923|18925|18929|18976,PFNA,7.4,10.0,False,3300,S,PA1090128
PA,DTMA MAIN SYSTEM,DTMA MAIN SYSTEM,18901,18901|18902|18912|18914|18923|18925|18929|18976,PFOA,14.2,4.0,True,3300,S,PA1090128
PA,DTMA MAIN SYSTEM,DTMA MAIN SYSTEM,18901,18901|18902|18912|18914|18923|18925|18929|18976,PFOS,13.4,4.0,True,3300,S,PA1090128
PA,EAGLE LAKE COMMUNITY ASSOC,EAGLE LAKE COMMUNITY ASSOC,18424,18424,PFOA,8.1,4.0,True,3300,S,PA2350833
PA,EAST COCALICO TOWNSHIP,EAST COCALICO TOWNSHIP,17517,17517|17522|17567|17569|17578,PFBS,5.6,2000.0,False,3300,S,PA7360113
PA,EAST COCALICO TOWNSHIP,EAST COCALICO TOWNSHIP,17517,17517|17522|17567|17569|17578,PFOA,4.5,4.0,True,3300,S,PA7360113
PA,EAST COCALICO TOWNSHIP,EAST COCALICO TOWNSHIP,17517,17517|17522|17567|17569|17578,PFOS,4.9,4.0,True,3300,S,PA7360113
PA,EAST DONEGAL TWP MUNICIPAL AUT,EAST DONEGAL TWP MUNICIPAL AUT,17547,17547|17550,PFBS,5.3,2000.0,False,3300,S,PA7360083
PA,EAST HEMPFIELD WATER AUTH,EAST HEMPFIELD WATER AUTH,17538,17538|17601|17602|17603|17604,PFBS,5.7,2000.0,False,10000,L,PA7360063
PA,EAST HEMPFIELD WATER AUTH,EAST HEMPFIELD WATER AUTH,17538,17538|17601|17602|17603|17604,PFOA,7.7,4.0,True,10000,L,PA7360063
PA,EAST HEMPFIELD WATER AUTH,EAST HEMPFIELD WATER AUTH,17538,17538|17601|17602|17603|17604,PFOS,5.0,4.0,True,10000,L,PA7360063
PA,EAST PETERSBURG BOROUGH,EAST PETERSBURG BOROUGH,17520,17520|17545,PFBS,6.7,2000.0,False,3300,S,PA7360135
PA,EAST PETERSBURG BOROUGH,EAST PETERSBURG BOROUGH,17520,17520|17545,PFHxS,3.4,10.0,False,3300,S,PA7360135
PA,EAST PETERSBURG BOROUGH,EAST PETERSBURG BOROUGH,17520,17520|17545,PFOA,6.3,4.0,True,3300,S,PA7360135
PA,EAST PETERSBURG BOROUGH,EAST PETERSBURG BOROUGH,17520,17520|17545,PFOS,15.2,4.0,True,3300,S,PA7360135
PA,EEI MEADOWS COMPLEX,EEI MEADOWS COMPLEX,18612,18612,PFBS,3.9,2000.0,False,3300,S,PA2400115
PA,EEI MEADOWS COMPLEX,EEI MEADOWS COMPLEX,18612,18612,PFOS,5.9,4.0,True,3300,S,PA2400115
PA,ELIZABETHTOWN AREA WATER,ELIZABETHTOWN AREA WATER,17022,17022|17552,PFBS,6.0,2000.0,False,10000,L,PA7360124
PA,ELIZABETHTOWN AREA WATER,ELIZABETHTOWN AREA WATER,17022,17022|17552,PFOS,5.7,4.0,True,10000,L,PA7360124
PA,EMMAUS BOROUGH PUBLIC WATER,EMMAUS BOROUGH PUBLIC WATER,18049,18049,PFBS,16.5,2000.0,False,10000,L,PA3390032
PA,EMMAUS BOROUGH PUBLIC WATER,EMMAUS BOROUGH PUBLIC WATER,18049,18049,PFHxS,33.2,10.0,True,10000,L,PA3390032
PA,EMMAUS BOROUGH PUBLIC WATER,EMMAUS BOROUGH PUBLIC WATER,18049,18049,PFNA,99.8,10.0,True,10000,L,PA3390032
PA,EMMAUS BOROUGH PUBLIC WATER,EMMAUS BOROUGH PUBLIC WATER,18049,18049,PFOA,22.4,4.0,True,10000,L,PA3390032
PA,EMMAUS BOROUGH PUBLIC WATER,EMMAUS BOROUGH PUBLIC WATER,18049,18049,PFOS,153.0,4.0,True,10000,L,PA3390032
PA,EPHRATA AREA JOINT AUTHORITY,EPHRATA AREA JOINT AUTHORITY,17522,17522,PFBS,6.3,2000.0,False,10000,L,PA7360045
PA,EPHRATA AREA JOINT AUTHORITY,EPHRATA AREA JOINT AUTHORITY,17522,17522,PFHxS,3.6,10.0,False,10000,L,PA7360045
PA,EPHRATA AREA JOINT AUTHORITY,EPHRATA AREA JOINT AUTHORITY,17522,17522,PFOA,5.8,4.0,True,10000,L,PA7360045
PA,EPHRATA AREA JOINT AUTHORITY,EPHRATA AREA JOINT AUTHORITY,17522,17522,PFOS,4.6,4.0,True,10000,L,PA7360045
PA,FREELAND BORO MUNI WATER AUTH,FREELAND BORO MUNI WATER AUTH,18224,18224,PFBS,4.2,2000.0,False,3300,S,PA2400054
PA,FREELAND BORO MUNI WATER AUTH,FREELAND BORO MUNI WATER AUTH,18224,18224,PFOA,5.6,4.0,True,3300,S,PA2400054
PA,FREELAND BORO MUNI WATER AUTH,FREELAND BORO MUNI WATER AUTH,18224,18224,PFOS,9.1,4.0,True,3300,S,PA2400054
PA,GENERAL AUTHORITY OF FRANKLIN,GENERAL AUTHORITY OF FRANKLIN,16323,16323,PFBS,3.0,2000.0,False,3300,S,PA6610020
PA,GETTYSBURG MUNI AUTH,GETTYSBURG MUNI AUTH,17325,17325,PFBS,3.7,2000.0,False,10000,L,PA7010019
PA,GETTYSBURG MUNI AUTH,GETTYSBURG MUNI AUTH,17325,17325,PFOA,7.4,4.0,True,10000,L,PA7010019
PA,GETTYSBURG MUNI AUTH,GETTYSBURG MUNI AUTH,17325,17325,PFOS,14.1,4.0,True,10000,L,PA7010019
PA,HIGHRIDGE WATER AUTH,HIGHRIDGE WATER AUTH,15627,15627|15650|15716|15717|15720|15748|15750|15779|15920|15923|15929|15944|15954,PFHxS,5.5,10.0,False,10000,L,PA5650069
PA,HIGHRIDGE WATER AUTH,HIGHRIDGE WATER AUTH,15627,15627|15650|15716|15717|15720|15748|15750|15779|15920|15923|15929|15944|15954,PFOA,4.3,4.0,True,10000,L,PA5650069
PA,HIGHRIDGE WATER AUTH,HIGHRIDGE WATER AUTH,15627,15627|15650|15716|15717|15720|15748|15750|15779|15920|15923|15929|15944|15954,PFOS,4.5,4.0,True,10000,L,PA5650069
PA,HILLTOWN TWP WATER&SEWER AUTH,HILLTOWN TWP WATER&SEWER AUTH,,,PFBS,5.7,2000.0,False,3300,S,PA1090117
PA,HILLTOWN TWP WATER&SEWER AUTH,HILLTOWN TWP WATER&SEWER AUTH,,,PFOA,8.0,4.0,True,3300,S,PA1090117
PA,HILLTOWN TWP WATER&SEWER AUTH,HILLTOWN TWP WATER&SEWER AUTH,,,PFOS,6.8,4.0,True,3300,S,PA1090117
PA,HORSHAM WATER&SEWER AUTHORITY,HORSHAM WATER&SEWER AUTHORITY,18914,18914|19002|19040|19044|19454,PFBS,5.7,2000.0,False,10000,L,PA1460033
PA,HORSHAM WATER&SEWER AUTHORITY,HORSHAM WATER&SEWER AUTHORITY,18914,18914|19002|19040|19044|19454,PFHxS,10.6,10.0,True,10000,L,PA1460033
PA,HORSHAM WATER&SEWER AUTHORITY,HORSHAM WATER&SEWER AUTHORITY,18914,18914|19002|19040|19044|19454,PFOA,17.5,4.0,True,10000,L,PA1460033
PA,HORSHAM WATER&SEWER AUTHORITY,HORSHAM WATER&SEWER AUTHORITY,18914,18914|19002|19040|19044|19454,PFOS,33.8,4.0,True,10000,L,PA1460033
PA,HUMBOLDT INDUSTRIAL PARK,HUMBOLDT INDUSTRIAL PARK,18201,18201,PFBS,6.3,2000.0,False,10000,L,PA2400806
PA,JAMIE HOLLANDERS,JAMIE HOLLANDERS,18938,18938,PFBS,5.2,2000.0,False,3300,S,PA1090329
PA,JAMIE HOLLANDERS,JAMIE HOLLANDERS,18938,18938,PFOA,16.8,4.0,True,3300,S,PA1090329
PA,JAMIE HOLLANDERS,JAMIE HOLLANDERS,18938,18938,PFOS,9.7,4.0,True,3300,S,PA1090329
PA,KENNETT SQUARE MUN WATER WORKS,KENNETT SQUARE MUN WATER WORKS,19348,19348,PFBS,4.5,2000.0,False,3300,S,PA1150108
PA,KENNETT SQUARE MUN WATER WORKS,KENNETT SQUARE MUN WATER WORKS,19348,19348,PFHxS,4.2,10.0,False,3300,S,PA1150108
PA,KENNETT SQUARE MUN WATER WORKS,KENNETT SQUARE MUN WATER WORKS,19348,19348,PFOA,17.7,4.0,True,3300,S,PA1150108
PA,KENNETT SQUARE MUN WATER WORKS,KENNETT SQUARE MUN WATER WORKS,19348,19348,PFOS,14.4,4.0,True,3300,S,PA1150108
PA,LCA ALLENTOWN DIVISION,LCA ALLENTOWN DIVISION,18101,18101|18102|18103|18104|18109,PFBS,3.0,2000.0,False,10000,L,PA3390024
PA,LCA ALLENTOWN DIVISION,LCA ALLENTOWN DIVISION,18101,18101|18102|18103|18104|18109,PFOS,4.4,4.0,True,10000,L,PA3390024
PA,LCA NORTH WHITEHALL DIVISION,LCA NORTH WHITEHALL DIVISION,18069,18069|18078,PFBS,3.0,2000.0,False,3300,S,PA3390055
PA,LCA WLSA CENTRAL DIVISION,LCA WLSA CENTRAL DIVISION,18049,18049|18051|18062|18103|18104|18106,PFBS,3.8,2000.0,False,10000,L,PA3390073
PA,LCA WLSA CENTRAL DIVISION,LCA WLSA CENTRAL DIVISION,18049,18049|18051|18062|18103|18104|18106,PFHxS,3.1,10.0,False,10000,L,PA3390073
PA,LCA WLSA CENTRAL DIVISION,LCA WLSA CENTRAL DIVISION,18049,18049|18051|18062|18103|18104|18106,PFOA,4.4,4.0,True,10000,L,PA3390073
PA,LEHMAN JACKSON ELEMENTARY,LEHMAN JACKSON ELEMENTARY,18627,18627,PFHxS,13.4,10.0,True,3300,S,PA2400370
PA,LEHMAN JACKSON ELEMENTARY,LEHMAN JACKSON ELEMENTARY,18627,18627,PFOA,5.2,4.0,True,3300,S,PA2400370
PA,LEHMAN JACKSON ELEMENTARY,LEHMAN JACKSON ELEMENTARY,18627,18627,PFOS,5.5,4.0,True,3300,S,PA2400370
PA,LITITZ BORO,LITITZ BORO,17543,17543,PFBS,4.0,2000.0,False,3300,S,PA7360126
PA,LITTLESTOWN BORO,LITTLESTOWN BORO,17340,17340,PFBS,6.6,2000.0,False,3300,S,PA7010022
PA,LITTLESTOWN BORO,LITTLESTOWN BORO,17340,17340,PFHxS,6.0,10.0,False,3300,S,PA7010022
PA,LITTLESTOWN BORO,LITTLESTOWN BORO,17340,17340,PFOA,4.5,4.0,True,3300,S,PA7010022
PA,LITTLESTOWN BORO,LITTLESTOWN BORO,17340,17340,PFOS,12.9,4.0,True,3300,S,PA7010022
PA,LONDON GROVE TWP MUN AUTH,LONDON GROVE TWP MUN AUTH,19311,19311|19390,PFBS,3.5,2000.0,False,3300,S,PA1150165
PA,MANHEIM AREA WATER & SEWER AUT,MANHEIM AREA WATER & SEWER AUT,17545,17545,PFBS,6.9,2000.0,False,3300,S,PA7360078
PA,MANHEIM AREA WATER & SEWER AUT,MANHEIM AREA WATER & SEWER AUT,17545,17545,PFOA,12.8,4.0,True,3300,S,PA7360078
PA,MANHEIM AREA WATER & SEWER AUT,MANHEIM AREA WATER & SEWER AUT,17545,17545,PFOS,7.9,4.0,True,3300,S,PA7360078
PA,MANHEIM AUTO AUCTION,MANHEIM AUTO AUCTION,17545,17545,PFHxS,4.6,10.0,False,3300,S,PA7360345
PA,MANHEIM AUTO AUCTION,MANHEIM AUTO AUCTION,17545,17545,PFOS,8.1,4.0,True,3300,S,PA7360345
PA,MASONIC HOMES,MASONIC HOMES,17022,17022,PFBS,3.0,2000.0,False,3300,S,PA7360025
PA,MASONIC HOMES,MASONIC HOMES,17022,17022,PFOA,4.8,4.0,True,3300,S,PA7360025
PA,MILFORD TWP WATER AUTHORITY,MILFORD TWP WATER AUTHORITY,18951,18951,PFBS,3.4,2000.0,False,3300,S,PA1090125
PA,MILFORD TWP WATER AUTHORITY,MILFORD TWP WATER AUTHORITY,18951,18951,PFHxS,3.1,10.0,False,3300,S,PA1090125
PA,MILLERSBURG WATER AUTH,MILLERSBURG WATER AUTH,17061,17061,PFBS,3.2,2000.0,False,3300,S,PA7220034
PA,MILLERSBURG WATER AUTH,MILLERSBURG WATER AUTH,17061,17061,PFHxS,3.5,10.0,False,3300,S,PA7220034
PA,MILLERSBURG WATER AUTH,MILLERSBURG WATER AUTH,17061,17061,PFOA,4.5,4.0,True,3300,S,PA7220034
PA,MILLERSBURG WATER AUTH,MILLERSBURG WATER AUTH,17061,17061,PFOS,10.0,4.0,True,3300,S,PA7220034
PA,MILLERSVILLE UNIV,MILLERSVILLE UNIV,17551,17551,PFBS,5.8,2000.0,False,3300,S,PA7360127
PA,MILLERSVILLE UNIV,MILLERSVILLE UNIV,17551,17551,PFHxS,3.1,10.0,False,3300,S,PA7360127
PA,MILLERSVILLE UNIV,MILLERSVILLE UNIV,17551,17551,PFOA,5.4,4.0,True,3300,S,PA7360127
PA,MILLERSVILLE UNIV,MILLERSVILLE UNIV,17551,17551,PFOS,5.3,4.0,True,3300,S,PA7360127
PA,MONACA BORO WATER DEPT,MONACA BORO WATER DEPT,15061,15061,PFBS,6.6,2000.0,False,3300,S,PA5040039
PA,MONACA BORO WATER DEPT,MONACA BORO WATER DEPT,15061,15061,PFHxS,11.1,10.0,True,3300,S,PA5040039
PA,MONTOURSVILLE WATER COMPANY,MONTOURSVILLE WATER COMPANY,17754,17754,PFHxS,3.1,10.0,False,3300,S,PA4410175
PA,MONTOURSVILLE WATER COMPANY,MONTOURSVILLE WATER COMPANY,17754,17754,PFOA,6.6,4.0,True,3300,S,PA4410175
PA,MONTOURSVILLE WATER COMPANY,MONTOURSVILLE WATER COMPANY,17754,17754,PFOS,12.1,4.0,True,3300,S,PA4410175
PA,MOON TWP MUNI AUTH,MOON TWP MUNI AUTH,15108,15108,PFHxS,7.0,10.0,False,10000,L,PA5020011
PA,MOON TWP MUNI AUTH,MOON TWP MUNI AUTH,15108,15108,PFOS,10.0,4.0,True,10000,L,PA5020011
PA,MT HOPE EST & WINERY,MT HOPE EST & WINERY,17545,17545,PFBS,17.6,2000.0,False,3300,S,PA7360320
PA,MT HOPE EST & WINERY,MT HOPE EST & WINERY,17545,17545,PFOA,4.1,4.0,True,3300,S,PA7360320
PA,MT PENN BORO MUNI AUTH,MT PENN BORO MUNI AUTH,19606,19606,PFNA,7.7,10.0,False,10000,L,PA3060082
PA,MT PENN BORO MUNI AUTH,MT PENN BORO MUNI AUTH,19606,19606,PFOS,5.7,4.0,True,10000,L,PA3060082
PA,MUHLENBERG TWP MUNI AUTH,MUHLENBERG TWP MUNI AUTH,19560,19560|19604|19605,PFBS,5.2,2000.0,False,10000,L,PA3060038
PA,MUHLENBERG TWP MUNI AUTH,MUHLENBERG TWP MUNI AUTH,19560,19560|19604|19605,PFHxS,4.3,10.0,False,10000,L,PA3060038
PA,MUHLENBERG TWP MUNI AUTH,MUHLENBERG TWP MUNI AUTH,19560,19560|19604|19605,PFNA,4.3,10.0,False,10000,L,PA3060038
PA,MUHLENBERG TWP MUNI AUTH,MUHLENBERG TWP MUNI AUTH,19560,19560|19604|19605,PFOA,8.8,4.0,True,10000,L,PA3060038
PA,MUHLENBERG TWP MUNI AUTH,MUHLENBERG TWP MUNI AUTH,19560,19560|19604|19605,PFOS,11.5,4.0,True,10000,L,PA3060038
PA,N MIDDLETON WATER AUTH,N MIDDLETON WATER AUTH,17013,17013,PFBS,7.8,2000.0,False,3300,S,PA7210049
PA,N MIDDLETON WATER AUTH,N MIDDLETON WATER AUTH,17013,17013,PFHxS,3.5,10.0,False,3300,S,PA7210049
PA,N MIDDLETON WATER AUTH,N MIDDLETON WATER AUTH,17013,17013,PFOA,8.0,4.0,True,3300,S,PA7210049
PA,N MIDDLETON WATER AUTH,N MIDDLETON WATER AUTH,17013,17013,PFOS,16.9,4.0,True,3300,S,PA7210049
PA,NEW FREEDOM BORO WATER AUTH,NEW FREEDOM BORO WATER AUTH,17349,17349,PFBS,12.5,2000.0,False,3300,S,PA7670082
PA,NEW FREEDOM BORO WATER AUTH,NEW FREEDOM BORO WATER AUTH,17349,17349,PFNA,6.2,10.0,False,3300,S,PA7670082
PA,NEW HOLLAND BOROUGH,NEW HOLLAND BOROUGH,17557,17557,PFBS,4.8,2000.0,False,3300,S,PA7360099
PA,NEW HOLLAND BOROUGH,NEW HOLLAND BOROUGH,17557,17557,PFHxS,7.2,10.0,False,3300,S,PA7360099
PA,NEW HOLLAND BOROUGH,NEW HOLLAND BOROUGH,17557,17557,PFOA,5.1,4.0,True,3300,S,PA7360099
PA,NEW HOLLAND BOROUGH,NEW HOLLAND BOROUGH,17557,17557,PFOS,8.3,4.0,True,3300,S,PA7360099
PA,NEW OXFORD MUNCI AUTH,NEW OXFORD MUNCI AUTH,17350,17350,PFBS,5.3,2000.0,False,3300,S,PA7010025
PA,NEW OXFORD MUNCI AUTH,NEW OXFORD MUNCI AUTH,17350,17350,PFOA,4.3,4.0,True,3300,S,PA7010025
PA,NEW OXFORD MUNCI AUTH,NEW OXFORD MUNCI AUTH,17350,17350,PFOS,4.8,4.0,True,3300,S,PA7010025
PA,NEW SEWICKLEY TWP MUNI AUTH,NEW SEWICKLEY TWP MUNI AUTH,15042,15042,PFBS,26.9,2000.0,False,3300,S,PA5040085
PA,NEWTOWN ARTESIAN WATER CO,NEWTOWN ARTESIAN WATER CO,18940,18940|19047,PFBS,7.0,2000.0,False,10000,L,PA1090043
PA,NEWTOWN ARTESIAN WATER CO,NEWTOWN ARTESIAN WATER CO,18940,18940|19047,PFOA,12.3,4.0,True,10000,L,PA1090043
PA,NEWTOWN ARTESIAN WATER CO,NEWTOWN ARTESIAN WATER CO,18940,18940|19047,PFOS,7.9,4.0,True,10000,L,PA1090043
PA,NORTH PENN WATER AUTHORITY,NORTH PENN WATER AUTHORITY,18901,18901|18914|18915|18924|18932|18936|18944|18960|18964|18969|18971|19348|19403|19406|19426|19438|19440|19443|19446|19451|19454|19473|19474|19490,PFBS,4.0,2000.0,False,10000,L,PA1460034
PA,NORTH PENN WATER AUTHORITY,NORTH PENN WATER AUTHORITY,18901,18901|18914|18915|18924|18932|18936|18944|18960|18964|18969|18971|19348|19403|19406|19426|19438|19440|19443|19446|19451|19454|19473|19474|19490,PFOA,5.1,4.0,True,10000,L,PA1460034
PA,NORTH SEWICKLEY MUN WATER AUTH,NORTH SEWICKLEY MUN WATER AUTH,,,PFBS,16.0,2000.0,False,3300,S,PA5040010
PA,NORTH WALES WATER AUTHORITY,NORTH WALES WATER AUTHORITY,18914,18914|18915|18936|18976|19002|19034|19422|19436|19437|19440|19446|19454|19477|19486|19490,PFBS,6.4,2000.0,False,10000,L,PA1460048
PA,NORTH WALES WATER AUTHORITY,NORTH WALES WATER AUTHORITY,18914,18914|18915|18936|18976|19002|19034|19422|19436|19437|19440|19446|19454|19477|19486|19490,PFHxS,3.7,10.0,False,10000,L,PA1460048
PA,NORTH WALES WATER AUTHORITY,NORTH WALES WATER AUTHORITY,18914,18914|18915|18936|18976|19002|19034|19422|19436|19437|19440|19446|19454|19477|19486|19490,PFNA,5.6,10.0,False,10000,L,PA1460048
PA,NORTH WALES WATER AUTHORITY,NORTH WALES WATER AUTHORITY,18914,18914|18915|18936|18976|19002|19034|19422|19436|19437|19440|19446|19454|19477|19486|19490,PFOA,13.0,4.0,True,10000,L,PA1460048
PA,NORTH WALES WATER AUTHORITY,NORTH WALES WATER AUTHORITY,18914,18914|18915|18936|18976|19002|19034|19422|19436|19437|19440|19446|19454|19477|19486|19490,PFOS,11.1,4.0,True,10000,L,PA1460048
PA,NORTHAMPTON BUCKS CO MUN AUTH,NORTHAMPTON BUCKS CO MUN AUTH,18940,18940|18954|18966|18974|19053,PFBS,14.9,2000.0,False,10000,L,PA1090089
PA,NORTHAMPTON BUCKS CO MUN AUTH,NORTHAMPTON BUCKS CO MUN AUTH,18940,18940|18954|18966|18974|19053,PFHxS,5.5,10.0,False,10000,L,PA1090089
PA,NORTHAMPTON BUCKS CO MUN AUTH,NORTHAMPTON BUCKS CO MUN AUTH,18940,18940|18954|18966|18974|19053,PFNA,4.3,10.0,False,10000,L,PA1090089
PA,NORTHAMPTON BUCKS CO MUN AUTH,NORTHAMPTON BUCKS CO MUN AUTH,18940,18940|18954|18966|18974|19053,PFOA,19.6,4.0,True,10000,L,PA1090089
PA,NORTHAMPTON BUCKS CO MUN AUTH,NORTHAMPTON BUCKS CO MUN AUTH,18940,18940|18954|18966|18974|19053,PFOS,23.0,4.0,True,10000,L,PA1090089
PA,OUTLET SHOPS AT GETTYSBURG,OUTLET SHOPS AT GETTYSBURG,17325,17325,PFBS,3.5,2000.0,False,3300,S,PA7010952
PA,OUTLET SHOPS AT GETTYSBURG,OUTLET SHOPS AT GETTYSBURG,17325,17325,PFOA,4.5,4.0,True,3300,S,PA7010952
PA,OUTLET SHOPS AT GETTYSBURG,OUTLET SHOPS AT GETTYSBURG,17325,17325,PFOS,4.4,4.0,True,3300,S,PA7010952
PA,OXFORD BOROUGH,OXFORD BOROUGH,19363,19363,PFBS,5.4,2000.0,False,3300,S,PA1150066
PA,OXFORD BOROUGH,OXFORD BOROUGH,19363,19363,PFOA,4.3,4.0,True,3300,S,PA1150066
PA,PA AM WATER CO-FRACKVILLE DIST,PA AM WATER CO-FRACKVILLE DIST,17931,17931,PFHxS,6.8,10.0,False,3300,S,PA3540032
PA,PA AM WATER CO-FRACKVILLE DIST,PA AM WATER CO-FRACKVILLE DIST,17931,17931,PFNA,6.7,10.0,False,3300,S,PA3540032
PA,PA AM WATER CO-FRACKVILLE DIST,PA AM WATER CO-FRACKVILLE DIST,17931,17931,PFOS,15.0,4.0,True,3300,S,PA3540032
PA,PA AMER WATER CO,PA AMER WATER CO,17003,17003|17010|17013|17022|17033|17036|17042|17057|17078|17109|17111|17112,PFBS,3.9,2000.0,False,10000,L,PA7220017
PA,PA AMER WATER CO,PA AMER WATER CO,17003,17003|17010|17013|17022|17033|17036|17042|17057|17078|17109|17111|17112,PFOA,4.3,4.0,True,10000,L,PA7220017
PA,PA AMER WATER CO ELLWOOD CTY,PA AMER WATER CO ELLWOOD CTY,16037,16037|16063|16117|16123|16136|16157,PFBS,23.1,2000.0,False,10000,L,PA6370011
PA,PA AMER WATER CO LAKE SCRANTON,PA AMER WATER CO LAKE SCRANTON,18403,18403|18410|18411|18414|18434|18447|18452|18471|18503|18504|18505|18507|18508|18509|18510|18512|18517|18518|18519,PFBS,4.2,2000.0,False,10000,L,PA2359008
PA,PA AMER WATER CO LAKE SCRANTON,PA AMER WATER CO LAKE SCRANTON,18403,18403|18410|18411|18414|18434|18447|18452|18471|18503|18504|18505|18507|18508|18509|18510|18512|18517|18518|18519,PFOA,4.9,4.0,True,10000,L,PA2359008
PA,PA AMER WATER CO LAKE SCRANTON,PA AMER WATER CO LAKE SCRANTON,18403,18403|18410|18411|18414|18434|18447|18452|18471|18503|18504|18505|18507|18508|18509|18510|18512|18517|18518|18519,PFOS,7.6,4.0,True,10000,L,PA2359008
PA,PA AMERICAN NORRISTOWN,PA AMERICAN NORRISTOWN,19031,19031|19401|19403|19404|19405|19406|19408|19409|19413|19422|19424|19426|19428|19444|19446|19462|19473|19474|19477|19490,PFBS,5.3,2000.0,False,10000,L,PA1460046
PA,PA AMERICAN ROYERSFORD,PA AMERICAN ROYERSFORD,19426,19426|19460|19464|19468|19475|19543,PFBS,7.0,2000.0,False,10000,L,PA1150166
PA,PA AMERICAN ROYERSFORD,PA AMERICAN ROYERSFORD,19426,19426|19460|19464|19468|19475|19543,PFHxS,5.0,10.0,False,10000,L,PA1150166
PA,PA AMERICAN ROYERSFORD,PA AMERICAN ROYERSFORD,19426,19426|19460|19464|19468|19475|19543,PFOA,9.1,4.0,True,10000,L,PA1150166
PA,PA AMERICAN ROYERSFORD,PA AMERICAN ROYERSFORD,19426,19426|19460|19464|19468|19475|19543,PFOS,10.7,4.0,True,10000,L,PA1150166
PA,PA AMERICAN WATER BERWICK,PA AMERICAN WATER BERWICK,18603,18603|18635,PFBS,4.0,2000.0,False,10000,L,PA4190013
PA,PA AMERICAN WATER BERWICK,PA AMERICAN WATER BERWICK,18603,18603|18635,PFOA,7.9,4.0,True,10000,L,PA4190013
PA,PA AMERICAN WATER BERWICK,PA AMERICAN WATER BERWICK,18603,18603|18635,PFOS,4.0,4.0,False,10000,L,PA4190013
PA,PA AMERICAN WATER CO WEST,PA AMERICAN WATER CO WEST,15101,15101|17001|17011|17015|17025|17043|17050|17055|17067|17070|17072|17074|17078|17093|17105|17317|17319|17339|17370|17575|18706,PFBS,3.2,2000.0,False,10000,L,PA7210029
PA,PA AMERICAN WATER CO WEST,PA AMERICAN WATER CO WEST,15101,15101|17001|17011|17015|17025|17043|17050|17055|17067|17070|17072|17074|17078|17093|17105|17317|17319|17339|17370|17575|18706,PFOA,4.9,4.0,True,10000,L,PA7210029
PA,PA AMERICAN WATER CO WEST,PA AMERICAN WATER CO WEST,15101,15101|17001|17011|17015|17025|17043|17050|17055|17067|17070|17072|17074|17078|17093|17105|17317|17319|17339|17370|17575|18706,PFOS,10.4,4.0,True,10000,L,PA7210029
PA,PA AMERICAN WATER CO YARDLEY,PA AMERICAN WATER CO YARDLEY,08618,08618|08628|18940|18977|19047|19067,PFBS,4.8,2000.0,False,10000,L,PA1090074
PA,PA AMERICAN WATER CO YARDLEY,PA AMERICAN WATER CO YARDLEY,08618,08618|08628|18940|18977|19047|19067,PFOA,9.7,4.0,True,10000,L,PA1090074
PA,PA AMERICAN WATER CO YARDLEY,PA AMERICAN WATER CO YARDLEY,08618,08618|08628|18940|18977|19047|19067,PFOS,6.1,4.0,True,10000,L,PA1090074
PA,PALMERTON MUNICIPAL AUTHORITY,PALMERTON MUNICIPAL AUTHORITY,18012,18012|18071,PFHxS,10.4,10.0,True,3300,S,PA3130012
PA,PALMERTON MUNICIPAL AUTHORITY,PALMERTON MUNICIPAL AUTHORITY,18012,18012|18071,PFNA,21.1,10.0,True,3300,S,PA3130012
PA,PALMERTON MUNICIPAL AUTHORITY,PALMERTON MUNICIPAL AUTHORITY,18012,18012|18071,PFOA,42.5,4.0,True,3300,S,PA3130012
PA,PALMERTON MUNICIPAL AUTHORITY,PALMERTON MUNICIPAL AUTHORITY,18012,18012|18071,PFOS,40.0,4.0,True,3300,S,PA3130012
PA,PARADISE STREAM RESORT WELL 2,PARADISE STREAM RESORT WELL 2,18326,18326,PFOS,4.8,4.0,True,3300,S,PA2450542
PA,PAW GLEN ALSACE DIV,PAW GLEN ALSACE DIV,19508,19508|19518|19606,PFBS,29.8,2000.0,False,10000,L,PA3060088
PA,PAW GLEN ALSACE DIV,PAW GLEN ALSACE DIV,19508,19508|19518|19606,PFHxS,5.4,10.0,False,10000,L,PA3060088
PA,PAW GLEN ALSACE DIV,PAW GLEN ALSACE DIV,19508,19508|19518|19606,PFOA,5.8,4.0,True,10000,L,PA3060088
PA,PAW GLEN ALSACE DIV,PAW GLEN ALSACE DIV,19508,19508|19518|19606,PFOS,12.7,4.0,True,10000,L,PA3060088
PA,PAW PENN DISTRICT,PAW PENN DISTRICT,19608,19608,PFBS,4.9,2000.0,False,10000,L,PA3060069
PA,PAW PENN DISTRICT,PAW PENN DISTRICT,19608,19608,PFHxS,10.2,10.0,True,10000,L,PA3060069
PA,PAW PENN DISTRICT,PAW PENN DISTRICT,19608,19608,PFOA,6.5,4.0,True,10000,L,PA3060069
PA,PAW PENN DISTRICT,PAW PENN DISTRICT,19608,19608,PFOS,16.4,4.0,True,10000,L,PA3060069
PA,PAWC POCONO DISTRICT,PAWC POCONO DISTRICT,18344,18344|18346|18466,PFBS,5.1,2000.0,False,10000,L,PA2450063
PA,PAWC POCONO DISTRICT,PAWC POCONO DISTRICT,18344,18344|18346|18466,PFOA,5.7,4.0,True,10000,L,PA2450063
PA,PAWC POCONO DISTRICT,PAWC POCONO DISTRICT,18344,18344|18346|18466,PFOS,5.2,4.0,True,10000,L,PA2450063
PA,PERKASIE REGIONAL AUTHORITY,PERKASIE REGIONAL AUTHORITY,18944,18944|18960,PFBS,4.9,2000.0,False,10000,L,PA1090046
PA,PERKASIE REGIONAL AUTHORITY,PERKASIE REGIONAL AUTHORITY,18944,18944|18960,PFHxS,5.1,10.0,False,10000,L,PA1090046
PA,PERKASIE REGIONAL AUTHORITY,PERKASIE REGIONAL AUTHORITY,18944,18944|18960,PFOA,6.5,4.0,True,10000,L,PA1090046
PA,PERKASIE REGIONAL AUTHORITY,PERKASIE REGIONAL AUTHORITY,18944,18944|18960,PFOS,17.6,4.0,True,10000,L,PA1090046
PA,PHILADELPHIA WATER DEPARTMENT,PHILADELPHIA WATER DEPARTMENT,19102,19102|19103|19104|19106|19107|19111|19112|19113|19114|19115|19116|19118|19119|19120|19121|19122|19123|19124|19125|19126|19127|19128|19129|19130|19131|19132|19133|19134|19135|19136|19137|19138|19139|19140|19141|19142|19143|19144|19145|19146|19147|19148|19149|19150|19151|19152|19153|19154,PFBS,10.0,2000.0,False,10000,L,PA1510001
PA,PHILADELPHIA WATER DEPARTMENT,PHILADELPHIA WATER DEPARTMENT,19102,19102|19103|19104|19106|19107|19111|19112|19113|19114|19115|19116|19118|19119|19120|19121|19122|19123|19124|19125|19126|19127|19128|19129|19130|19131|19132|19133|19134|19135|19136|19137|19138|19139|19140|19141|19142|19143|19144|19145|19146|19147|19148|19149|19150|19151|19152|19153|19154,PFNA,4.5,10.0,False,10000,L,PA1510001
PA,PHILADELPHIA WATER DEPARTMENT,PHILADELPHIA WATER DEPARTMENT,19102,19102|19103|19104|19106|19107|19111|19112|19113|19114|19115|19116|19118|19119|19120|19121|19122|19123|19124|19125|19126|19127|19128|19129|19130|19131|19132|19133|19134|19135|19136|19137|19138|19139|19140|19141|19142|19143|19144|19145|19146|19147|19148|19149|19150|19151|19152|19153|19154,PFOA,8.1,4.0,True,10000,L,PA1510001
PA,PHILADELPHIA WATER DEPARTMENT,PHILADELPHIA WATER DEPARTMENT,19102,19102|19103|19104|19106|19107|19111|19112|19113|19114|19115|19116|19118|19119|19120|19121|19122|19123|19124|19125|19126|19127|19128|19129|19130|19131|19132|19133|19134|19135|19136|19137|19138|19139|19140|19141|19142|19143|19144|19145|19146|19147|19148|19149|19150|19151|19152|19153|19154,PFOS,6.0,4.0,True,10000,L,PA1510001
PA,PHOENIXVILLE WATER DEPT,PHOENIXVILLE WATER DEPT,19460,19460,PFBS,9.8,2000.0,False,10000,L,PA1150077
PA,PHOENIXVILLE WATER DEPT,PHOENIXVILLE WATER DEPT,19460,19460,PFOA,5.9,4.0,True,10000,L,PA1150077
PA,PHOENIXVILLE WATER DEPT,PHOENIXVILLE WATER DEPT,19460,19460,PFOS,5.1,4.0,True,10000,L,PA1150077
PA,PITTSBURGH INTL AIRPORT,PITTSBURGH INTL AIRPORT,15231,15231,PFHxS,4.7,10.0,False,10000,L,PA5020947
PA,PITTSBURGH INTL AIRPORT,PITTSBURGH INTL AIRPORT,15231,15231,PFOS,7.0,4.0,True,10000,L,PA5020947
PA,PLUMSTEAD NORTHERN SYSTEM,PLUMSTEAD NORTHERN SYSTEM,,,PFBS,8.0,2000.0,False,3300,S,PA1090144
PA,PLUMSTEAD NORTHERN SYSTEM,PLUMSTEAD NORTHERN SYSTEM,,,PFOA,7.5,4.0,True,3300,S,PA1090144
PA,PLUMSTEAD NORTHERN SYSTEM,PLUMSTEAD NORTHERN SYSTEM,,,PFOS,7.4,4.0,True,3300,S,PA1090144
PA,POTTSTOWN BOROUGH WATER AUTH,POTTSTOWN BOROUGH WATER AUTH,19464,19464,PFBS,5.0,2000.0,False,10000,L,PA1460037
PA,QUAKERTOWN BORO,QUAKERTOWN BORO,18951,18951,PFBS,6.8,2000.0,False,10000,L,PA1090082
PA,QUAKERTOWN BORO,QUAKERTOWN BORO,18951,18951,PFHxS,3.1,10.0,False,10000,L,PA1090082
PA,QUAKERTOWN BORO,QUAKERTOWN BORO,18951,18951,PFNA,24.0,10.0,True,10000,L,PA1090082
PA,QUAKERTOWN BORO,QUAKERTOWN BORO,18951,18951,PFOA,10.8,4.0,True,10000,L,PA1090082
PA,QUAKERTOWN BORO,QUAKERTOWN BORO,18951,18951,PFOS,14.3,4.0,True,10000,L,PA1090082
PA,RADISSON VALLEY FORGE HOTEL,RADISSON VALLEY FORGE HOTEL,19406,19406,PFBS,3.0,2000.0,False,3300,S,PA1460492
PA,RADISSON VALLEY FORGE HOTEL,RADISSON VALLEY FORGE HOTEL,19406,19406,PFOA,5.4,4.0,True,3300,S,PA1460492
PA,RADISSON VALLEY FORGE HOTEL,RADISSON VALLEY FORGE HOTEL,19406,19406,PFOS,4.0,4.0,False,3300,S,PA1460492
PA,READING AREA WATER AUTHORITY,READING AREA WATER AUTHORITY,19508,19508|19601|19602|19603|19604|19605|19606|19607|19610|19611,PFBS,5.6,2000.0,False,10000,L,PA3060059
PA,READING AREA WATER AUTHORITY,READING AREA WATER AUTHORITY,19508,19508|19601|19602|19603|19604|19605|19606|19607|19610|19611,PFOA,6.6,4.0,True,10000,L,PA3060059
PA,RICHLAND TWP WATER AUTHORITY,RICHLAND TWP WATER AUTHORITY,18951,18951,PFBS,9.7,2000.0,False,3300,S,PA1090131
PA,RICHLAND TWP WATER AUTHORITY,RICHLAND TWP WATER AUTHORITY,18951,18951,PFNA,5.1,10.0,False,3300,S,PA1090131
PA,RICHLAND TWP WATER AUTHORITY,RICHLAND TWP WATER AUTHORITY,18951,18951,PFOA,7.1,4.0,True,3300,S,PA1090131
PA,RICHLAND TWP WATER AUTHORITY,RICHLAND TWP WATER AUTHORITY,18951,18951,PFOS,8.3,4.0,True,3300,S,PA1090131
PA,ROCKVIEW,ROCKVIEW,16823,16823,PFOS,5.1,4.0,True,3300,S,PA4140098
PA,SALISBURY TWP WATER SYSTEM,SALISBURY TWP WATER SYSTEM,18103,18103,PFBS,3.2,2000.0,False,3300,S,PA3390062
PA,SALISBURY TWP WATER SYSTEM,SALISBURY TWP WATER SYSTEM,18103,18103,PFOA,4.5,4.0,True,3300,S,PA3390062
PA,SALISBURY TWP WATER SYSTEM,SALISBURY TWP WATER SYSTEM,18103,18103,PFOS,4.2,4.0,True,3300,S,PA3390062
PA,SCHWENKSVILLE BOROUGH AUTH,SCHWENKSVILLE BOROUGH AUTH,18074,18074|19473|19478|19492,PFBS,5.3,2000.0,False,3300,S,PA1460042
PA,SCHWENKSVILLE BOROUGH AUTH,SCHWENKSVILLE BOROUGH AUTH,18074,18074|19473|19478|19492,PFOA,5.4,4.0,True,3300,S,PA1460042
PA,SCHWENKSVILLE BOROUGH AUTH,SCHWENKSVILLE BOROUGH AUTH,18074,18074|19473|19478|19492,PFOS,8.3,4.0,True,3300,S,PA1460042
PA,SEWICKLEY BORO WATER AUTH,SEWICKLEY BORO WATER AUTH,15143,15143,PFBS,5.7,2000.0,False,3300,S,PA5020050
PA,SEWICKLEY BORO WATER AUTH,SEWICKLEY BORO WATER AUTH,15143,15143,PFHxS,3.3,10.0,False,3300,S,PA5020050
PA,SHILLINGTON MUNI AUTH,SHILLINGTON MUNI AUTH,19540,19540|19607|19608|19609|19610,PFBS,4.3,2000.0,False,10000,L,PA3060067
PA,SHREWSBURY BOROUGH,SHREWSBURY BOROUGH,17361,17361,PFBS,43.0,2000.0,False,3300,S,PA7670088
PA,SHREWSBURY BOROUGH,SHREWSBURY BOROUGH,17361,17361,PFHxS,4.5,10.0,False,3300,S,PA7670088
PA,SHREWSBURY BOROUGH,SHREWSBURY BOROUGH,17361,17361,PFOA,5.9,4.0,True,3300,S,PA7670088
PA,SHREWSBURY BOROUGH,SHREWSBURY BOROUGH,17361,17361,PFOS,11.2,4.0,True,3300,S,PA7670088
PA,SOUTH MIDDLETON TWP WATER AUTH,SOUTH MIDDLETON TWP WATER AUTH,17007,17007|17013|17015,PFBS,3.2,2000.0,False,10000,L,PA7210050
PA,SPRING TWP WATER AUTHORITY,SPRING TWP WATER AUTHORITY,16823,16823,PFHxS,4.2,10.0,False,3300,S,PA4140118
PA,SPRINGDALE BORO WATER DEPT,SPRINGDALE BORO WATER DEPT,15144,15144,PFBS,7.6,2000.0,False,3300,S,PA5020053
PA,STATE CORRECTIONAL INST,STATE CORRECTIONAL INST,17001,17001,PFBS,4.3,2000.0,False,3300,S,PA7210046
PA,STATE CORRECTIONAL INST,STATE CORRECTIONAL INST,17001,17001,PFOS,5.3,4.0,True,3300,S,PA7210046
PA,STEWARTSTOWN BORO WATER AUTH,STEWARTSTOWN BORO WATER AUTH,17363,17363,PFBS,6.7,2000.0,False,3300,S,PA7670062
PA,STEWARTSTOWN BORO WATER AUTH,STEWARTSTOWN BORO WATER AUTH,17363,17363,PFOA,4.6,4.0,True,3300,S,PA7670062
PA,STEWARTSTOWN BORO WATER AUTH,STEWARTSTOWN BORO WATER AUTH,17363,17363,PFOS,4.1,4.0,True,3300,S,PA7670062
PA,SUEZ MECHANICSBURG,SUEZ MECHANICSBURG,17055,17055|17070,PFBS,5.7,2000.0,False,10000,L,PA7210028
PA,SUEZ MECHANICSBURG,SUEZ MECHANICSBURG,17055,17055|17070,PFOA,7.1,4.0,True,10000,L,PA7210028
PA,SUEZ MECHANICSBURG,SUEZ MECHANICSBURG,17055,17055|17070,PFOS,11.4,4.0,True,10000,L,PA7210028
PA,SUEZ MIDDLETOWN,SUEZ MIDDLETOWN,17057,17057,PFBS,6.8,2000.0,False,3300,S,PA7220038
PA,SUEZ MIDDLETOWN,SUEZ MIDDLETOWN,17057,17057,PFHxS,6.1,10.0,False,3300,S,PA7220038
PA,SUEZ MIDDLETOWN,SUEZ MIDDLETOWN,17057,17057,PFOA,7.5,4.0,True,3300,S,PA7220038
PA,SUEZ MIDDLETOWN,SUEZ MIDDLETOWN,17057,17057,PFOS,12.7,4.0,True,3300,S,PA7220038
PA,SUEZ NEWBERRY SYSTEM,SUEZ NEWBERRY SYSTEM,17319,17319|17370,PFBS,5.7,2000.0,False,3300,S,PA7670061
PA,SUEZ NEWBERRY SYSTEM,SUEZ NEWBERRY SYSTEM,17319,17319|17370,PFHxS,3.7,10.0,False,3300,S,PA7670061
PA,SUEZ NEWBERRY SYSTEM,SUEZ NEWBERRY SYSTEM,17319,17319|17370,PFOA,10.0,4.0,True,3300,S,PA7670061
PA,SUEZ NEWBERRY SYSTEM,SUEZ NEWBERRY SYSTEM,17319,17319|17370,PFOS,10.0,4.0,True,3300,S,PA7670061
PA,SUEZ WATER PA,SUEZ WATER PA,17036,17036|17110|17111|17112,PFBS,4.1,2000.0,False,10000,L,PA7220015
PA,SUEZ WATER PA BETHEL,SUEZ WATER PA BETHEL,19060,19060|19061|19317|19342,PFBS,3.8,2000.0,False,3300,S,PA1230012
PA,SUEZ WATER PA BETHEL,SUEZ WATER PA BETHEL,19060,19060|19061|19317|19342,PFNA,9.7,10.0,False,3300,S,PA1230012
PA,SUEZ WATER PA BETHEL,SUEZ WATER PA BETHEL,19060,19060|19061|19317|19342,PFOA,22.3,4.0,True,3300,S,PA1230012
PA,SUEZ WATER PA DALLAS,SUEZ WATER PA DALLAS,18612,18612,PFHxS,3.5,10.0,False,3300,S,PA2400076
PA,SUEZ WATER PA DALLAS,SUEZ WATER PA DALLAS,18612,18612,PFOA,4.1,4.0,True,3300,S,PA2400076
PA,SUEZ WATER PA DALLAS,SUEZ WATER PA DALLAS,18612,18612,PFOS,7.9,4.0,True,3300,S,PA2400076
PA,SWT MAIN SYSTEM,SWT MAIN SYSTEM,18052,18052|18069|18102|18103|18104,PFOA,4.0,4.0,False,10000,L,PA3390065
PA,TELFORD BOROUGH AUTHORITY,TELFORD BOROUGH AUTHORITY,18969,18969,PFBS,7.4,2000.0,False,3300,S,PA1460050
PA,TELFORD BOROUGH AUTHORITY,TELFORD BOROUGH AUTHORITY,18969,18969,PFHxS,5.5,10.0,False,3300,S,PA1460050
PA,TELFORD BOROUGH AUTHORITY,TELFORD BOROUGH AUTHORITY,18969,18969,PFOA,14.9,4.0,True,3300,S,PA1460050
PA,TELFORD BOROUGH AUTHORITY,TELFORD BOROUGH AUTHORITY,18969,18969,PFOS,15.2,4.0,True,3300,S,PA1460050
PA,TITUSVILLE MUNICIPAL WATER,TITUSVILLE MUNICIPAL WATER,16354,16354,PFOS,5.7,4.0,True,3300,S,PA6200051
PA,TUNKHANNOCK BORO MUNIC AUTH,TUNKHANNOCK BORO MUNIC AUTH,18657,18657,PFOA,4.8,4.0,True,3300,S,PA2660014
PA,TUNKHANNOCK BORO MUNIC AUTH,TUNKHANNOCK BORO MUNIC AUTH,18657,18657,PFOS,6.6,4.0,True,3300,S,PA2660014
PA,UPPER HANOVER WATER AUTHORITY,UPPER HANOVER WATER AUTHORITY,18041,18041|18056|18070|18073|18076,PFHxS,3.0,10.0,False,3300,S,PA1460036
PA,UPPER HANOVER WATER AUTHORITY,UPPER HANOVER WATER AUTHORITY,18041,18041|18056|18070|18073|18076,PFNA,8.2,10.0,False,3300,S,PA1460036
PA,UPPER HANOVER WATER AUTHORITY,UPPER HANOVER WATER AUTHORITY,18041,18041|18056|18070|18073|18076,PFOA,6.2,4.0,True,3300,S,PA1460036
PA,UPPER HANOVER WATER AUTHORITY,UPPER HANOVER WATER AUTHORITY,18041,18041|18056|18070|18073|18076,PFOS,5.5,4.0,True,3300,S,PA1460036
PA,UPPER LEACOCK TOWNSHIP,UPPER LEACOCK TOWNSHIP,17540,17540|17601,PFBS,4.6,2000.0,False,3300,S,PA7360140
PA,UPPER LEACOCK TOWNSHIP,UPPER LEACOCK TOWNSHIP,17540,17540|17601,PFHxS,3.7,10.0,False,3300,S,PA7360140
PA,UPPER LEACOCK TOWNSHIP,UPPER LEACOCK TOWNSHIP,17540,17540|17601,PFOA,8.1,4.0,True,3300,S,PA7360140
PA,UPPER LEACOCK TOWNSHIP,UPPER LEACOCK TOWNSHIP,17540,17540|17601,PFOS,9.5,4.0,True,3300,S,PA7360140
PA,UPPER SOUTHAMPTON MUN AUTH,UPPER SOUTHAMPTON MUN AUTH,18966,18966,PFBS,7.5,2000.0,False,10000,L,PA1090063
PA,UPPER SOUTHAMPTON MUN AUTH,UPPER SOUTHAMPTON MUN AUTH,18966,18966,PFHxS,5.0,10.0,False,10000,L,PA1090063
PA,UPPER SOUTHAMPTON MUN AUTH,UPPER SOUTHAMPTON MUN AUTH,18966,18966,PFOA,14.2,4.0,True,10000,L,PA1090063
PA,UPPER SOUTHAMPTON MUN AUTH,UPPER SOUTHAMPTON MUN AUTH,18966,18966,PFOS,16.4,4.0,True,10000,L,PA1090063
PA,WARWICK TWP LITITZ SYS,WARWICK TWP LITITZ SYS,,,PFBS,5.5,2000.0,False,3300,S,PA7360116
PA,WARWICK TWP WATER & SEWER AUTH,WARWICK TWP WATER & SEWER AUTH,18929,18929|18974,PFBS,5.3,2000.0,False,10000,L,PA1090127
PA,WARWICK TWP WATER & SEWER AUTH,WARWICK TWP WATER & SEWER AUTH,18929,18929|18974,PFHxS,5.3,10.0,False,10000,L,PA1090127
PA,WARWICK TWP WATER & SEWER AUTH,WARWICK TWP WATER & SEWER AUTH,18929,18929|18974,PFOA,7.6,4.0,True,10000,L,PA1090127
PA,WARWICK TWP WATER & SEWER AUTH,WARWICK TWP WATER & SEWER AUTH,18929,18929|18974,PFOS,7.1,4.0,True,10000,L,PA1090127
PA,WERNERSVILLE MUNI WATER AUTH,WERNERSVILLE MUNI WATER AUTH,19565,19565|19608,PFBS,4.9,2000.0,False,3300,S,PA3060076
PA,WERNERSVILLE MUNI WATER AUTH,WERNERSVILLE MUNI WATER AUTH,19565,19565|19608,PFOA,4.2,4.0,True,3300,S,PA3060076
PA,WEST MANCHESTER TWP AUTH,WEST MANCHESTER TWP AUTH,,,PFBS,4.8,2000.0,False,3300,S,PA7670101
PA,WEST MANCHESTER TWP AUTH,WEST MANCHESTER TWP AUTH,,,PFOS,6.2,4.0,True,3300,S,PA7670101
PA,WEST READING BORO WATER,WEST READING BORO WATER,19611,19611,PFBS,4.7,2000.0,False,3300,S,PA3060078
PA,WEST READING BORO WATER,WEST READING BORO WATER,19611,19611,PFOA,4.2,4.0,True,3300,S,PA3060078
PA,WESTERN ALLEGHENY COUNTY MUN A,WESTERN ALLEGHENY COUNTY MUN A,15071,15071,PFHxS,3.7,10.0,False,10000,L,PA5020034
PA,WESTERN ALLEGHENY COUNTY MUN A,WESTERN ALLEGHENY COUNTY MUN A,15071,15071,PFOS,5.2,4.0,True,10000,L,PA5020034
PA,WHITEHALL TWP AUTHORITY,WHITEHALL TWP AUTHORITY,18037,18037|18052,PFBS,3.7,2000.0,False,10000,L,PA3390081
PA,WHITEHALL TWP AUTHORITY,WHITEHALL TWP AUTHORITY,18037,18037|18052,PFHxS,7.0,10.0,False,10000,L,PA3390081
PA,WHITEHALL TWP AUTHORITY,WHITEHALL TWP AUTHORITY,18037,18037|18052,PFNA,6.1,10.0,False,10000,L,PA3390081
PA,WHITEHALL TWP AUTHORITY,WHITEHALL TWP AUTHORITY,18037,18037|18052,PFOA,4.9,4.0,True,10000,L,PA3390081
PA,WHITEHALL TWP AUTHORITY,WHITEHALL TWP AUTHORITY,18037,18037|18052,PFOS,5.4,4.0,True,10000,L,PA3390081
PA,WILLIAMSPORT MUN WATER AUTH,WILLIAMSPORT MUN WATER AUTH,17701,17701|17702|17754,PFHxS,3.6,10.0,False,10000,L,PA4410173
PA,WILLIAMSPORT MUN WATER AUTH,WILLIAMSPORT MUN WATER AUTH,17701,17701|17702|17754,PFNA,9.7,10.0,False,10000,L,PA4410173
PA,WILLIAMSPORT MUN WATER AUTH,WILLIAMSPORT MUN WATER AUTH,17701,17701|17702|17754,PFOS,5.1,4.0,True,10000,L,PA4410173
PA,WYOMISSING BORO WATER SYSTEM,WYOMISSING BORO WATER SYSTEM,19610,19610,PFBS,4.9,2000.0,False,3300,S,PA3060083
PA,WYOMISSING BORO WATER SYSTEM,WYOMISSING BORO WATER SYSTEM,19610,19610,PFOA,4.7,4.0,True,3300,S,PA3060083
PA,ZELIENOPLE BORO,ZELIENOPLE BORO,16063,16063,PFBS,17.1,2000.0,False,3300,S,PA5100093
PA,ZELIENOPLE BORO,ZELIENOPLE BORO,16063,16063,PFOA,4.2,4.0,True,3300,S,PA5100093
PR,AGUADILLA,AGUADILLA,00647,00647,PFBS,5.2,2000.0,False,10000,L,PR0003293
PR,AGUADILLA,AGUADILLA,00647,00647,PFOS,5.3,4.0,True,10000,L,PR0003293
PR,AGUAS BUENAS URBANO,AGUAS BUENAS URBANO,00703,00703,PFOA,4.1,4.0,True,10000,L,PR0005046
PR,AGUAS BUENAS URBANO,AGUAS BUENAS URBANO,00703,00703,PFOS,4.2,4.0,True,10000,L,PR0005046
PR,AIBONITO LA PLATA,AIBONITO LA PLATA,00653,00653,PFBS,3.2,2000.0,False,10000,L,PR0004545
PR,AIBONITO LA PLATA,AIBONITO LA PLATA,00653,00653,PFHxS,4.8,10.0,False,10000,L,PR0004545
PR,AIBONITO LA PLATA,AIBONITO LA PLATA,00653,00653,PFOS,46.7,4.0,True,10000,L,PR0004545
PR,AIBONITO URBANO,AIBONITO URBANO,00705,00705,PFBS,3.0,2000.0,False,3300,S,PR0004955
PR,AIBONITO URBANO,AIBONITO URBANO,00705,00705,PFOS,4.3,4.0,True,3300,S,PR0004955
PR,ARECIBO URBANO,ARECIBO URBANO,00612,00612,PFOS,4.4,4.0,True,10000,L,PR0002652
PR,ARUZ,ARUZ,00795,00795,PFBS,6.4,2000.0,False,3300,S,PR0003834
PR,ARUZ,ARUZ,00795,00795,PFOS,7.1,4.0,True,3300,S,PR0003834
PR,CAGUAS NORTE,CAGUAS NORTE,00725,00725,PFOS,7.4,4.0,True,10000,L,PR0005086
PR,CIDRA URBANO,CIDRA URBANO,00638,00638,PFHxS,4.5,10.0,False,10000,L,PR0004695
PR,CIDRA URBANO,CIDRA URBANO,00638,00638,PFOS,9.8,4.0,True,10000,L,PR0004695
PR,DORADO URBANO,DORADO URBANO,00646,00646,PFOS,4.6,4.0,True,10000,L,PR0005607
PR,EXPERIMENTAL,EXPERIMENTAL,00795,00795,PFBS,42.0,2000.0,False,3300,S,PR0004604
PR,EXPERIMENTAL,EXPERIMENTAL,00795,00795,PFOA,22.0,4.0,True,3300,S,PR0004604
PR,EXPERIMENTAL,EXPERIMENTAL,00795,00795,PFOS,5.4,4.0,True,3300,S,PR0004604
PR,GURABO URBANO,GURABO URBANO,00778,00778,PFOS,4.4,4.0,True,10000,L,PR0005096
PR,JACAGUAS,JACAGUAS,00795,00795,PFBS,5.0,2000.0,False,3300,S,PR0004534
PR,JACAGUAS,JACAGUAS,00795,00795,PFHxS,8.9,10.0,False,3300,S,PR0004534
PR,JACAGUAS,JACAGUAS,00795,00795,PFOS,12.4,4.0,True,3300,S,PR0004534
PR,JUNCOS - CEIBA SUR,JUNCOS - CEIBA SUR,00777,00777,PFOA,4.8,4.0,True,10000,L,PR0005166
PR,LAS BOCAS,LAS BOCAS,00794,00794,PFOS,7.2,4.0,True,3300,S,PR0004945
PR,LAS PIEDRAS HUMACAO,LAS PIEDRAS HUMACAO,00791,00791,PFOS,5.4,4.0,True,10000,L,PR0005376
PR,MANATI EAST,MANATI EAST,00674,00674,PFOS,6.7,4.0,True,10000,L,PR0003262
PR,MAUNABO URBANO,MAUNABO URBANO,00707,00707,PFBS,3.2,2000.0,False,3300,S,PR0004815
PR,MAUNABO URBANO,MAUNABO URBANO,00707,00707,PFOS,4.8,4.0,True,3300,S,PR0004815
PR,METROPOLITANO,METROPOLITANO,00901,00901,PFOA,10.9,4.0,True,10000,L,PR0002591
PR,METROPOLITANO,METROPOLITANO,00901,00901,PFOS,7.8,4.0,True,10000,L,PR0002591
PR,MOROVIS URBANO,MOROVIS URBANO,00687,00687,PFBS,4.5,2000.0,False,10000,L,PR0002762
PR,MOROVIS URBANO,MOROVIS URBANO,00687,00687,PFOS,6.7,4.0,True,10000,L,PR0002762
PR,PATILLAS URBANO,PATILLAS URBANO,00723,00723,PFBS,11.9,2000.0,False,10000,L,PR0004835
PR,PATILLAS URBANO,PATILLAS URBANO,00723,00723,PFOS,14.3,4.0,True,10000,L,PR0004835
PR,PONCE URBANO,PONCE URBANO,00731,00731,PFBS,9.2,2000.0,False,10000,L,PR0003824
PR,PONCE URBANO,PONCE URBANO,00731,00731,PFHxS,16.7,10.0,True,10000,L,PR0003824
PR,PONCE URBANO,PONCE URBANO,00731,00731,PFOA,5.1,4.0,True,10000,L,PR0003824
PR,PONCE URBANO,PONCE URBANO,00731,00731,PFOS,25.6,4.0,True,10000,L,PR0003824
PR,PUGNADO,PUGNADO,00693,00693,PFBS,6.7,2000.0,False,3300,S,PR0002972
PR,SALINAS URBANO,SALINAS URBANO,00751,00751,PFBS,5.9,2000.0,False,3300,S,PR0004885
PR,SALINAS URBANO,SALINAS URBANO,00751,00751,PFHxS,8.2,10.0,False,3300,S,PR0004885
PR,SALINAS URBANO,SALINAS URBANO,00751,00751,PFOS,9.6,4.0,True,3300,S,PR0004885
PR,SANTA ISABEL URBANO,SANTA ISABEL URBANO,00757,00757,PFBS,6.4,2000.0,False,10000,L,PR0003904
PR,SANTA ISABEL URBANO,SANTA ISABEL URBANO,00757,00757,PFHxS,4.9,10.0,False,10000,L,PR0003904
PR,SANTA ISABEL URBANO,SANTA ISABEL URBANO,00757,00757,PFOS,10.3,4.0,True,10000,L,PR0003904
PR,U.C.P.R,U.C.P.R,00717,00717,PFBS,4.3,2000.0,False,3300,S,PR0458104
PR,U.C.P.R,U.C.P.R,00717,00717,PFHxS,3.1,10.0,False,3300,S,PR0458104
PR,U.C.P.R,U.C.P.R,00717,00717,PFOS,17.0,4.0,True,3300,S,PR0458104
PR,"U.S. ARMY, FORT BUCHANAN","U.S. ARMY, FORT BUCHANAN",00934,00934,PFHxS,3.5,10.0,False,3300,S,PR0132051
PR,"U.S. ARMY, FORT BUCHANAN","U.S. ARMY, FORT BUCHANAN",00934,00934,PFOS,4.6,4.0,True,3300,S,PR0132051
PR,UPR CAYEY,UPR CAYEY,00736,00736,PFBS,5.7,2000.0,False,3300,S,PR0518085
PR,UPR CAYEY,UPR CAYEY,00736,00736,PFOS,16.4,4.0,True,3300,S,PR0518085
PR,VEGA BAJA URBANO,VEGA BAJA URBANO,00693,00693,PFBS,3.7,2000.0,False,10000,L,PR0002772
PR,VEGA BAJA URBANO,VEGA BAJA URBANO,00693,00693,PFOS,4.4,4.0,True,10000,L,PR0002772
RI,"CUMBERLAND, TOWN OF","CUMBERLAND, TOWN OF",02864,02864,PFBS,4.5,2000.0,False,10000,L,RI1647530
RI,"CUMBERLAND, TOWN OF","CUMBERLAND, TOWN OF",02864,02864,PFOA,7.7,4.0,True,10000,L,RI1647530
RI,"CUMBERLAND, TOWN OF","CUMBERLAND, TOWN OF",02864,02864,PFOS,6.7,4.0,True,10000,L,RI1647530
RI,KENT COUNTY WATER AUTHORITY,KENT COUNTY WATER AUTHORITY,02816,02816|02817|02818|02831|02886|02893,PFBS,3.6,2000.0,False,10000,L,RI1559511
RI,KENT COUNTY WATER AUTHORITY,KENT COUNTY WATER AUTHORITY,02816,02816|02817|02818|02831|02886|02893,PFOA,7.5,4.0,True,10000,L,RI1559511
RI,KINGSTON WATER DISTRICT,KINGSTON WATER DISTRICT,02879,02879|02881|02892,PFBS,36.8,2000.0,False,3300,S,RI1858421
RI,KINGSTON WATER DISTRICT,KINGSTON WATER DISTRICT,02879,02879|02881|02892,PFOA,6.2,4.0,True,3300,S,RI1858421
RI,NARRAGANSETT WATER DEPT-NORTH END,NARRAGANSETT WATER DEPT-NORTH END,02882,02882,PFBS,5.4,2000.0,False,3300,S,RI1858429
RI,NARRAGANSETT WATER DEPT-NORTH END,NARRAGANSETT WATER DEPT-NORTH END,02882,02882,PFOA,4.3,4.0,True,3300,S,RI1858429
RI,NARRAGANSETT WATER DEPT-NORTH END,NARRAGANSETT WATER DEPT-NORTH END,02882,02882,PFOS,4.0,4.0,False,3300,S,RI1858429
RI,NORTH KINGSTOWN TOWN OF,NORTH KINGSTOWN TOWN OF,02852,02852|02874|02877,PFBS,7.7,2000.0,False,10000,L,RI1559517
RI,NORTH KINGSTOWN TOWN OF,NORTH KINGSTOWN TOWN OF,02852,02852|02874|02877,PFHxS,3.2,10.0,False,10000,L,RI1559517
RI,NORTH KINGSTOWN TOWN OF,NORTH KINGSTOWN TOWN OF,02852,02852|02874|02877,PFOA,8.1,4.0,True,10000,L,RI1559517
RI,NORTH KINGSTOWN TOWN OF,NORTH KINGSTOWN TOWN OF,02852,02852|02874|02877,PFOS,4.6,4.0,True,10000,L,RI1559517
RI,NORTH TIVERTON FIRE DISTRICT,NORTH TIVERTON FIRE DISTRICT,02878,02878,PFOA,4.0,4.0,False,3300,S,RI1592018
RI,QUONSET BUSINESS PARK,QUONSET BUSINESS PARK,02852,02852,PFBS,3.0,2000.0,False,10000,L,RI1592025
RI,QUONSET BUSINESS PARK,QUONSET BUSINESS PARK,02852,02852,PFHxS,8.6,10.0,False,10000,L,RI1592025
RI,QUONSET BUSINESS PARK,QUONSET BUSINESS PARK,02852,02852,PFOA,15.0,4.0,True,10000,L,RI1592025
RI,QUONSET BUSINESS PARK,QUONSET BUSINESS PARK,02852,02852,PFOS,5.0,4.0,True,10000,L,RI1592025
RI,SOUTH KINGSTOWN-SOUTH SHORE,SOUTH KINGSTOWN-SOUTH SHORE,02879,02879,PFOA,6.1,4.0,True,3300,S,RI1615623
RI,UNIVERSITY OF RHODE ISLAND,UNIVERSITY OF RHODE ISLAND,02881,02881,PFBS,9.0,2000.0,False,10000,L,RI1858422
RI,UNIVERSITY OF RHODE ISLAND,UNIVERSITY OF RHODE ISLAND,02881,02881,PFHxS,4.0,10.0,False,10000,L,RI1858422
RI,UNIVERSITY OF RHODE ISLAND,UNIVERSITY OF RHODE ISLAND,02881,02881,PFNA,7.0,10.0,False,10000,L,RI1858422
RI,UNIVERSITY OF RHODE ISLAND,UNIVERSITY OF RHODE ISLAND,02881,02881,PFOA,16.0,4.0,True,10000,L,RI1858422
RI,UNIVERSITY OF RHODE ISLAND,UNIVERSITY OF RHODE ISLAND,02881,02881,PFOS,5.0,4.0,True,10000,L,RI1858422
RI,WESTERLY WATER DEPARTMENT,WESTERLY WATER DEPARTMENT,02808,02808|02891|06379,PFBS,3.0,2000.0,False,10000,L,RI1559512
RI,WESTERLY WATER DEPARTMENT,WESTERLY WATER DEPARTMENT,02808,02808|02891|06379,PFOA,9.0,4.0,True,10000,L,RI1559512
RI,WESTERLY WATER DEPARTMENT,WESTERLY WATER DEPARTMENT,02808,02808|02891|06379,PFOS,7.0,4.0,True,10000,L,RI1559512
RI,WOONSOCKET WATER DIVISION,WOONSOCKET WATER DIVISION,01504,01504|02019|02864|02895|02896,PFOA,5.8,4.0,True,10000,L,RI1559518
SC,ABBEVILLE CITY OF,ABBEVILLE CITY OF,29628,29628,HFPO-DA (GenX),140.0,10.0,True,3300,S,SC0110001
SC,ABBEVILLE CITY OF,ABBEVILLE CITY OF,29628,29628,PFBS,8.3,2000.0,False,3300,S,SC0110001
SC,AMICKS FERRY WTR SYSTEM (3250077),AMICKS FERRY WTR SYSTEM (3250077),29036,29036,HFPO-DA (GenX),7.2,10.0,False,3300,S,SC3250077
SC,AMICKS FERRY WTR SYSTEM (3250077),AMICKS FERRY WTR SYSTEM (3250077),29036,29036,PFOA,4.6,4.0,True,3300,S,SC3250077
SC,AMICKS FERRY WTR SYSTEM (3250077),AMICKS FERRY WTR SYSTEM (3250077),29036,29036,PFOS,7.6,4.0,True,3300,S,SC3250077
SC,BATESBURG LEESVILLE DPW (3210002),BATESBURG LEESVILLE DPW (3210002),29006,29006|29070,PFOA,11.5,4.0,True,3300,S,SC3210002
SC,BATESBURG LEESVILLE DPW (3210002),BATESBURG LEESVILLE DPW (3210002),29006,29006|29070,PFOS,15.0,4.0,True,3300,S,SC3210002
SC,BCWSA EAST COOPER (0820009),BCWSA EAST COOPER (0820009),29431,29431|29434|29450|29453|29468|29479,HFPO-DA (GenX),7.4,10.0,False,10000,L,SC0820009
SC,BCWSA EAST COOPER (0820009),BCWSA EAST COOPER (0820009),29431,29431|29434|29450|29453|29468|29479,PFBS,4.2,2000.0,False,10000,L,SC0820009
SC,BCWSA EAST COOPER (0820009),BCWSA EAST COOPER (0820009),29431,29431|29434|29450|29453|29468|29479,PFOA,5.9,4.0,True,10000,L,SC0820009
SC,BCWSA EAST COOPER (0820009),BCWSA EAST COOPER (0820009),29431,29431|29434|29450|29453|29468|29479,PFOS,7.1,4.0,True,10000,L,SC0820009
SC,BCWSA SANGAREE W/D (0820002),BCWSA SANGAREE W/D (0820002),29434,29434|29436|29450|29461|29468|29469,PFBS,4.2,2000.0,False,10000,L,SC0820002
SC,BCWSA SANGAREE W/D (0820002),BCWSA SANGAREE W/D (0820002),29434,29434|29436|29450|29461|29468|29469,PFOA,6.1,4.0,True,10000,L,SC0820002
SC,BCWSA SANGAREE W/D (0820002),BCWSA SANGAREE W/D (0820002),29434,29434|29436|29450|29461|29468|29469,PFOS,7.1,4.0,True,10000,L,SC0820002
SC,BELTON CITY OF (SC0410004),BELTON CITY OF (SC0410004),29627,29627,HFPO-DA (GenX),82.9,10.0,True,3300,S,SC0410004
SC,BELTON CITY OF (SC0410004),BELTON CITY OF (SC0410004),29627,29627,PFBS,4.3,2000.0,False,3300,S,SC0410004
SC,BGWC I-20 (3250012),BGWC I-20 (3250012),29073,29073|29169,HFPO-DA (GenX),7.8,10.0,False,3300,S,SC3250012
SC,BGWC I-20 (3250012),BGWC I-20 (3250012),29073,29073|29169,PFOS,5.5,4.0,True,3300,S,SC3250012
SC,BIG CREEK W/S DISTRICT (0420009),BIG CREEK W/S DISTRICT (0420009),29627,29627|29669|29697,PFBS,4.3,2000.0,False,10000,L,SC0420009
SC,BJW&SA (0720003),BJW&SA (0720003),29909,29909,PFBS,5.7,2000.0,False,10000,L,SC0720003
SC,BJW&SA (0720003),BJW&SA (0720003),29909,29909,PFOA,5.6,4.0,True,10000,L,SC0720003
SC,BJW&SA (0720003),BJW&SA (0720003),29909,29909,PFOS,5.3,4.0,True,10000,L,SC0720003
SC,BLACKSBURG TOWN OF (1110002),BLACKSBURG TOWN OF (1110002),29702,29702,PFBS,3.1,2000.0,False,3300,S,SC1110002
SC,BLACKSBURG TOWN OF (1110002),BLACKSBURG TOWN OF (1110002),29702,29702,PFHxS,4.1,10.0,False,3300,S,SC1110002
SC,BLACKSBURG TOWN OF (1110002),BLACKSBURG TOWN OF (1110002),29702,29702,PFOA,12.4,4.0,True,3300,S,SC1110002
SC,BLACKSBURG TOWN OF (1110002),BLACKSBURG TOWN OF (1110002),29702,29702,PFOS,13.0,4.0,True,3300,S,SC1110002
SC,BREEZY HILL W/D (0220006),BREEZY HILL W/D (0220006),29816,29816|29822|29829|29841|29842|29847|29860|29861,PFBS,4.2,2000.0,False,10000,L,SC0220006
SC,BREEZY HILL W/D (0220006),BREEZY HILL W/D (0220006),29816,29816|29822|29829|29841|29842|29847|29860|29861,PFOA,4.8,4.0,True,10000,L,SC0220006
SC,BROADWAY W&S DISTRICT (0420008),BROADWAY W&S DISTRICT (0420008),29621,29621|29627|29654,PFBS,4.2,2000.0,False,3300,S,SC0420008
SC,CAMDEN CITY OF (2810001),CAMDEN CITY OF (2810001),29020,29020,PFOA,5.2,4.0,True,10000,L,SC2810001
SC,CAMDEN CITY OF (2810001),CAMDEN CITY OF (2810001),29020,29020,PFOS,4.7,4.0,True,10000,L,SC2810001
SC,CAYCE CITY OF (3210003),CAYCE CITY OF (3210003),29033,29033|29170|29171|29172,HFPO-DA (GenX),7.4,10.0,False,10000,L,SC3210003
SC,CAYCE CITY OF (3210003),CAYCE CITY OF (3210003),29033,29033|29170|29171|29172,PFBS,3.8,2000.0,False,10000,L,SC3210003
SC,CAYCE CITY OF (3210003),CAYCE CITY OF (3210003),29033,29033|29170|29171|29172,PFOA,5.5,4.0,True,10000,L,SC3210003
SC,CAYCE CITY OF (3210003),CAYCE CITY OF (3210003),29033,29033|29170|29171|29172,PFOS,6.3,4.0,True,10000,L,SC3210003
SC,CENTRAL TOWN OF (3910005),CENTRAL TOWN OF (3910005),,,PFBS,3.2,2000.0,False,3300,S,SC3910005
SC,CHARLESTON WATER SYSTEM (SC1010001),CHARLESTON WATER SYSTEM (SC1010001),29401,29401|29403|29404|29405|29406|29407|29409|29410|29412|29414|29418|29420|29424|29425|29426|29429|29439|29445|29449|29450|29451|29455|29456|29461|29464|29466|29470|29482|29483|29485|29486|29487|29492,PFBS,3.8,2000.0,False,10000,L,SC1010001
SC,CHARLESTON WATER SYSTEM (SC1010001),CHARLESTON WATER SYSTEM (SC1010001),29401,29401|29403|29404|29405|29406|29407|29409|29410|29412|29414|29418|29420|29424|29425|29426|29429|29439|29445|29449|29450|29451|29455|29456|29461|29464|29466|29470|29482|29483|29485|29486|29487|29492,PFOA,4.4,4.0,True,10000,L,SC1010001
SC,CHARLESTON WATER SYSTEM (SC1010001),CHARLESTON WATER SYSTEM (SC1010001),29401,29401|29403|29404|29405|29406|29407|29409|29410|29412|29414|29418|29420|29424|29425|29426|29429|29439|29445|29449|29450|29451|29455|29456|29461|29464|29466|29470|29482|29483|29485|29486|29487|29492,PFOS,6.5,4.0,True,10000,L,SC1010001
SC,CHERAW TOWN OF (1310001),CHERAW TOWN OF (1310001),29520,29520,PFOS,5.3,4.0,True,3300,S,SC1310001
SC,CHESTER METROPOLITAN DISTRICT (1220002),CHESTER METROPOLITAN DISTRICT (1220002),29055,29055|29130|29180|29706|29714|29729,PFOA,4.6,4.0,True,10000,L,SC1220002
SC,CHESTER METROPOLITAN DISTRICT (1220002),CHESTER METROPOLITAN DISTRICT (1220002),29055,29055|29130|29180|29706|29714|29729,PFOS,4.7,4.0,True,10000,L,SC1220002
SC,CLEMSON CITY OF (SC3910004),CLEMSON CITY OF (SC3910004),29631,29631,PFBS,3.9,2000.0,False,10000,L,SC3910004
SC,CLEMSON UNIVERSITY (SC3910006),CLEMSON UNIVERSITY (SC3910006),29634,29634,PFBS,4.1,2000.0,False,3300,S,SC3910006
SC,CLINTON CITY OF (3010002),CLINTON CITY OF (3010002),29325,29325,HFPO-DA (GenX),14.3,10.0,True,10000,L,SC3010002
SC,CLINTON CITY OF (3010002),CLINTON CITY OF (3010002),29325,29325,PFBS,15.6,2000.0,False,10000,L,SC3010002
SC,CLINTON CITY OF (3010002),CLINTON CITY OF (3010002),29325,29325,PFHxS,3.5,10.0,False,10000,L,SC3010002
SC,CLINTON CITY OF (3010002),CLINTON CITY OF (3010002),29325,29325,PFOA,8.0,4.0,True,10000,L,SC3010002
SC,CLINTON CITY OF (3010002),CLINTON CITY OF (3010002),29325,29325,PFOS,8.1,4.0,True,10000,L,SC3010002
SC,COLUMBIA CITY OF (SC4010001),COLUMBIA CITY OF (SC4010001),29016,29016|29036|29044|29045|29061|29063|29201|29203|29204|29205|29206|29209|29210|29212|29223|29229,HFPO-DA (GenX),9.2,10.0,False,10000,L,SC4010001
SC,COLUMBIA CITY OF (SC4010001),COLUMBIA CITY OF (SC4010001),29016,29016|29036|29044|29045|29061|29063|29201|29203|29204|29205|29206|29209|29210|29212|29223|29229,PFBS,5.2,2000.0,False,10000,L,SC4010001
SC,COLUMBIA CITY OF (SC4010001),COLUMBIA CITY OF (SC4010001),29016,29016|29036|29044|29045|29061|29063|29201|29203|29204|29205|29206|29209|29210|29212|29223|29229,PFOA,6.9,4.0,True,10000,L,SC4010001
SC,COLUMBIA CITY OF (SC4010001),COLUMBIA CITY OF (SC4010001),29016,29016|29036|29044|29045|29061|29063|29201|29203|29204|29205|29206|29209|29210|29212|29223|29229,PFOS,8.6,4.0,True,10000,L,SC4010001
SC,CONWAY CITY OF (SC2610008),CONWAY CITY OF (SC2610008),29526,29526|29527,PFBS,3.0,2000.0,False,10000,L,SC2610008
SC,CONWAY CITY OF (SC2610008),CONWAY CITY OF (SC2610008),29526,29526|29527,PFOA,8.5,4.0,True,10000,L,SC2610008
SC,CONWAY CITY OF (SC2610008),CONWAY CITY OF (SC2610008),29526,29526|29527,PFOS,8.3,4.0,True,10000,L,SC2610008
SC,CONWAY RURAL (2620001),CONWAY RURAL (2620001),29526,29526|29527,PFBS,4.7,2000.0,False,10000,L,SC2620001
SC,CONWAY RURAL (2620001),CONWAY RURAL (2620001),29526,29526|29527,PFOA,10.9,4.0,True,10000,L,SC2620001
SC,CONWAY RURAL (2620001),CONWAY RURAL (2620001),29526,29526|29527,PFOS,10.8,4.0,True,10000,L,SC2620001
SC,DANIEL MORGAN WATER DISTRICT (1120001),DANIEL MORGAN WATER DISTRICT (1120001),28114,28114|29323|29330|29341,PFOA,4.1,4.0,True,3300,S,SC1120001
SC,DANIEL MORGAN WATER DISTRICT (1120001),DANIEL MORGAN WATER DISTRICT (1120001),28114,28114|29323|29330|29341,PFOS,5.0,4.0,True,3300,S,SC1120001
SC,DCWA CALOMET VALLEY (1850009),DCWA CALOMET VALLEY (1850009),29456,29456|29483|29485,HFPO-DA (GenX),6.2,10.0,False,3300,S,SC1850009
SC,DCWA CALOMET VALLEY (1850009),DCWA CALOMET VALLEY (1850009),29456,29456|29483|29485,PFBS,4.6,2000.0,False,3300,S,SC1850009
SC,DCWA CALOMET VALLEY (1850009),DCWA CALOMET VALLEY (1850009),29456,29456|29483|29485,PFOA,5.2,4.0,True,3300,S,SC1850009
SC,DCWA CALOMET VALLEY (1850009),DCWA CALOMET VALLEY (1850009),29456,29456|29483|29485,PFOS,6.7,4.0,True,3300,S,SC1850009
SC,DCWA KNIGHTSVILLE (1820001),DCWA KNIGHTSVILLE (1820001),29483,29483|29485,PFBS,4.6,2000.0,False,10000,L,SC1820001
SC,DCWA KNIGHTSVILLE (1820001),DCWA KNIGHTSVILLE (1820001),29483,29483|29485,PFOA,6.5,4.0,True,10000,L,SC1820001
SC,DCWA KNIGHTSVILLE (1820001),DCWA KNIGHTSVILLE (1820001),29483,29483|29485,PFOS,8.1,4.0,True,10000,L,SC1820001
SC,DCWS ASHLEY PHOSPHATE (1820008),DCWS ASHLEY PHOSPHATE (1820008),29420,29420|29485,PFBS,3.6,2000.0,False,10000,L,SC1820008
SC,DCWS ASHLEY PHOSPHATE (1820008),DCWS ASHLEY PHOSPHATE (1820008),29420,29420|29485,PFOA,4.3,4.0,True,10000,L,SC1820008
SC,DCWS ASHLEY PHOSPHATE (1820008),DCWS ASHLEY PHOSPHATE (1820008),29420,29420|29485,PFOS,5.5,4.0,True,10000,L,SC1820008
SC,DONALDS-DUE WEST W&SA (SC0120001),DONALDS-DUE WEST W&SA (SC0120001),29620,29620|29638,HFPO-DA (GenX),40.0,10.0,True,3300,S,SC0120001
SC,DONALDS-DUE WEST W&SA (SC0120001),DONALDS-DUE WEST W&SA (SC0120001),29620,29620|29638,PFBS,4.5,2000.0,False,3300,S,SC0120001
SC,DRAYTONVILLE WATER DIST (1120003),DRAYTONVILLE WATER DIST (1120003),29340,29340|29342,PFBS,3.2,2000.0,False,3300,S,SC1120003
SC,DRAYTONVILLE WATER DIST (1120003),DRAYTONVILLE WATER DIST (1120003),29340,29340|29342,PFHxS,5.5,10.0,False,3300,S,SC1120003
SC,DRAYTONVILLE WATER DIST (1120003),DRAYTONVILLE WATER DIST (1120003),29340,29340|29342,PFOA,16.2,4.0,True,3300,S,SC1120003
SC,DRAYTONVILLE WATER DIST (1120003),DRAYTONVILLE WATER DIST (1120003),29340,29340|29342,PFOS,19.4,4.0,True,3300,S,SC1120003
SC,ELECTRIC CITY UTILITIES (0410012),ELECTRIC CITY UTILITIES (0410012),29621,29621|29624|29625|29626,PFBS,3.4,2000.0,False,10000,L,SC0410012
SC,FLORENCE CITY OF (SC2110001),FLORENCE CITY OF (SC2110001),29161,29161|29501|29505|29506|29541,PFBS,3.7,2000.0,False,10000,L,SC2110001
SC,FLORENCE CITY OF (SC2110001),FLORENCE CITY OF (SC2110001),29161,29161|29501|29505|29506|29541,PFOA,5.5,4.0,True,10000,L,SC2110001
SC,FLORENCE CITY OF (SC2110001),FLORENCE CITY OF (SC2110001),29161,29161|29501|29505|29506|29541,PFOS,6.7,4.0,True,10000,L,SC2110001
SC,FOLLY BEACH CITY OF (1010005),FOLLY BEACH CITY OF (1010005),29439,29439,PFBS,4.1,2000.0,False,3300,S,SC1010005
SC,FOLLY BEACH CITY OF (1010005),FOLLY BEACH CITY OF (1010005),29439,29439,PFOA,5.0,4.0,True,3300,S,SC1010005
SC,FOLLY BEACH CITY OF (1010005),FOLLY BEACH CITY OF (1010005),29439,29439,PFOS,8.1,4.0,True,3300,S,SC1010005
SC,FORT JACKSON (4010501),FORT JACKSON (4010501),29207,29207,HFPO-DA (GenX),8.1,10.0,False,10000,L,SC4010501
SC,FORT JACKSON (4010501),FORT JACKSON (4010501),29207,29207,PFBS,5.7,2000.0,False,10000,L,SC4010501
SC,FORT JACKSON (4010501),FORT JACKSON (4010501),29207,29207,PFOA,6.9,4.0,True,10000,L,SC4010501
SC,FORT JACKSON (4010501),FORT JACKSON (4010501),29207,29207,PFOS,7.3,4.0,True,10000,L,SC4010501
SC,FRIPP ISLAND PSD (0720002),FRIPP ISLAND PSD (0720002),29920,29920,PFBS,3.8,2000.0,False,3300,S,SC0720002
SC,FRIPP ISLAND PSD (0720002),FRIPP ISLAND PSD (0720002),29920,29920,PFOA,4.4,4.0,True,3300,S,SC0720002
SC,FRIPP ISLAND PSD (0720002),FRIPP ISLAND PSD (0720002),29920,29920,PFOS,5.4,4.0,True,3300,S,SC0720002
SC,GAFFNEY BPW (1110001),GAFFNEY BPW (1110001),29340,29340|29341|29342,PFBS,3.4,2000.0,False,10000,L,SC1110001
SC,GAFFNEY BPW (1110001),GAFFNEY BPW (1110001),29340,29340|29341|29342,PFHxS,6.0,10.0,False,10000,L,SC1110001
SC,GAFFNEY BPW (1110001),GAFFNEY BPW (1110001),29340,29340|29341|29342,PFOA,18.0,4.0,True,10000,L,SC1110001
SC,GAFFNEY BPW (1110001),GAFFNEY BPW (1110001),29340,29340|29341|29342,PFOS,17.1,4.0,True,10000,L,SC1110001
SC,GCWSD WACCAMAW NECK (SC2220010),GCWSD WACCAMAW NECK (SC2220010),29576,29576|29585,PFBS,5.1,2000.0,False,10000,L,SC2220010
SC,GCWSD WACCAMAW NECK (SC2220010),GCWSD WACCAMAW NECK (SC2220010),29576,29576|29585,PFOA,9.5,4.0,True,10000,L,SC2220010
SC,GCWSD WACCAMAW NECK (SC2220010),GCWSD WACCAMAW NECK (SC2220010),29576,29576|29585,PFOS,9.1,4.0,True,10000,L,SC2220010
SC,GEORGETOWN CITY OF (2210001),GEORGETOWN CITY OF (2210001),29440,29440|29442,PFBS,4.6,2000.0,False,3300,S,SC2210001
SC,GEORGETOWN CITY OF (2210001),GEORGETOWN CITY OF (2210001),29440,29440|29442,PFOA,8.3,4.0,True,3300,S,SC2210001
SC,GEORGETOWN CITY OF (2210001),GEORGETOWN CITY OF (2210001),29440,29440|29442,PFOS,9.7,4.0,True,3300,S,SC2210001
SC,GOOSE CREEK CITY OF (0810004),GOOSE CREEK CITY OF (0810004),29445,29445|29486,PFBS,3.3,2000.0,False,10000,L,SC0810004
SC,GOOSE CREEK CITY OF (0810004),GOOSE CREEK CITY OF (0810004),29445,29445|29486,PFOA,4.7,4.0,True,10000,L,SC0810004
SC,GOOSE CREEK CITY OF (0810004),GOOSE CREEK CITY OF (0810004),29445,29445|29486,PFOS,4.9,4.0,True,10000,L,SC0810004
SC,GOUCHER WD (1120004),GOUCHER WD (1120004),29330,29330|29340,PFHxS,4.7,10.0,False,3300,S,SC1120004
SC,GOUCHER WD (1120004),GOUCHER WD (1120004),29330,29330|29340,PFOA,14.0,4.0,True,3300,S,SC1120004
SC,GOUCHER WD (1120004),GOUCHER WD (1120004),29330,29330|29340,PFOS,17.0,4.0,True,3300,S,SC1120004
SC,GRASSY POND WATER CO (1120002),GRASSY POND WATER CO (1120002),28114,28114|29341,PFBS,3.3,2000.0,False,3300,S,SC1120002
SC,GRASSY POND WATER CO (1120002),GRASSY POND WATER CO (1120002),28114,28114|29341,PFHxS,5.7,10.0,False,3300,S,SC1120002
SC,GRASSY POND WATER CO (1120002),GRASSY POND WATER CO (1120002),28114,28114|29341,PFOA,15.0,4.0,True,3300,S,SC1120002
SC,GRASSY POND WATER CO (1120002),GRASSY POND WATER CO (1120002),28114,28114|29341,PFOS,19.0,4.0,True,3300,S,SC1120002
SC,GREENWOOD CPW (2410001),GREENWOOD CPW (2410001),29646,29646|29648|29649|29653|29666|29692|29695,HFPO-DA (GenX),91.0,10.0,True,10000,L,SC2410001
SC,GREENWOOD CPW (2410001),GREENWOOD CPW (2410001),29646,29646|29648|29649|29653|29666|29692|29695,PFBS,4.3,2000.0,False,10000,L,SC2410001
SC,GREENWOOD CPW (2410001),GREENWOOD CPW (2410001),29646,29646|29648|29649|29653|29666|29692|29695,PFOA,5.1,4.0,True,10000,L,SC2410001
SC,GREENWOOD CPW (2410001),GREENWOOD CPW (2410001),29646,29646|29648|29649|29653|29666|29692|29695,PFOS,7.6,4.0,True,10000,L,SC2410001
SC,GSW&SA (SC2620004),GSW&SA (SC2620004),29511,29511|29526|29527|29544|29545|29568|29569|29575|29576|29577|29579|29581|29588,PFBS,5.6,2000.0,False,10000,L,SC2620004
SC,GSW&SA (SC2620004),GSW&SA (SC2620004),29511,29511|29526|29527|29544|29545|29568|29569|29575|29576|29577|29579|29581|29588,PFOA,11.4,4.0,True,10000,L,SC2620004
SC,GSW&SA (SC2620004),GSW&SA (SC2620004),29511,29511|29526|29527|29544|29545|29568|29569|29575|29576|29577|29579|29581|29588,PFOS,11.5,4.0,True,10000,L,SC2620004
SC,HAMMOND W/D (SC0420007),HAMMOND W/D (SC0420007),29621,29621|29627|29697,PFBS,4.0,2000.0,False,10000,L,SC0420007
SC,HILTON HEAD PSD 1 (0720006),HILTON HEAD PSD 1 (0720006),29926,29926|29928,PFBS,4.3,2000.0,False,10000,L,SC0720006
SC,HILTON HEAD PSD 1 (0720006),HILTON HEAD PSD 1 (0720006),29926,29926|29928,PFOA,5.1,4.0,True,10000,L,SC0720006
SC,HILTON HEAD PSD 1 (0720006),HILTON HEAD PSD 1 (0720006),29926,29926|29928,PFOS,5.2,4.0,True,10000,L,SC0720006
SC,HOMELAND PARK W/D (0420001),HOMELAND PARK W/D (0420001),29624,29624,PFBS,3.6,2000.0,False,3300,S,SC0420001
SC,HONEA PATH TOWN OF (0410003),HONEA PATH TOWN OF (0410003),29654,29654,HFPO-DA (GenX),42.0,10.0,True,3300,S,SC0410003
SC,ISLE OF PALMS W/S COMM (SC1010004),ISLE OF PALMS W/S COMM (SC1010004),29451,29451,PFBS,3.9,2000.0,False,3300,S,SC1010004
SC,ISLE OF PALMS W/S COMM (SC1010004),ISLE OF PALMS W/S COMM (SC1010004),29451,29451,PFOA,5.7,4.0,True,3300,S,SC1010004
SC,ISLE OF PALMS W/S COMM (SC1010004),ISLE OF PALMS W/S COMM (SC1010004),29451,29451,PFOS,8.0,4.0,True,3300,S,SC1010004
SC,JOINT MUNICIPAL WSC (3220003),JOINT MUNICIPAL WSC (3220003),29053,29053|29072|29073|29123|29170,HFPO-DA (GenX),10.1,10.0,True,10000,L,SC3220003
SC,JOINT MUNICIPAL WSC (3220003),JOINT MUNICIPAL WSC (3220003),29053,29053|29072|29073|29123|29170,PFOA,4.4,4.0,True,10000,L,SC3220003
SC,JOINT MUNICIPAL WSC (3220003),JOINT MUNICIPAL WSC (3220003),29053,29053|29072|29073|29123|29170,PFOS,6.2,4.0,True,10000,L,SC3220003
SC,KIAWAH ISLAND UTILITY (SC1010008),KIAWAH ISLAND UTILITY (SC1010008),29455,29455,PFBS,3.7,2000.0,False,3300,S,SC1010008
SC,KIAWAH ISLAND UTILITY (SC1010008),KIAWAH ISLAND UTILITY (SC1010008),29455,29455,PFOA,4.5,4.0,True,3300,S,SC1010008
SC,KIAWAH ISLAND UTILITY (SC1010008),KIAWAH ISLAND UTILITY (SC1010008),29455,29455,PFOS,7.9,4.0,True,3300,S,SC1010008
SC,LANCASTER CITY OF (SC2910001),LANCASTER CITY OF (SC2910001),29720,29720,PFOA,4.0,4.0,False,10000,L,SC2910001
SC,LAURENS COUNTY W&S COMM (SC3020001),LAURENS COUNTY W&S COMM (SC3020001),29325,29325|29332|29335|29351|29355|29360|29370|29384|29644|29645|29654|29669|29680|29681|29692,HFPO-DA (GenX),95.8,10.0,True,10000,L,SC3020001
SC,LAURENS COUNTY W&S COMM (SC3020001),LAURENS COUNTY W&S COMM (SC3020001),29325,29325|29332|29335|29351|29355|29360|29370|29384|29644|29645|29654|29669|29680|29681|29692,PFBS,14.3,2000.0,False,10000,L,SC3020001
SC,LAURENS COUNTY W&S COMM (SC3020001),LAURENS COUNTY W&S COMM (SC3020001),29325,29325|29332|29335|29351|29355|29360|29370|29384|29644|29645|29654|29669|29680|29681|29692,PFHxS,3.1,10.0,False,10000,L,SC3020001
SC,LAURENS COUNTY W&S COMM (SC3020001),LAURENS COUNTY W&S COMM (SC3020001),29325,29325|29332|29335|29351|29355|29360|29370|29384|29644|29645|29654|29669|29680|29681|29692,PFOA,7.5,4.0,True,10000,L,SC3020001
SC,LAURENS COUNTY W&S COMM (SC3020001),LAURENS COUNTY W&S COMM (SC3020001),29325,29325|29332|29335|29351|29355|29360|29370|29384|29644|29645|29654|29669|29680|29681|29692,PFOS,8.7,4.0,True,10000,L,SC3020001
SC,LAURENS CPW (3010001),LAURENS CPW (3010001),29360,29360,PFBS,4.8,2000.0,False,10000,L,SC3010001
SC,LEXINGTON TOWN OF (3210001),LEXINGTON TOWN OF (3210001),29072,29072,HFPO-DA (GenX),9.1,10.0,False,10000,L,SC3210001
SC,LEXINGTON TOWN OF (3210001),LEXINGTON TOWN OF (3210001),29072,29072,PFOA,4.4,4.0,True,10000,L,SC3210001
SC,LEXINGTON TOWN OF (3210001),LEXINGTON TOWN OF (3210001),29072,29072,PFOS,5.7,4.0,True,10000,L,SC3210001
SC,LUGOFF ELGIN WATER AUTH (2820001),LUGOFF ELGIN WATER AUTH (2820001),29045,29045|29078|29130,PFOA,7.1,4.0,True,10000,L,SC2820001
SC,LUGOFF ELGIN WATER AUTH (2820001),LUGOFF ELGIN WATER AUTH (2820001),29045,29045|29078|29130,PFOS,9.3,4.0,True,10000,L,SC2820001
SC,MCCORMICK CO W&SA (SC3520002),MCCORMICK CO W&SA (SC3520002),29821,29821|29824|29835|29838|29840|29844|29845|29848,HFPO-DA (GenX),6.6,10.0,False,3300,S,SC3520002
SC,MCCORMICK CO W&SA (SC3520002),MCCORMICK CO W&SA (SC3520002),29821,29821|29824|29835|29838|29840|29844|29845|29848,PFBS,4.9,2000.0,False,3300,S,SC3520002
SC,MCCORMICK CO W&SA (SC3520002),MCCORMICK CO W&SA (SC3520002),29821,29821|29824|29835|29838|29840|29844|29845|29848,PFOS,8.8,4.0,True,3300,S,SC3520002
SC,MEANSVILLE RILEY W/D (SC4420001),MEANSVILLE RILEY W/D (SC4420001),29379,29379,PFOA,5.2,4.0,True,3300,S,SC4420001
SC,MEANSVILLE RILEY W/D (SC4420001),MEANSVILLE RILEY W/D (SC4420001),29379,29379,PFOS,4.9,4.0,True,3300,S,SC4420001
SC,MIDCOUNTY WATER DIST 2 (2020004),MIDCOUNTY WATER DIST 2 (2020004),29180,29180,PFHxS,6.5,10.0,False,3300,S,SC2020004
SC,MIDCOUNTY WATER DIST 2 (2020004),MIDCOUNTY WATER DIST 2 (2020004),29180,29180,PFOS,20.1,4.0,True,3300,S,SC2020004
SC,MONCKS CORNER CITY OF (SC0810001),MONCKS CORNER CITY OF (SC0810001),29461,29461,HFPO-DA (GenX),7.2,10.0,False,3300,S,SC0810001
SC,MONCKS CORNER CITY OF (SC0810001),MONCKS CORNER CITY OF (SC0810001),29461,29461,PFBS,4.6,2000.0,False,3300,S,SC0810001
SC,MONCKS CORNER CITY OF (SC0810001),MONCKS CORNER CITY OF (SC0810001),29461,29461,PFOA,5.8,4.0,True,3300,S,SC0810001
SC,MONCKS CORNER CITY OF (SC0810001),MONCKS CORNER CITY OF (SC0810001),29461,29461,PFOS,8.0,4.0,True,3300,S,SC0810001
SC,MT PLEASANT WATER WORKS (1010002),MT PLEASANT WATER WORKS (1010002),29429,29429|29464|29465|29466,PFBS,4.4,2000.0,False,10000,L,SC1010002
SC,MT PLEASANT WATER WORKS (1010002),MT PLEASANT WATER WORKS (1010002),29429,29429|29464|29465|29466,PFOA,5.5,4.0,True,10000,L,SC1010002
SC,MT PLEASANT WATER WORKS (1010002),MT PLEASANT WATER WORKS (1010002),29429,29429|29464|29465|29466,PFOS,8.4,4.0,True,10000,L,SC1010002
SC,MYRTLE BEACH CITY OF (SC2610001),MYRTLE BEACH CITY OF (SC2610001),29572,29572|29577,PFBS,3.7,2000.0,False,10000,L,SC2610001
SC,MYRTLE BEACH CITY OF (SC2610001),MYRTLE BEACH CITY OF (SC2610001),29572,29572|29577,PFOA,5.3,4.0,True,10000,L,SC2610001
SC,MYRTLE BEACH CITY OF (SC2610001),MYRTLE BEACH CITY OF (SC2610001),29572,29572|29577,PFOS,5.3,4.0,True,10000,L,SC2610001
SC,N MYRTLE BEACH CITY OF (SC2610011),N MYRTLE BEACH CITY OF (SC2610011),29582,29582,PFBS,4.9,2000.0,False,10000,L,SC2610011
SC,N MYRTLE BEACH CITY OF (SC2610011),N MYRTLE BEACH CITY OF (SC2610011),29582,29582,PFOA,8.4,4.0,True,10000,L,SC2610011
SC,N MYRTLE BEACH CITY OF (SC2610011),N MYRTLE BEACH CITY OF (SC2610011),29582,29582,PFOS,10.0,4.0,True,10000,L,SC2610011
SC,NEWBERRY CITY OF (3610001),NEWBERRY CITY OF (3610001),29108,29108|29138|29145,HFPO-DA (GenX),10.2,10.0,True,3300,S,SC3610001
SC,NEWBERRY CITY OF (3610001),NEWBERRY CITY OF (3610001),29108,29108|29138|29145,PFBS,4.1,2000.0,False,3300,S,SC3610001
SC,NEWBERRY CITY OF (3610001),NEWBERRY CITY OF (3610001),29108,29108|29138|29145,PFOA,6.3,4.0,True,3300,S,SC3610001
SC,NEWBERRY CITY OF (3610001),NEWBERRY CITY OF (3610001),29108,29108|29138|29145,PFOS,11.3,4.0,True,3300,S,SC3610001
SC,NEWBERRY CO W&SA (3620002),NEWBERRY CO W&SA (3620002),29036,29036|29075|29108|29126|29127|29145|29355,HFPO-DA (GenX),9.7,10.0,False,3300,S,SC3620002
SC,NEWBERRY CO W&SA (3620002),NEWBERRY CO W&SA (3620002),29036,29036|29075|29108|29126|29127|29145|29355,PFOA,4.8,4.0,True,3300,S,SC3620002
SC,NEWBERRY CO W&SA (3620002),NEWBERRY CO W&SA (3620002),29036,29036|29075|29108|29126|29127|29145|29355,PFOS,8.1,4.0,True,3300,S,SC3620002
SC,OCEAN LAKES LTD (2660048),OCEAN LAKES LTD (2660048),29575,29575,PFOA,5.0,4.0,True,3300,S,SC2660048
SC,OCEAN LAKES LTD (2660048),OCEAN LAKES LTD (2660048),29575,29575,PFOS,4.6,4.0,True,3300,S,SC2660048
SC,ORANGEBURG DPU (3810001),ORANGEBURG DPU (3810001),29018,29018|29030|29038|29039|29107|29113|29115|29116|29118|29133,PFOS,4.2,4.0,True,10000,L,SC3810001
SC,PENDLETON TOWN OF (SC0410006),PENDLETON TOWN OF (SC0410006),29670,29670,PFBS,3.3,2000.0,False,3300,S,SC0410006
SC,POWDERSVILLE WATER DISTRICT (SC0420002),POWDERSVILLE WATER DISTRICT (SC0420002),29611,29611|29621|29640|29642|29657|29673|29697,PFBS,3.8,2000.0,False,10000,L,SC0420002
SC,SALUDA CO W&S AUTHORITY (4120001),SALUDA CO W&S AUTHORITY (4120001),29006,29006|29070|29127|29129|29138|29166,HFPO-DA (GenX),8.0,10.0,False,3300,S,SC4120001
SC,SALUDA CO W&S AUTHORITY (4120001),SALUDA CO W&S AUTHORITY (4120001),29006,29006|29070|29127|29129|29138|29166,PFBS,5.0,2000.0,False,3300,S,SC4120001
SC,SALUDA CO W&S AUTHORITY (4120001),SALUDA CO W&S AUTHORITY (4120001),29006,29006|29070|29127|29129|29138|29166,PFOA,5.2,4.0,True,3300,S,SC4120001
SC,SALUDA CO W&S AUTHORITY (4120001),SALUDA CO W&S AUTHORITY (4120001),29006,29006|29070|29127|29129|29138|29166,PFOS,9.7,4.0,True,3300,S,SC4120001
SC,SALUDA CPW (4110001),SALUDA CPW (4110001),,,HFPO-DA (GenX),39.0,10.0,True,3300,S,SC4110001
SC,SALUDA CPW (4110001),SALUDA CPW (4110001),,,PFBS,4.2,2000.0,False,3300,S,SC4110001
SC,SALUDA CPW (4110001),SALUDA CPW (4110001),,,PFOA,6.5,4.0,True,3300,S,SC4110001
SC,SALUDA CPW (4110001),SALUDA CPW (4110001),,,PFOS,9.9,4.0,True,3300,S,SC4110001
SC,SANDY SPRINGS WATER CO INC (SC0420003),SANDY SPRINGS WATER CO INC (SC0420003),29621,29621|29623|29624|29625|29670,PFBS,4.0,2000.0,False,10000,L,SC0420003
SC,SEABROOK ISLAND TOWN OF (1010009),SEABROOK ISLAND TOWN OF (1010009),29455,29455,PFBS,3.4,2000.0,False,3300,S,SC1010009
SC,SEABROOK ISLAND TOWN OF (1010009),SEABROOK ISLAND TOWN OF (1010009),29455,29455,PFOA,5.0,4.0,True,3300,S,SC1010009
SC,SEABROOK ISLAND TOWN OF (1010009),SEABROOK ISLAND TOWN OF (1010009),29455,29455,PFOS,7.5,4.0,True,3300,S,SC1010009
SC,SHAW AFB (SC4310501),SHAW AFB (SC4310501),29152,29152,PFHxS,19.0,10.0,True,3300,S,SC4310501
SC,SHAW AFB (SC4310501),SHAW AFB (SC4310501),29152,29152,PFOA,6.1,4.0,True,3300,S,SC4310501
SC,SHAW AFB (SC4310501),SHAW AFB (SC4310501),29152,29152,PFOS,6.2,4.0,True,3300,S,SC4310501
SC,ST JOHN'S WATER (SC1020002),ST JOHN'S WATER (SC1020002),29455,29455|29457,PFBS,4.5,2000.0,False,10000,L,SC1020002
SC,ST JOHN'S WATER (SC1020002),ST JOHN'S WATER (SC1020002),29455,29455|29457,PFOA,5.4,4.0,True,10000,L,SC1020002
SC,ST JOHN'S WATER (SC1020002),ST JOHN'S WATER (SC1020002),29455,29455|29457,PFOS,8.5,4.0,True,10000,L,SC1020002
SC,STARR-IVA W/D (SC0420005),STARR-IVA W/D (SC0420005),29624,29624|29626|29655|29659|29684,PFBS,3.7,2000.0,False,3300,S,SC0420005
SC,STARR-IVA W/D (SC0420005),STARR-IVA W/D (SC0420005),29624,29624|29626|29655|29659|29684,PFOA,4.9,4.0,True,3300,S,SC0420005
SC,STARR-IVA W/D (SC0420005),STARR-IVA W/D (SC0420005),29624,29624|29626|29655|29659|29684,PFOS,4.0,4.0,False,3300,S,SC0420005
SC,SUMMERVILLE CPW (SC1810003),SUMMERVILLE CPW (SC1810003),29483,29483|29484|29485,PFBS,4.4,2000.0,False,10000,L,SC1810003
SC,SUMMERVILLE CPW (SC1810003),SUMMERVILLE CPW (SC1810003),29483,29483|29484|29485,PFOA,6.2,4.0,True,10000,L,SC1810003
SC,SUMMERVILLE CPW (SC1810003),SUMMERVILLE CPW (SC1810003),29483,29483|29484|29485,PFOS,8.1,4.0,True,10000,L,SC1810003
SC,UNION CITY OF (4410001),UNION CITY OF (4410001),29379,29379,PFBS,3.0,2000.0,False,10000,L,SC4410001
SC,UNION CITY OF (4410001),UNION CITY OF (4410001),29379,29379,PFOA,5.9,4.0,True,10000,L,SC4410001
SC,UNION CITY OF (4410001),UNION CITY OF (4410001),29379,29379,PFOS,6.1,4.0,True,10000,L,SC4410001
SC,WARE SHOALS TOWN OF (2410003),WARE SHOALS TOWN OF (2410003),29692,29692,HFPO-DA (GenX),22.0,10.0,True,3300,S,SC2410003
SC,WARE SHOALS TOWN OF (2410003),WARE SHOALS TOWN OF (2410003),29692,29692,PFBS,3.4,2000.0,False,3300,S,SC2410003
SC,WARE SHOALS TOWN OF (2410003),WARE SHOALS TOWN OF (2410003),29692,29692,PFOA,5.7,4.0,True,3300,S,SC2410003
SC,WARE SHOALS TOWN OF (2410003),WARE SHOALS TOWN OF (2410003),29692,29692,PFOS,8.4,4.0,True,3300,S,SC2410003
SC,WEST ANDERSON W/D (0420006),WEST ANDERSON W/D (0420006),29625,29625|29626|29684,PFBS,4.0,2000.0,False,10000,L,SC0420006
SC,WEST COLUMBIA CITY OF (3210004),WEST COLUMBIA CITY OF (3210004),29072,29072|29073|29169|29170,HFPO-DA (GenX),9.7,10.0,False,10000,L,SC3210004
SC,WEST COLUMBIA CITY OF (3210004),WEST COLUMBIA CITY OF (3210004),29072,29072|29073|29169|29170,PFBS,4.1,2000.0,False,10000,L,SC3210004
SC,WEST COLUMBIA CITY OF (3210004),WEST COLUMBIA CITY OF (3210004),29072,29072|29073|29169|29170,PFOA,6.1,4.0,True,10000,L,SC3210004
SC,WEST COLUMBIA CITY OF (3210004),WEST COLUMBIA CITY OF (3210004),29072,29072|29073|29169|29170,PFOS,7.9,4.0,True,10000,L,SC3210004
SC,WILLIAMSTON TOWN OF (0410010),WILLIAMSTON TOWN OF (0410010),29669,29669|29697,PFBS,3.4,2000.0,False,3300,S,SC0410010
SC,WINNSBORO TOWN OF (2010001),WINNSBORO TOWN OF (2010001),29016,29016|29130|29180,PFHxS,9.0,10.0,False,3300,S,SC2010001
SC,WINNSBORO TOWN OF (2010001),WINNSBORO TOWN OF (2010001),29016,29016|29130|29180,PFOS,32.8,4.0,True,3300,S,SC2010001
SC,WOODRUFF ROEBUCK W/D (4220007),WOODRUFF ROEBUCK W/D (4220007),29335,29335|29369|29374|29376|29388,PFBS,3.5,2000.0,False,10000,L,SC4220007
SC,WOODRUFF ROEBUCK W/D (4220007),WOODRUFF ROEBUCK W/D (4220007),29335,29335|29369|29374|29376|29388,PFOA,4.7,4.0,True,10000,L,SC4220007
SD,NPS-MOUNT RUSHMORE NATIONAL MEMORIAL,NPS-MOUNT RUSHMORE NATIONAL MEMORIAL,57751,57751,PFBS,3.2,2000.0,False,3300,S,SD4680046
SD,NPS-MOUNT RUSHMORE NATIONAL MEMORIAL,NPS-MOUNT RUSHMORE NATIONAL MEMORIAL,57751,57751,PFHxS,20.8,10.0,True,3300,S,SD4680046
SD,NPS-MOUNT RUSHMORE NATIONAL MEMORIAL,NPS-MOUNT RUSHMORE NATIONAL MEMORIAL,57751,57751,PFOS,10.6,4.0,True,3300,S,SD4680046
SD,RAPID CITY,RAPID CITY,57702,57702,PFHxS,5.6,10.0,False,10000,L,SD4600406
SD,RAPID VALLEY SANITARY DISTRICT,RAPID VALLEY SANITARY DISTRICT,57703,57703,PFHxS,5.8,10.0,False,3300,S,SD4600274
SD,RAPID VALLEY SANITARY DISTRICT,RAPID VALLEY SANITARY DISTRICT,57703,57703,PFOS,5.7,4.0,True,3300,S,SD4600274
TN,ALPHA-TALBOTT UTILITY DISTRICT,ALPHA-TALBOTT UTILITY DISTRICT,37814,37814|37877,PFBS,4.3,2000.0,False,10000,L,TN0000014
TN,ANDERSON COUNTY WATER AUTHORITY,ANDERSON COUNTY WATER AUTHORITY,37705,37705|37710|37714|37716|37754|37769|37828|37830|37840,PFBS,4.0,2000.0,False,10000,L,TN0000514
TN,ATHENS UTILITIES BOARD,ATHENS UTILITIES BOARD,37303,37303|37322|37370|37371,PFBS,11.6,2000.0,False,10000,L,TN0000024
TN,BEAN STATION UTILITY DISTRICT,BEAN STATION UTILITY DISTRICT,37708,37708|37811|37861,PFBS,4.8,2000.0,False,3300,S,TN0000041
TN,BEDFORD COUNTY UTILITY DISTRICT,BEDFORD COUNTY UTILITY DISTRICT,37160,37160|37180|37360,PFBS,7.5,2000.0,False,10000,L,TN0000517
TN,BEDFORD COUNTY UTILITY DISTRICT,BEDFORD COUNTY UTILITY DISTRICT,37160,37160|37180|37360,PFOA,8.2,4.0,True,10000,L,TN0000517
TN,BEDFORD COUNTY UTILITY DISTRICT,BEDFORD COUNTY UTILITY DISTRICT,37160,37160|37180|37360,PFOS,4.8,4.0,True,10000,L,TN0000517
TN,BLOOMINGDALE UTILITY DISTRICT,BLOOMINGDALE UTILITY DISTRICT,24251,24251|24258|37617|37660|37664,PFOS,4.3,4.0,True,10000,L,TN0000056
TN,CAMDEN WATER DEPT,CAMDEN WATER DEPT,38320,38320|38333,PFBS,5.1,2000.0,False,3300,S,TN0000090
TN,CAMDEN WATER DEPT,CAMDEN WATER DEPT,38320,38320|38333,PFHxS,3.5,10.0,False,3300,S,TN0000090
TN,CAMDEN WATER DEPT,CAMDEN WATER DEPT,38320,38320|38333,PFOA,13.0,4.0,True,3300,S,TN0000090
TN,CAMDEN WATER DEPT,CAMDEN WATER DEPT,38320,38320|38333,PFOS,24.0,4.0,True,3300,S,TN0000090
TN,CARYVILLE-JACKSBORO UTILITIES COMMISSION,CARYVILLE-JACKSBORO UTILITIES COMMISSION,37714,37714|37757|37769,PFBS,5.2,2000.0,False,10000,L,TN0000322
TN,CLEVELAND UTILITIES,CLEVELAND UTILITIES,37310,37310|37311|37312|37323|37353,PFBS,32.7,2000.0,False,10000,L,TN0000117
TN,CLIFTON WATER DEPT,CLIFTON WATER DEPT,38425,38425,PFBS,4.9,2000.0,False,3300,S,TN0000119
TN,CLIFTON WATER DEPT,CLIFTON WATER DEPT,38425,38425,PFOA,9.4,4.0,True,3300,S,TN0000119
TN,CLIFTON WATER DEPT,CLIFTON WATER DEPT,38425,38425,PFOS,17.0,4.0,True,3300,S,TN0000119
TN,CONSOLIDATED U D OF RUTHERFORD,CONSOLIDATED U D OF RUTHERFORD,37014,37014|37018|37020|37026|37034|37037|37060|37063|37085|37118|37127|37128|37129|37130|37149|37153|37167,PFBS,5.8,2000.0,False,10000,L,TN0000791
TN,DANDRIDGE WATER MANAGEMENT FACILITY,DANDRIDGE WATER MANAGEMENT FACILITY,37725,37725,PFBS,4.7,2000.0,False,3300,S,TN0000170
TN,DANDRIDGE WATER MANAGEMENT FACILITY,DANDRIDGE WATER MANAGEMENT FACILITY,37725,37725,PFHxS,3.1,10.0,False,3300,S,TN0000170
TN,DANDRIDGE WATER MANAGEMENT FACILITY,DANDRIDGE WATER MANAGEMENT FACILITY,37725,37725,PFOS,4.1,4.0,True,3300,S,TN0000170
TN,DEWHITE UTILITY DISTRICT,DEWHITE UTILITY DISTRICT,38583,38583,PFOS,4.1,4.0,True,3300,S,TN0000190
TN,ERWIN UTILITIES AUTHORITY,ERWIN UTILITIES AUTHORITY,37650,37650,PFBS,7.5,2000.0,False,10000,L,TN0000231
TN,ERWIN UTILITIES AUTHORITY,ERWIN UTILITIES AUTHORITY,37650,37650,PFHxS,3.6,10.0,False,10000,L,TN0000231
TN,ERWIN UTILITIES AUTHORITY,ERWIN UTILITIES AUTHORITY,37650,37650,PFOA,4.1,4.0,True,10000,L,TN0000231
TN,ERWIN UTILITIES AUTHORITY,ERWIN UTILITIES AUTHORITY,37650,37650,PFOS,6.7,4.0,True,10000,L,TN0000231
TN,FAIRVIEW UTILITY DISTRICT,FAIRVIEW UTILITY DISTRICT,37047,37047|37144|38451|38472|38478,PFBS,3.0,2000.0,False,3300,S,TN0000563
TN,FAIRVIEW UTILITY DISTRICT,FAIRVIEW UTILITY DISTRICT,37047,37047|37144|38451|38472|38478,PFOS,6.2,4.0,True,3300,S,TN0000563
TN,FIRST U.D. OF HARDIN COUNTY,FIRST U.D. OF HARDIN COUNTY,38326,38326|38357,PFBS,5.9,2000.0,False,3300,S,TN0000546
TN,FIRST U.D. OF HARDIN COUNTY,FIRST U.D. OF HARDIN COUNTY,38326,38326|38357,PFHxS,3.6,10.0,False,3300,S,TN0000546
TN,FIRST U.D. OF HARDIN COUNTY,FIRST U.D. OF HARDIN COUNTY,38326,38326|38357,PFOA,17.3,4.0,True,3300,S,TN0000546
TN,FIRST U.D. OF HARDIN COUNTY,FIRST U.D. OF HARDIN COUNTY,38326,38326|38357,PFOS,25.9,4.0,True,3300,S,TN0000546
TN,FIRST UTIL DIST OF KNOX COUNTY,FIRST UTIL DIST OF KNOX COUNTY,37922,37922|37934,PFBS,6.4,2000.0,False,10000,L,TN0000369
TN,FORT CAMPBELL WATER SYSTEM,FORT CAMPBELL WATER SYSTEM,42223,42223,PFBS,3.6,2000.0,False,10000,L,TN0000820
TN,FORT CAMPBELL WATER SYSTEM,FORT CAMPBELL WATER SYSTEM,42223,42223,PFHxS,33.6,10.0,True,10000,L,TN0000820
TN,FORT CAMPBELL WATER SYSTEM,FORT CAMPBELL WATER SYSTEM,42223,42223,PFOA,6.4,4.0,True,10000,L,TN0000820
TN,FORT CAMPBELL WATER SYSTEM,FORT CAMPBELL WATER SYSTEM,42223,42223,PFOS,27.3,4.0,True,10000,L,TN0000820
TN,HILLSVILLE UTILITY DISTRICT,HILLSVILLE UTILITY DISTRICT,37330,37330|37342|37355|37357|37366,PFBS,9.9,2000.0,False,10000,L,TN0000430
TN,HILLSVILLE UTILITY DISTRICT,HILLSVILLE UTILITY DISTRICT,37330,37330|37342|37355|37357|37366,PFOA,11.9,4.0,True,10000,L,TN0000430
TN,HILLSVILLE UTILITY DISTRICT,HILLSVILLE UTILITY DISTRICT,37330,37330|37342|37355|37357|37366,PFOS,7.3,4.0,True,10000,L,TN0000430
TN,HIXSON UTILITY DISTRICT,HIXSON UTILITY DISTRICT,37343,37343|37379|37415,PFBS,10.0,2000.0,False,10000,L,TN0000303
TN,HIXSON UTILITY DISTRICT,HIXSON UTILITY DISTRICT,37343,37343|37379|37415,PFHxS,6.1,10.0,False,10000,L,TN0000303
TN,JACKSON WATER SYSTEM,JACKSON WATER SYSTEM,38301,38301|38302|38305|38313|38343|38355|38362,PFBS,3.7,2000.0,False,10000,L,TN0000299
TN,JACKSON WATER SYSTEM,JACKSON WATER SYSTEM,38301,38301|38302|38305|38313|38343|38355|38362,PFHxS,16.3,10.0,True,10000,L,TN0000299
TN,JACKSON WATER SYSTEM,JACKSON WATER SYSTEM,38301,38301|38302|38305|38313|38343|38355|38362,PFOS,20.0,4.0,True,10000,L,TN0000299
TN,JEFFERSON CITY WATER & SEWER C,JEFFERSON CITY WATER & SEWER C,37725,37725|37760|37820,PFBS,3.8,2000.0,False,3300,S,TN0000328
TN,KINGSPORT WATER DEPT,KINGSPORT WATER DEPT,24251,24251|37615|37617|37641|37642|37656|37659|37660|37663|37664|37665|37857,PFOS,5.9,4.0,True,10000,L,TN0000349
TN,KNOXVILLE UTILITIES BOARD-KUB,KNOXVILLE UTILITIES BOARD-KUB,37764,37764|37820|37871|37902|37909|37912|37914|37915|37916|37917|37918|37919|37920|37921|37922|37923|37924|37931,PFBS,3.7,2000.0,False,10000,L,TN0000366
TN,LA VERGNE WATER SYSTEM,LA VERGNE WATER SYSTEM,37086,37086|37135,PFBS,16.0,2000.0,False,10000,L,TN0000386
TN,LA VERGNE WATER SYSTEM,LA VERGNE WATER SYSTEM,37086,37086|37135,PFOA,5.5,4.0,True,10000,L,TN0000386
TN,LENOIR CITY UTILITY BOARD,LENOIR CITY UTILITY BOARD,37771,37771|37772,PFBS,6.2,2000.0,False,10000,L,TN0000396
TN,LENOIR CITY UTILITY BOARD,LENOIR CITY UTILITY BOARD,37771,37771|37772,PFOS,4.6,4.0,True,10000,L,TN0000396
TN,LEWISBURG WATER SYSTEM,LEWISBURG WATER SYSTEM,37047,37047|37091|37144|38401|38402|38451|38472|38478,PFBS,9.2,2000.0,False,10000,L,TN0000400
TN,LEWISBURG WATER SYSTEM,LEWISBURG WATER SYSTEM,37047,37047|37091|37144|38401|38402|38451|38472|38478,PFOA,8.8,4.0,True,10000,L,TN0000400
TN,LEWISBURG WATER SYSTEM,LEWISBURG WATER SYSTEM,37047,37047|37091|37144|38401|38402|38451|38472|38478,PFOS,5.3,4.0,True,10000,L,TN0000400
TN,"MANCHESTER WATER DEPARTMENT, TN","MANCHESTER WATER DEPARTMENT, TN",37355,37355,PFBS,10.3,2000.0,False,10000,L,TN0000429
TN,"MANCHESTER WATER DEPARTMENT, TN","MANCHESTER WATER DEPARTMENT, TN",37355,37355,PFOA,11.6,4.0,True,10000,L,TN0000429
TN,"MANCHESTER WATER DEPARTMENT, TN","MANCHESTER WATER DEPARTMENT, TN",37355,37355,PFOS,6.6,4.0,True,10000,L,TN0000429
TN,MARSHALL CO BD P.U. #1,MARSHALL CO BD P.U. #1,37019,37019|37034|37047|37091|37144|38451,PFBS,34.0,2000.0,False,10000,L,TN0000105
TN,MARSHALL CO BD P.U. #1,MARSHALL CO BD P.U. #1,37019,37019|37034|37047|37091|37144|38451,PFOA,11.0,4.0,True,10000,L,TN0000105
TN,MARSHALL CO BD P.U. #1,MARSHALL CO BD P.U. #1,37019,37019|37034|37047|37091|37144|38451,PFOS,5.0,4.0,True,10000,L,TN0000105
TN,MAURY CO WATER SYSTEM,MAURY CO WATER SYSTEM,37174,37174|38401,PFBS,7.2,2000.0,False,10000,L,TN0000770
TN,MAURY CO WATER SYSTEM,MAURY CO WATER SYSTEM,37174,37174|38401,PFOA,7.1,4.0,True,10000,L,TN0000770
TN,MAURY CO WATER SYSTEM,MAURY CO WATER SYSTEM,37174,37174|38401,PFOS,4.1,4.0,True,10000,L,TN0000770
TN,MAYNARDVILLE WATER DEPT,MAYNARDVILLE WATER DEPT,37807,37807,PFBS,3.0,2000.0,False,3300,S,TN0000442
TN,MINOR HILL WATER UTIL DIST,MINOR HILL WATER UTIL DIST,38473,38473,PFOS,5.0,4.0,True,3300,S,TN0000469
TN,MURFREESBORO WATER DEPARTMENT,MURFREESBORO WATER DEPARTMENT,37127,37127|37128|37129|37130,PFBS,13.9,2000.0,False,10000,L,TN0000491
TN,MURFREESBORO WATER DEPARTMENT,MURFREESBORO WATER DEPARTMENT,37127,37127|37128|37129|37130,PFOA,6.0,4.0,True,10000,L,TN0000491
TN,NEW MARKET UTILITY DISTRICT,NEW MARKET UTILITY DISTRICT,37760,37760|37820,PFBS,3.7,2000.0,False,3300,S,TN0000499
TN,NOLENSVILLE-COLLEGE GROVE UD,NOLENSVILLE-COLLEGE GROVE UD,37014,37014|37046|37135,PFBS,30.7,2000.0,False,10000,L,TN0000511
TN,NOLENSVILLE-COLLEGE GROVE UD,NOLENSVILLE-COLLEGE GROVE UD,37014,37014|37046|37135,PFOA,8.1,4.0,True,10000,L,TN0000511
TN,NORTH STEWART UTILITY DISTRICT,NORTH STEWART UTILITY DISTRICT,37023,37023|37028|37058|37079,PFBS,3.1,2000.0,False,3300,S,TN0000195
TN,NORTH U.D. OF DECATUR/BENTON CO.,NORTH U.D. OF DECATUR/BENTON CO.,38320,38320|38341|38363|38380,PFBS,5.9,2000.0,False,3300,S,TN0000883
TN,NORTH U.D. OF DECATUR/BENTON CO.,NORTH U.D. OF DECATUR/BENTON CO.,38320,38320|38341|38363|38380,PFOA,11.2,4.0,True,3300,S,TN0000883
TN,NORTH U.D. OF DECATUR/BENTON CO.,NORTH U.D. OF DECATUR/BENTON CO.,38320,38320|38341|38363|38380,PFOS,20.3,4.0,True,3300,S,TN0000883
TN,OCOEE UTILITY DISTRICT,OCOEE UTILITY DISTRICT,37323,37323,PFBS,41.0,2000.0,False,10000,L,TN0000525
TN,OCOEE UTILITY DISTRICT,OCOEE UTILITY DISTRICT,37323,37323,PFHxS,3.0,10.0,False,10000,L,TN0000525
TN,OCOEE UTILITY DISTRICT,OCOEE UTILITY DISTRICT,37323,37323,PFOA,6.0,4.0,True,10000,L,TN0000525
TN,OCOEE UTILITY DISTRICT,OCOEE UTILITY DISTRICT,37323,37323,PFOS,4.5,4.0,True,10000,L,TN0000525
TN,PARSONS WATER DEPARTMENT,PARSONS WATER DEPARTMENT,38363,38363,PFBS,4.3,2000.0,False,3300,S,TN0000541
TN,PARSONS WATER DEPARTMENT,PARSONS WATER DEPARTMENT,38363,38363,PFOA,6.9,4.0,True,3300,S,TN0000541
TN,PARSONS WATER DEPARTMENT,PARSONS WATER DEPARTMENT,38363,38363,PFOS,13.0,4.0,True,3300,S,TN0000541
TN,RICEVILLE UTILITY DISTRICT,RICEVILLE UTILITY DISTRICT,37303,37303|37370,PFBS,6.5,2000.0,False,3300,S,TN0000576
TN,RIVER ROAD UTILITY DISTRICT,RIVER ROAD UTILITY DISTRICT,37015,37015,PFBS,6.0,2000.0,False,3300,S,TN0000582
TN,SAVANNAH UTILITY DEPT,SAVANNAH UTILITY DEPT,38372,38372,PFBS,4.1,2000.0,False,10000,L,TN0000611
TN,SAVANNAH UTILITY DEPT,SAVANNAH UTILITY DEPT,38372,38372,PFOS,15.8,4.0,True,10000,L,TN0000611
TN,SAVANNAH VALLEY U. D.,SAVANNAH VALLEY U. D.,37308,37308|37336|37343|37363,PFBS,49.0,2000.0,False,10000,L,TN0000613
TN,SAVANNAH VALLEY U. D.,SAVANNAH VALLEY U. D.,37308,37308|37336|37343|37363,PFHxS,4.7,10.0,False,10000,L,TN0000613
TN,SAVANNAH VALLEY U. D.,SAVANNAH VALLEY U. D.,37308,37308|37336|37343|37363,PFOA,35.0,4.0,True,10000,L,TN0000613
TN,SAVANNAH VALLEY U. D.,SAVANNAH VALLEY U. D.,37308,37308|37336|37343|37363,PFOS,18.0,4.0,True,10000,L,TN0000613
TN,SCOTTS HILL WATER SYSTEM,SCOTTS HILL WATER SYSTEM,38311,38311|38329|38368|38371|38374,PFBS,7.4,2000.0,False,3300,S,TN0000614
TN,SCOTTS HILL WATER SYSTEM,SCOTTS HILL WATER SYSTEM,38311,38311|38329|38368|38371|38374,PFOS,7.9,4.0,True,3300,S,TN0000614
TN,SHADY GROVE UTILITY DISTRICT,SHADY GROVE UTILITY DISTRICT,37725,37725|37760|37764|37820|37871,PFOS,4.2,4.0,True,10000,L,TN0000626
TN,SHELBYVILLE WATER SYSTEM,SHELBYVILLE WATER SYSTEM,37160,37160,PFBS,7.4,2000.0,False,10000,L,TN0000628
TN,SHELBYVILLE WATER SYSTEM,SHELBYVILLE WATER SYSTEM,37160,37160,PFOA,7.9,4.0,True,10000,L,TN0000628
TN,SHELBYVILLE WATER SYSTEM,SHELBYVILLE WATER SYSTEM,37160,37160,PFOS,5.9,4.0,True,10000,L,TN0000628
TN,SIGNAL MOUNTAIN WATER SYSTEM,SIGNAL MOUNTAIN WATER SYSTEM,37377,37377,PFBS,11.0,2000.0,False,3300,S,TN0000634
TN,SMITH UTILITY DISTRICT,SMITH UTILITY DISTRICT,37012,37012|37030|37057|37145|37151|38547|38552|38560|38563|38567,PFBS,4.0,2000.0,False,3300,S,TN0000636
TN,SMYRNA WATER SYSTEM,SMYRNA WATER SYSTEM,37167,37167,PFBS,23.0,2000.0,False,10000,L,TN0000639
TN,SMYRNA WATER SYSTEM,SMYRNA WATER SYSTEM,37167,37167,PFOA,5.8,4.0,True,10000,L,TN0000639
TN,SOUTH PITTSBURG WATER SYSTEM,SOUTH PITTSBURG WATER SYSTEM,37347,37347|37380,PFBS,3.6,2000.0,False,3300,S,TN0000651
TN,SPRING HILL WATER DEPT,SPRING HILL WATER DEPT,37174,37174|37179,PFBS,9.4,2000.0,False,10000,L,TN0000667
TN,SPRING HILL WATER DEPT,SPRING HILL WATER DEPT,37174,37174|37179,PFOA,6.1,4.0,True,10000,L,TN0000667
TN,TENNESSEE AMERICAN WATER,TENNESSEE AMERICAN WATER,30741,30741|30742|30750|37351|37401|37402|37403|37404|37405|37406|37407|37408|37409|37410|37411|37412|37415|37416|37419|37421|37422|37450,PFBS,9.5,2000.0,False,10000,L,TN0000107
TN,TRENTON WATER SYSTEM,TRENTON WATER SYSTEM,38382,38382,PFHxS,9.3,10.0,False,3300,S,TN0000707
TN,TRENTON WATER SYSTEM,TRENTON WATER SYSTEM,38382,38382,PFOS,27.0,4.0,True,3300,S,TN0000707
TN,TULLAHOMA UTILITIES AUTHORITY,TULLAHOMA UTILITIES AUTHORITY,37160,37160|37352|37360|37388,PFBS,9.1,2000.0,False,10000,L,TN0000715
TN,TULLAHOMA UTILITIES AUTHORITY,TULLAHOMA UTILITIES AUTHORITY,37160,37160|37352|37360|37388,PFOA,9.6,4.0,True,10000,L,TN0000715
TN,TULLAHOMA UTILITIES AUTHORITY,TULLAHOMA UTILITIES AUTHORITY,37160,37160|37352|37360|37388,PFOS,4.8,4.0,True,10000,L,TN0000715
TN,WALDEN'S RIDGE UTILITY DISTRICT,WALDEN'S RIDGE UTILITY DISTRICT,37343,37343|37377|37415,PFBS,5.1,2000.0,False,3300,S,TN0000635
TN,WARREN COUNTY UTILITY DISTRICT,WARREN COUNTY UTILITY DISTRICT,37110,37110,PFBS,3.4,2000.0,False,10000,L,TN0000818
TN,WARTRACE WATER SYSTEM,WARTRACE WATER SYSTEM,37183,37183,PFBS,7.1,2000.0,False,3300,S,TN0000730
TN,WARTRACE WATER SYSTEM,WARTRACE WATER SYSTEM,37183,37183,PFOA,7.8,4.0,True,3300,S,TN0000730
TN,WARTRACE WATER SYSTEM,WARTRACE WATER SYSTEM,37183,37183,PFOS,4.6,4.0,True,3300,S,TN0000730
TN,WATTS BAR EAST U.D.,WATTS BAR EAST U.D.,37763,37763|37771|37774,PFBS,5.5,2000.0,False,3300,S,TN0000969
TN,WHITE PINE WATER SYSTEM,WHITE PINE WATER SYSTEM,37890,37890,PFBS,5.4,2000.0,False,3300,S,TN0000746
TN,WHITE PINE WATER SYSTEM,WHITE PINE WATER SYSTEM,37890,37890,PFHxS,8.2,10.0,False,3300,S,TN0000746
TN,WHITE PINE WATER SYSTEM,WHITE PINE WATER SYSTEM,37890,37890,PFOS,4.2,4.0,True,3300,S,TN0000746
TN,WILSON CO WATER & WASTEWATER,WILSON CO WATER & WASTEWATER,37012,37012|37085|37087|37090|37116|37118|37184,PFBS,16.9,2000.0,False,10000,L,TN0000790
TN,WILSON CO WATER & WASTEWATER,WILSON CO WATER & WASTEWATER,37012,37012|37085|37087|37090|37116|37118|37184,PFOA,6.5,4.0,True,10000,L,TN0000790
TN,Y-12 NNSA PRODUCTION OFFICE,Y-12 NNSA PRODUCTION OFFICE,,,PFBS,3.6,2000.0,False,3300,S,TN0001068
TX,439 WSC,439 WSC,76513,76513|76543|76548|76559,PFBS,4.7,2000.0,False,3300,S,TX0140076
TX,439 WSC,439 WSC,76513,76513|76543|76548|76559,PFHxS,16.4,10.0,True,3300,S,TX0140076
TX,439 WSC,439 WSC,76513,76513|76543|76548|76559,PFOS,13.7,4.0,True,3300,S,TX0140076
TX,ADDICKS UTILITY DISTRICT,ADDICKS UTILITY DISTRICT,77084,77084,PFBS,3.7,2000.0,False,3300,S,TX1011019
TX,ADDICKS UTILITY DISTRICT,ADDICKS UTILITY DISTRICT,77084,77084,PFHxS,3.3,10.0,False,3300,S,TX1011019
TX,AIRLINE MOBILE HOME PARK,AIRLINE MOBILE HOME PARK,79703,79703|79706|79712,PFBS,3.5,2000.0,False,3300,S,TX1650003
TX,ARGYLE WSC,ARGYLE WSC,76226,76226,PFBS,4.3,2000.0,False,3300,S,TX0610019
TX,AUSTIN WHITE LIME COMPANY MCNEIL PLANT &,AUSTIN WHITE LIME COMPANY MCNEIL PLANT &,78728,78728,PFBS,4.6,2000.0,False,3300,S,TX2270196
TX,AUSTINS COLONY,AUSTINS COLONY,78724,78724|78725,PFBS,3.7,2000.0,False,3300,S,TX2270255
TX,AUSTINS COLONY,AUSTINS COLONY,78724,78724|78725,PFHxS,4.2,10.0,False,3300,S,TX2270255
TX,B H P WSC,B H P WSC,75189,75189,PFBS,5.3,2000.0,False,3300,S,TX1160015
TX,BARKER CYPRESS MUD,BARKER CYPRESS MUD,77084,77084,PFBS,3.0,2000.0,False,3300,S,TX1011613
TX,BEAR CREEK SUD,BEAR CREEK SUD,75166,75166,PFBS,4.9,2000.0,False,3300,S,TX0430037
TX,BELL COUNTY WCID 3,BELL COUNTY WCID 3,76559,76559,PFBS,3.0,2000.0,False,3300,S,TX0140031
TX,BELL COUNTY WCID 3,BELL COUNTY WCID 3,76559,76559,PFHxS,3.2,10.0,False,3300,S,TX0140031
TX,BENBROOK WATER AUTHORITY,BENBROOK WATER AUTHORITY,76116,76116|76126|76132,PFBS,3.1,2000.0,False,10000,L,TX2200029
TX,BIG OAKS MUD,BIG OAKS MUD,77407,77407,PFBS,3.3,2000.0,False,3300,S,TX0790332
TX,BIG OAKS MUD,BIG OAKS MUD,77407,77407,PFHxS,3.2,10.0,False,3300,S,TX0790332
TX,BIG OAKS MUD,BIG OAKS MUD,77407,77407,PFOS,4.3,4.0,True,3300,S,TX0790332
TX,BILMA PUD,BILMA PUD,77379,77379,PFBS,3.1,2000.0,False,3300,S,TX1011872
TX,BLACKLAND WSC,BLACKLAND WSC,75032,75032|75087|75189,PFBS,3.8,2000.0,False,3300,S,TX1990004
TX,BLUE RIDGE WEST MUD,BLUE RIDGE WEST MUD,77489,77489,PFBS,9.2,2000.0,False,3300,S,TX0790051
TX,BROWNSVILLE PUBLIC UTILITIES BOARD,BROWNSVILLE PUBLIC UTILITIES BOARD,78520,78520|78521|78526,PFHxS,4.4,10.0,False,10000,L,TX0310001
TX,BROWNSVILLE PUBLIC UTILITIES BOARD,BROWNSVILLE PUBLIC UTILITIES BOARD,78520,78520|78521|78526,PFOA,4.7,4.0,True,10000,L,TX0310001
TX,BROWNSVILLE PUBLIC UTILITIES BOARD,BROWNSVILLE PUBLIC UTILITIES BOARD,78520,78520|78521|78526,PFOS,9.2,4.0,True,10000,L,TX0310001
TX,BRUSHY CREEK MUD,BRUSHY CREEK MUD,78681,78681|78717,PFBS,5.5,2000.0,False,10000,L,TX2460061
TX,BRUSHY CREEK MUD,BRUSHY CREEK MUD,78681,78681|78717,PFHxS,3.7,10.0,False,10000,L,TX2460061
TX,CADDO BASIN SUD,CADDO BASIN SUD,75135,75135|75164|75173|75189|75401|75402|75423|75442|75453|75458,PFBS,3.9,2000.0,False,10000,L,TX1160029
TX,CANYON SPRINGS WATER,CANYON SPRINGS WATER,78133,78133,PFBS,12.2,2000.0,False,3300,S,TX0460022
TX,CANYON SPRINGS WATER,CANYON SPRINGS WATER,78133,78133,PFHxS,3.9,10.0,False,3300,S,TX0460022
TX,CAROLYNN ESTATES,CAROLYNN ESTATES,75156,75156,PFBS,3.1,2000.0,False,3300,S,TX1070106
TX,CAROLYNN ESTATES,CAROLYNN ESTATES,75156,75156,PFHxS,3.9,10.0,False,3300,S,TX1070106
TX,CASH SUD,CASH SUD,75189,75189|75404|75440|75474,PFBS,4.2,2000.0,False,10000,L,TX1160018
TX,CASH SUD,CASH SUD,75189,75189|75404|75440|75474,PFHxS,4.7,10.0,False,10000,L,TX1160018
TX,CASH SUD,CASH SUD,75189,75189|75404|75440|75474,PFOS,8.1,4.0,True,10000,L,TX1160018
TX,CHAMBERS COUNTY MUD 1,CHAMBERS COUNTY MUD 1,77523,77523,PFBS,4.6,2000.0,False,3300,S,TX0360104
TX,CHAMPIONS MUD,CHAMPIONS MUD,77069,77069,PFBS,4.5,2000.0,False,3300,S,TX1010233
TX,CITY OF ABILENE,CITY OF ABILENE,79601,79601|79602|79603|79604|79605|79606,PFBS,8.2,2000.0,False,10000,L,TX2210001
TX,CITY OF ABILENE,CITY OF ABILENE,79601,79601|79602|79603|79604|79605|79606,PFHxS,32.4,10.0,True,10000,L,TX2210001
TX,CITY OF ABILENE,CITY OF ABILENE,79601,79601|79602|79603|79604|79605|79606,PFOA,7.7,4.0,True,10000,L,TX2210001
TX,CITY OF ABILENE,CITY OF ABILENE,79601,79601|79602|79603|79604|79605|79606,PFOS,30.0,4.0,True,10000,L,TX2210001
TX,CITY OF ALLEN,CITY OF ALLEN,75002,75002|75013,PFBS,4.6,2000.0,False,10000,L,TX0430025
TX,CITY OF ANGLETON,CITY OF ANGLETON,77515,77515,PFBS,4.5,2000.0,False,10000,L,TX0200002
TX,CITY OF ANGLETON,CITY OF ANGLETON,77515,77515,PFHxS,3.6,10.0,False,10000,L,TX0200002
TX,CITY OF ARLINGTON,CITY OF ARLINGTON,76001,76001|76002|76003|76004|76005|76006|76007|76010|76011|76012|76013|76014|76015|76016|76017|76018|76019|76094|76095,PFBS,5.9,2000.0,False,10000,L,TX2200001
TX,CITY OF ARLINGTON,CITY OF ARLINGTON,76001,76001|76002|76003|76004|76005|76006|76007|76010|76011|76012|76013|76014|76015|76016|76017|76018|76019|76094|76095,PFOS,4.6,4.0,True,10000,L,TX2200001
TX,CITY OF AUSTIN WATER & WASTEWATER,CITY OF AUSTIN WATER & WASTEWATER,78610,78610|78613|78617|78652|78653|78660|78681|78701|78702|78703|78704|78705|78712|78717|78719|78721|78722|78723|78724|78725|78726|78727|78728|78729|78730|78731|78732|78735|78736|78737|78739|78741|78742|78744|78745|78746|78747|78748|78749|78750|78751|78752|78753|78754|78756|78757|78758|78759,PFBS,5.1,2000.0,False,10000,L,TX2270001
TX,CITY OF AUSTIN WATER & WASTEWATER,CITY OF AUSTIN WATER & WASTEWATER,78610,78610|78613|78617|78652|78653|78660|78681|78701|78702|78703|78704|78705|78712|78717|78719|78721|78722|78723|78724|78725|78726|78727|78728|78729|78730|78731|78732|78735|78736|78737|78739|78741|78742|78744|78745|78746|78747|78748|78749|78750|78751|78752|78753|78754|78756|78757|78758|78759,PFHxS,6.2,10.0,False,10000,L,TX2270001
TX,CITY OF AUSTIN WATER & WASTEWATER,CITY OF AUSTIN WATER & WASTEWATER,78610,78610|78613|78617|78652|78653|78660|78681|78701|78702|78703|78704|78705|78712|78717|78719|78721|78722|78723|78724|78725|78726|78727|78728|78729|78730|78731|78732|78735|78736|78737|78739|78741|78742|78744|78745|78746|78747|78748|78749|78750|78751|78752|78753|78754|78756|78757|78758|78759,PFOS,4.8,4.0,True,10000,L,TX2270001
TX,CITY OF BALCH SPRINGS,CITY OF BALCH SPRINGS,75180,75180|75181,PFBS,3.8,2000.0,False,10000,L,TX0570032
TX,CITY OF BALCH SPRINGS,CITY OF BALCH SPRINGS,75180,75180|75181,PFOS,4.2,4.0,True,10000,L,TX0570032
TX,CITY OF BALLINGER,CITY OF BALLINGER,76821,76821,PFBS,5.1,2000.0,False,3300,S,TX2000001
TX,CITY OF BALLINGER,CITY OF BALLINGER,76821,76821,PFHxS,5.0,10.0,False,3300,S,TX2000001
TX,CITY OF BAYTOWN,CITY OF BAYTOWN,77520,77520|77521|77522|77523,PFBS,5.7,2000.0,False,10000,L,TX1010003
TX,CITY OF BAYTOWN,CITY OF BAYTOWN,77520,77520|77521|77522|77523,PFHxS,5.1,10.0,False,10000,L,TX1010003
TX,CITY OF BAYTOWN,CITY OF BAYTOWN,77520,77520|77521|77522|77523,PFOS,6.0,4.0,True,10000,L,TX1010003
TX,CITY OF BEDFORD,CITY OF BEDFORD,76021,76021|76022,PFBS,4.6,2000.0,False,10000,L,TX2200003
TX,CITY OF BEDFORD,CITY OF BEDFORD,76021,76021|76022,PFOS,4.3,4.0,True,10000,L,TX2200003
TX,CITY OF BEEVILLE,CITY OF BEEVILLE,78102,78102,PFHxS,4.7,10.0,False,10000,L,TX0130001
TX,CITY OF BELLAIRE,CITY OF BELLAIRE,77401,77401,PFBS,3.3,2000.0,False,10000,L,TX1010004
TX,CITY OF BELTON,CITY OF BELTON,76513,76513,PFBS,3.4,2000.0,False,10000,L,TX0140002
TX,CITY OF BELTON,CITY OF BELTON,76513,76513,PFHxS,3.7,10.0,False,10000,L,TX0140002
TX,CITY OF BIG SPRING,CITY OF BIG SPRING,79720,79720,PFBS,5.8,2000.0,False,10000,L,TX1140001
TX,CITY OF BIG SPRING,CITY OF BIG SPRING,79720,79720,PFHxS,11.1,10.0,True,10000,L,TX1140001
TX,CITY OF BIG SPRING,CITY OF BIG SPRING,79720,79720,PFOS,4.4,4.0,True,10000,L,TX1140001
TX,CITY OF BOERNE,CITY OF BOERNE,78006,78006,PFBS,10.0,2000.0,False,10000,L,TX1300001
TX,CITY OF BOERNE,CITY OF BOERNE,78006,78006,PFHxS,24.7,10.0,True,10000,L,TX1300001
TX,CITY OF BOERNE,CITY OF BOERNE,78006,78006,PFOA,6.0,4.0,True,10000,L,TX1300001
TX,CITY OF BOERNE,CITY OF BOERNE,78006,78006,PFOS,26.3,4.0,True,10000,L,TX1300001
TX,CITY OF BRONTE,CITY OF BRONTE,76933,76933,PFHxS,3.0,10.0,False,3300,S,TX0410001
TX,CITY OF BURLESON,CITY OF BURLESON,76028,76028,PFBS,3.6,2000.0,False,10000,L,TX1260002
TX,CITY OF BURNET,CITY OF BURNET,78611,78611,PFBS,3.4,2000.0,False,3300,S,TX0270001
TX,CITY OF BURNET,CITY OF BURNET,78611,78611,PFHxS,3.0,10.0,False,3300,S,TX0270001
TX,CITY OF CAMERON,CITY OF CAMERON,76520,76520,PFBS,9.5,2000.0,False,3300,S,TX1660001
TX,CITY OF CAMERON,CITY OF CAMERON,76520,76520,PFHxS,3.6,10.0,False,3300,S,TX1660001
TX,CITY OF CAMERON,CITY OF CAMERON,76520,76520,PFOA,4.6,4.0,True,3300,S,TX1660001
TX,CITY OF CAMERON,CITY OF CAMERON,76520,76520,PFOS,4.5,4.0,True,3300,S,TX1660001
TX,CITY OF CARROLLTON,CITY OF CARROLLTON,75006,75006|75007|75010,PFBS,3.1,2000.0,False,10000,L,TX0570034
TX,CITY OF CEDAR HILL,CITY OF CEDAR HILL,75104,75104,PFBS,4.2,2000.0,False,10000,L,TX0570036
TX,CITY OF CHILDRESS,CITY OF CHILDRESS,79201,79201,PFOS,4.7,4.0,True,3300,S,TX0380001
TX,CITY OF CLUTE,CITY OF CLUTE,77531,77531,PFBS,4.9,2000.0,False,10000,L,TX0200004
TX,CITY OF CLUTE,CITY OF CLUTE,77531,77531,PFHxS,3.8,10.0,False,10000,L,TX0200004
TX,CITY OF CLYDE,CITY OF CLYDE,79510,79510,PFBS,6.2,2000.0,False,3300,S,TX0300002
TX,CITY OF CLYDE,CITY OF CLYDE,79510,79510,PFHxS,22.5,10.0,True,3300,S,TX0300002
TX,CITY OF CLYDE,CITY OF CLYDE,79510,79510,PFOA,5.7,4.0,True,3300,S,TX0300002
TX,CITY OF CLYDE,CITY OF CLYDE,79510,79510,PFOS,15.0,4.0,True,3300,S,TX0300002
TX,CITY OF COAHOMA,CITY OF COAHOMA,79511,79511|79720,PFHxS,4.3,10.0,False,3300,S,TX1140002
TX,CITY OF COCKRELL HILL,CITY OF COCKRELL HILL,75211,75211,PFBS,6.9,2000.0,False,3300,S,TX0570038
TX,CITY OF COCKRELL HILL,CITY OF COCKRELL HILL,75211,75211,PFHxS,4.2,10.0,False,3300,S,TX0570038
TX,CITY OF COCKRELL HILL,CITY OF COCKRELL HILL,75211,75211,PFOA,5.1,4.0,True,3300,S,TX0570038
TX,CITY OF COCKRELL HILL,CITY OF COCKRELL HILL,75211,75211,PFOS,4.1,4.0,True,3300,S,TX0570038
TX,CITY OF COLLEGE STATION,CITY OF COLLEGE STATION,77840,77840|77845,PFBS,3.7,2000.0,False,10000,L,TX0210002
TX,CITY OF COLLEYVILLE,CITY OF COLLEYVILLE,76034,76034,PFBS,4.2,2000.0,False,10000,L,TX2200043
TX,CITY OF COLLEYVILLE,CITY OF COLLEYVILLE,76034,76034,PFHxS,3.2,10.0,False,10000,L,TX2200043
TX,CITY OF COLLEYVILLE,CITY OF COLLEYVILLE,76034,76034,PFOS,5.4,4.0,True,10000,L,TX2200043
TX,CITY OF COPPELL,CITY OF COPPELL,75019,75019,PFBS,3.0,2000.0,False,10000,L,TX0570040
TX,CITY OF COPPERAS COVE,CITY OF COPPERAS COVE,76522,76522,PFBS,3.5,2000.0,False,10000,L,TX0500001
TX,CITY OF COPPERAS COVE,CITY OF COPPERAS COVE,76522,76522,PFHxS,4.3,10.0,False,10000,L,TX0500001
TX,CITY OF COPPERAS COVE,CITY OF COPPERAS COVE,76522,76522,PFOS,4.1,4.0,True,10000,L,TX0500001
TX,"CITY OF CORINTH, TX","CITY OF CORINTH, TX",76208,76208|76210,PFBS,4.0,2000.0,False,10000,L,TX0610065
TX,CITY OF DEER PARK,CITY OF DEER PARK,77536,77536,PFBS,4.5,2000.0,False,10000,L,TX1010007
TX,CITY OF DEER PARK,CITY OF DEER PARK,77536,77536,PFHxS,3.6,10.0,False,10000,L,TX1010007
TX,CITY OF DEER PARK,CITY OF DEER PARK,77536,77536,PFOS,4.7,4.0,True,10000,L,TX1010007
TX,CITY OF DENTON,CITY OF DENTON,76201,76201|76205|76207|76208|76209|76210|76226|76227|76249|76266,PFBS,4.7,2000.0,False,10000,L,TX0610002
TX,CITY OF DESOTO,CITY OF DESOTO,75115,75115,PFBS,4.2,2000.0,False,10000,L,TX0570006
TX,CITY OF DONNA,CITY OF DONNA,78537,78537,PFBS,3.6,2000.0,False,10000,L,TX1080002
TX,CITY OF DONNA,CITY OF DONNA,78537,78537,PFHxS,4.5,10.0,False,10000,L,TX1080002
TX,CITY OF DONNA,CITY OF DONNA,78537,78537,PFOS,7.4,4.0,True,10000,L,TX1080002
TX,CITY OF DUBLIN,CITY OF DUBLIN,76446,76446,PFOS,9.8,4.0,True,3300,S,TX0720001
TX,CITY OF DUNCANVILLE,CITY OF DUNCANVILLE,75137,75137,PFBS,5.5,2000.0,False,10000,L,TX0570007
TX,CITY OF DUNCANVILLE,CITY OF DUNCANVILLE,75137,75137,PFOS,4.4,4.0,True,10000,L,TX0570007
TX,CITY OF EDINBURG,CITY OF EDINBURG,78539,78539,PFBS,3.4,2000.0,False,10000,L,TX1080004
TX,CITY OF EDINBURG,CITY OF EDINBURG,78539,78539,PFOS,4.5,4.0,True,10000,L,TX1080004
TX,CITY OF EMORY,CITY OF EMORY,75440,75440,PFHxS,4.3,10.0,False,3300,S,TX1900001
TX,CITY OF ENNIS,CITY OF ENNIS,75119,75119|75120,PFBS,7.2,2000.0,False,10000,L,TX0700001
TX,CITY OF EULESS,CITY OF EULESS,76039,76039|76040,PFBS,4.8,2000.0,False,10000,L,TX2200031
TX,CITY OF FARMERS BRANCH,CITY OF FARMERS BRANCH,75234,75234|75244|75381,PFBS,5.7,2000.0,False,10000,L,TX0570047
TX,CITY OF FARMERS BRANCH,CITY OF FARMERS BRANCH,75234,75234|75244|75381,PFOA,4.7,4.0,True,10000,L,TX0570047
TX,CITY OF FATE,CITY OF FATE,75189,75189,PFBS,5.5,2000.0,False,10000,L,TX1990006
TX,CITY OF FOREST HILL,CITY OF FOREST HILL,76119,76119|76140,PFBS,3.8,2000.0,False,10000,L,TX2200011
TX,CITY OF FORNEY,CITY OF FORNEY,75126,75126,PFBS,3.3,2000.0,False,10000,L,TX1290002
TX,CITY OF FORNEY,CITY OF FORNEY,75126,75126,PFHxS,3.9,10.0,False,10000,L,TX1290002
TX,CITY OF FORNEY,CITY OF FORNEY,75126,75126,PFOS,5.4,4.0,True,10000,L,TX1290002
TX,CITY OF FORT WORTH,CITY OF FORT WORTH,76008,76008|76028|76036|76040|76052|76053|76101|76102|76103|76104|76105|76106|76107|76108|76109|76110|76111|76112|76113|76114|76115|76116|76117|76118|76119|76120|76122|76123|76126|76127|76129|76131|76132|76133|76134|76135|76137|76140|76150|76155|76161|76164|76177|76179|76181|76244|76247|76262,PFBS,4.9,2000.0,False,10000,L,TX2200012
TX,CITY OF FORT WORTH,CITY OF FORT WORTH,76008,76008|76028|76036|76040|76052|76053|76101|76102|76103|76104|76105|76106|76107|76108|76109|76110|76111|76112|76113|76114|76115|76116|76117|76118|76119|76120|76122|76123|76126|76127|76129|76131|76132|76133|76134|76135|76137|76140|76150|76155|76161|76164|76177|76179|76181|76244|76247|76262,PFHxS,25.8,10.0,True,10000,L,TX2200012
TX,CITY OF FORT WORTH,CITY OF FORT WORTH,76008,76008|76028|76036|76040|76052|76053|76101|76102|76103|76104|76105|76106|76107|76108|76109|76110|76111|76112|76113|76114|76115|76116|76117|76118|76119|76120|76122|76123|76126|76127|76129|76131|76132|76133|76134|76135|76137|76140|76150|76155|76161|76164|76177|76179|76181|76244|76247|76262,PFOA,8.3,4.0,True,10000,L,TX2200012
TX,CITY OF FORT WORTH,CITY OF FORT WORTH,76008,76008|76028|76036|76040|76052|76053|76101|76102|76103|76104|76105|76106|76107|76108|76109|76110|76111|76112|76113|76114|76115|76116|76117|76118|76119|76120|76122|76123|76126|76127|76129|76131|76132|76133|76134|76135|76137|76140|76150|76155|76161|76164|76177|76179|76181|76244|76247|76262,PFOS,7.3,4.0,True,10000,L,TX2200012
TX,CITY OF FREEPORT,CITY OF FREEPORT,77541,77541,PFBS,3.2,2000.0,False,10000,L,TX0200005
TX,CITY OF FRISCO,CITY OF FRISCO,75033,75033|75034|75035|75036,PFBS,4.7,2000.0,False,10000,L,TX0430005
TX,CITY OF GALENA PARK,CITY OF GALENA PARK,77547,77547,PFBS,4.8,2000.0,False,10000,L,TX1010009
TX,CITY OF GALENA PARK,CITY OF GALENA PARK,77547,77547,PFHxS,4.7,10.0,False,10000,L,TX1010009
TX,CITY OF GALENA PARK,CITY OF GALENA PARK,77547,77547,PFOS,4.1,4.0,True,10000,L,TX1010009
TX,CITY OF GALVESTON,CITY OF GALVESTON,77550,77550|77551|77552|77553|77554|77555,PFBS,4.1,2000.0,False,10000,L,TX0840003
TX,CITY OF GARLAND,CITY OF GARLAND,75040,75040|75041|75042|75043|75044,PFBS,5.7,2000.0,False,10000,L,TX0570010
TX,CITY OF GATESVILLE,CITY OF GATESVILLE,76528,76528,PFHxS,3.0,10.0,False,10000,L,TX0500002
TX,CITY OF GEORGETOWN,CITY OF GEORGETOWN,76527,76527|76537|76549|78626|78627|78628|78633|78641|78642|78681,PFBS,9.6,2000.0,False,10000,L,TX2460001
TX,CITY OF GEORGETOWN,CITY OF GEORGETOWN,76527,76527|76537|76549|78626|78627|78628|78633|78641|78642|78681,PFHxS,4.7,10.0,False,10000,L,TX2460001
TX,CITY OF GEORGETOWN,CITY OF GEORGETOWN,76527,76527|76537|76549|78626|78627|78628|78633|78641|78642|78681,PFOA,4.9,4.0,True,10000,L,TX2460001
TX,CITY OF GEORGETOWN,CITY OF GEORGETOWN,76527,76527|76537|76549|78626|78627|78628|78633|78641|78642|78681,PFOS,5.7,4.0,True,10000,L,TX2460001
TX,CITY OF GLENN HEIGHTS,CITY OF GLENN HEIGHTS,75154,75154,PFBS,4.4,2000.0,False,10000,L,TX0570085
TX,CITY OF GONZALES,CITY OF GONZALES,78629,78629,PFBS,4.3,2000.0,False,3300,S,TX0890001
TX,CITY OF GRAND PRAIRIE,CITY OF GRAND PRAIRIE,75050,75050|75051|75052|75054|75104|76065,PFBS,5.1,2000.0,False,10000,L,TX0570048
TX,CITY OF GRAND PRAIRIE,CITY OF GRAND PRAIRIE,75050,75050|75051|75052|75054|75104|76065,PFHxS,3.3,10.0,False,10000,L,TX0570048
TX,CITY OF GRAND PRAIRIE,CITY OF GRAND PRAIRIE,75050,75050|75051|75052|75054|75104|76065,PFOA,4.9,4.0,True,10000,L,TX0570048
TX,CITY OF GRAND PRAIRIE,CITY OF GRAND PRAIRIE,75050,75050|75051|75052|75054|75104|76065,PFOS,82.0,4.0,True,10000,L,TX0570048
TX,CITY OF GRAPEVINE,CITY OF GRAPEVINE,76039,76039|76051,PFBS,7.2,2000.0,False,10000,L,TX2200013
TX,CITY OF GRAPEVINE,CITY OF GRAPEVINE,76039,76039|76051,PFOA,5.5,4.0,True,10000,L,TX2200013
TX,CITY OF GRAPEVINE,CITY OF GRAPEVINE,76039,76039|76051,PFOS,5.0,4.0,True,10000,L,TX2200013
TX,"CITY OF GREENVILLE, TX","CITY OF GREENVILLE, TX",75401,75401,PFHxS,3.7,10.0,False,10000,L,TX1160004
TX,"CITY OF GREENVILLE, TX","CITY OF GREENVILLE, TX",75401,75401,PFOS,7.3,4.0,True,10000,L,TX1160004
TX,CITY OF GROESBECK,CITY OF GROESBECK,76642,76642,PFBS,4.7,2000.0,False,3300,S,TX1470002
TX,CITY OF HACKBERRY,CITY OF HACKBERRY,75034,75034,PFBS,3.5,2000.0,False,3300,S,TX0610091
TX,CITY OF HALTOM CITY,CITY OF HALTOM CITY,76111,76111|76117,PFBS,4.9,2000.0,False,10000,L,TX2200014
TX,CITY OF HALTOM CITY,CITY OF HALTOM CITY,76111,76111|76117,PFHxS,18.1,10.0,True,10000,L,TX2200014
TX,CITY OF HALTOM CITY,CITY OF HALTOM CITY,76111,76111|76117,PFOA,5.6,4.0,True,10000,L,TX2200014
TX,CITY OF HALTOM CITY,CITY OF HALTOM CITY,76111,76111|76117,PFOS,7.7,4.0,True,10000,L,TX2200014
TX,CITY OF HARKER HEIGHTS,CITY OF HARKER HEIGHTS,76548,76548,PFBS,3.4,2000.0,False,10000,L,TX0140023
TX,CITY OF HARKER HEIGHTS,CITY OF HARKER HEIGHTS,76548,76548,PFHxS,4.8,10.0,False,10000,L,TX0140023
TX,CITY OF HEATH,CITY OF HEATH,75032,75032,PFBS,3.5,2000.0,False,3300,S,TX1990014
TX,CITY OF HIGHLAND VILLAGE,CITY OF HIGHLAND VILLAGE,75077,75077,PFBS,4.9,2000.0,False,10000,L,TX0610080
TX,CITY OF HILLSBORO,CITY OF HILLSBORO,76645,76645,PFBS,5.4,2000.0,False,3300,S,TX1090001
TX,CITY OF HILLSBORO,CITY OF HILLSBORO,76645,76645,PFOA,4.5,4.0,True,3300,S,TX1090001
TX,CITY OF HITCHCOCK,CITY OF HITCHCOCK,77563,77563,PFBS,3.0,2000.0,False,3300,S,TX0840004
TX,CITY OF HUDSON OAKS,CITY OF HUDSON OAKS,76087,76087,PFBS,7.3,2000.0,False,3300,S,TX1840006
TX,CITY OF HUDSON OAKS,CITY OF HUDSON OAKS,76087,76087,PFHxS,15.0,10.0,True,3300,S,TX1840006
TX,CITY OF HUMBLE,CITY OF HUMBLE,77338,77338|77396,PFBS,3.1,2000.0,False,10000,L,TX1010014
TX,CITY OF HUNTSVILLE,CITY OF HUNTSVILLE,77320,77320|77340,PFBS,9.5,2000.0,False,10000,L,TX2360001
TX,CITY OF HUNTSVILLE,CITY OF HUNTSVILLE,77320,77320|77340,PFHxS,8.3,10.0,False,10000,L,TX2360001
TX,CITY OF HUNTSVILLE,CITY OF HUNTSVILLE,77320,77320|77340,PFOA,6.0,4.0,True,10000,L,TX2360001
TX,CITY OF HUNTSVILLE,CITY OF HUNTSVILLE,77320,77320|77340,PFOS,8.9,4.0,True,10000,L,TX2360001
TX,CITY OF HUTCHINS,CITY OF HUTCHINS,75141,75141,PFBS,5.0,2000.0,False,3300,S,TX0570012
TX,CITY OF INGLESIDE,CITY OF INGLESIDE,78362,78362,PFBS,3.0,2000.0,False,3300,S,TX2050002
TX,CITY OF IRVING,CITY OF IRVING,75038,75038|75060|75061|75062|75063,PFBS,5.6,2000.0,False,10000,L,TX0570050
TX,CITY OF IRVING,CITY OF IRVING,75038,75038|75060|75061|75062|75063,PFHxS,3.0,10.0,False,10000,L,TX0570050
TX,CITY OF IRVING,CITY OF IRVING,75038,75038|75060|75061|75062|75063,PFOA,4.9,4.0,True,10000,L,TX0570050
TX,CITY OF IRVING,CITY OF IRVING,75038,75038|75060|75061|75062|75063,PFOS,4.0,4.0,False,10000,L,TX0570050
TX,CITY OF JACKSONVILLE,CITY OF JACKSONVILLE,75766,75766,PFBS,3.7,2000.0,False,10000,L,TX0370002
TX,CITY OF JERSEY VILLAGE,CITY OF JERSEY VILLAGE,77040,77040,PFBS,3.7,2000.0,False,3300,S,TX1010016
TX,CITY OF JERSEY VILLAGE,CITY OF JERSEY VILLAGE,77040,77040,PFHxS,3.5,10.0,False,3300,S,TX1010016
TX,CITY OF JOSEPHINE,CITY OF JOSEPHINE,75135,75135|75164|75173|75189,PFBS,3.7,2000.0,False,3300,S,TX0430036
TX,CITY OF JUSTIN,CITY OF JUSTIN,76247,76247,PFBS,3.6,2000.0,False,3300,S,TX0610003
TX,CITY OF KELLER,CITY OF KELLER,76244,76244,PFBS,3.5,2000.0,False,10000,L,TX2200096
TX,CITY OF KELLER,CITY OF KELLER,76244,76244,PFHxS,10.6,10.0,True,10000,L,TX2200096
TX,CITY OF KELLER,CITY OF KELLER,76244,76244,PFOS,5.7,4.0,True,10000,L,TX2200096
TX,CITY OF KILLEEN,CITY OF KILLEEN,76541,76541|76542|76543|76549,PFBS,3.0,2000.0,False,10000,L,TX0140006
TX,CITY OF KINGSVILLE,CITY OF KINGSVILLE,78363,78363,PFBS,4.0,2000.0,False,10000,L,TX1370001
TX,CITY OF LA FERIA,CITY OF LA FERIA,78559,78559,PFOS,4.1,4.0,True,3300,S,TX0310003
TX,CITY OF LA MARQUE,CITY OF LA MARQUE,77568,77568,PFBS,3.2,2000.0,False,10000,L,TX0840006
TX,CITY OF LAKE WORTH,CITY OF LAKE WORTH,76135,76135,PFBS,3.8,2000.0,False,3300,S,TX2200060
TX,CITY OF LAKE WORTH,CITY OF LAKE WORTH,76135,76135,PFHxS,13.7,10.0,True,3300,S,TX2200060
TX,CITY OF LAKE WORTH,CITY OF LAKE WORTH,76135,76135,PFOS,4.5,4.0,True,3300,S,TX2200060
TX,CITY OF LAMPASAS,CITY OF LAMPASAS,76550,76550,PFBS,3.0,2000.0,False,3300,S,TX1410001
TX,"CITY OF LANCASTER, TX","CITY OF LANCASTER, TX",75134,75134|75146,PFBS,6.2,2000.0,False,10000,L,TX0570013
TX,CITY OF LEAGUE CITY,CITY OF LEAGUE CITY,77573,77573|77598,PFBS,4.1,2000.0,False,10000,L,TX0840007
TX,CITY OF LEAGUE CITY,CITY OF LEAGUE CITY,77573,77573|77598,PFHxS,4.5,10.0,False,10000,L,TX0840007
TX,CITY OF LEAGUE CITY,CITY OF LEAGUE CITY,77573,77573|77598,PFOS,4.8,4.0,True,10000,L,TX0840007
TX,CITY OF LEON VALLEY,CITY OF LEON VALLEY,78238,78238|78240,PFBS,3.1,2000.0,False,3300,S,TX0150178
TX,CITY OF LEVELLAND,CITY OF LEVELLAND,79336,79336,PFOS,4.2,4.0,True,10000,L,TX1100002
TX,CITY OF LEWISVILLE,CITY OF LEWISVILLE,75010,75010|75056|75057|75067|75077,PFBS,3.2,2000.0,False,10000,L,TX0610004
TX,"CITY OF LIVINGSTON, TX","CITY OF LIVINGSTON, TX",77351,77351,PFBS,5.8,2000.0,False,10000,L,TX1870002
TX,"CITY OF LIVINGSTON, TX","CITY OF LIVINGSTON, TX",77351,77351,PFHxS,6.0,10.0,False,10000,L,TX1870002
TX,"CITY OF LIVINGSTON, TX","CITY OF LIVINGSTON, TX",77351,77351,PFOA,4.7,4.0,True,10000,L,TX1870002
TX,"CITY OF LIVINGSTON, TX","CITY OF LIVINGSTON, TX",77351,77351,PFOS,6.9,4.0,True,10000,L,TX1870002
TX,CITY OF LUCAS,CITY OF LUCAS,75002,75002,PFBS,4.5,2000.0,False,3300,S,TX0430054
TX,CITY OF MANOR,CITY OF MANOR,78653,78653,PFBS,3.9,2000.0,False,10000,L,TX2270002
TX,CITY OF MESQUITE,CITY OF MESQUITE,75149,75149|75150|75181|75185|75187,PFBS,4.2,2000.0,False,10000,L,TX0570014
TX,CITY OF MIDLAND WATER PURIFICATION PLANT,CITY OF MIDLAND WATER PURIFICATION PLANT,79701,79701|79702|79703|79704|79705|79707|79708|79711,PFBS,7.8,2000.0,False,10000,L,TX1650001
TX,CITY OF MIDLAND WATER PURIFICATION PLANT,CITY OF MIDLAND WATER PURIFICATION PLANT,79701,79701|79702|79703|79704|79705|79707|79708|79711,PFHxS,11.5,10.0,True,10000,L,TX1650001
TX,CITY OF MIDLAND WATER PURIFICATION PLANT,CITY OF MIDLAND WATER PURIFICATION PLANT,79701,79701|79702|79703|79704|79705|79707|79708|79711,PFOS,4.5,4.0,True,10000,L,TX1650001
TX,CITY OF MIDLOTHIAN,CITY OF MIDLOTHIAN,76065,76065,PFBS,4.9,2000.0,False,10000,L,TX0700005
TX,CITY OF MIDLOTHIAN,CITY OF MIDLOTHIAN,76065,76065,PFOA,4.8,4.0,True,10000,L,TX0700005
TX,CITY OF MORGANS POINT RESORT,CITY OF MORGANS POINT RESORT,76513,76513,PFBS,4.0,2000.0,False,3300,S,TX0140116
TX,CITY OF MORGANS POINT RESORT,CITY OF MORGANS POINT RESORT,76513,76513,PFHxS,3.7,10.0,False,3300,S,TX0140116
TX,CITY OF MURPHY,CITY OF MURPHY,75094,75094,PFBS,4.4,2000.0,False,10000,L,TX0430042
TX,CITY OF NORTH RICHLAND HILLS,CITY OF NORTH RICHLAND HILLS,76180,76180|76182,PFBS,4.6,2000.0,False,10000,L,TX2200063
TX,CITY OF NORTH RICHLAND HILLS,CITY OF NORTH RICHLAND HILLS,76180,76180|76182,PFHxS,9.5,10.0,False,10000,L,TX2200063
TX,CITY OF NORTH RICHLAND HILLS,CITY OF NORTH RICHLAND HILLS,76180,76180|76182,PFOA,4.2,4.0,True,10000,L,TX2200063
TX,CITY OF NORTH RICHLAND HILLS,CITY OF NORTH RICHLAND HILLS,76180,76180|76182,PFOS,4.2,4.0,True,10000,L,TX2200063
TX,CITY OF ODESSA,CITY OF ODESSA,79707,79707|79760|79761|79762|79763|79764|79765|79766,PFBS,4.5,2000.0,False,10000,L,TX0680002
TX,CITY OF ODESSA,CITY OF ODESSA,79707,79707|79760|79761|79762|79763|79764|79765|79766,PFHxS,4.9,10.0,False,10000,L,TX0680002
TX,CITY OF OVILLA,CITY OF OVILLA,75154,75154,PFBS,5.8,2000.0,False,3300,S,TX0700067
TX,CITY OF PARKER,CITY OF PARKER,75002,75002,PFBS,3.8,2000.0,False,3300,S,TX0430045
TX,CITY OF PASADENA,CITY OF PASADENA,77057,77057|77501|77502|77503|77504|77505|77506|77508,PFBS,3.5,2000.0,False,10000,L,TX1010293
TX,CITY OF PASADENA,CITY OF PASADENA,77057,77057|77501|77502|77503|77504|77505|77506|77508,PFHxS,4.3,10.0,False,10000,L,TX1010293
TX,CITY OF PASADENA,CITY OF PASADENA,77057,77057|77501|77502|77503|77504|77505|77506|77508,PFOS,4.9,4.0,True,10000,L,TX1010293
TX,CITY OF PEARLAND,CITY OF PEARLAND,77047,77047|77089|77581|77583|77584,PFBS,3.7,2000.0,False,10000,L,TX0200008
TX,CITY OF PEARLAND,CITY OF PEARLAND,77047,77047|77089|77581|77583|77584,PFHxS,4.1,10.0,False,10000,L,TX0200008
TX,CITY OF PEARLAND,CITY OF PEARLAND,77047,77047|77089|77581|77583|77584,PFOS,4.4,4.0,True,10000,L,TX0200008
TX,CITY OF PFLUGERVILLE,CITY OF PFLUGERVILLE,78660,78660|78691,PFBS,9.7,2000.0,False,10000,L,TX2270014
TX,CITY OF PFLUGERVILLE,CITY OF PFLUGERVILLE,78660,78660|78691,PFHxS,7.2,10.0,False,10000,L,TX2270014
TX,CITY OF PFLUGERVILLE,CITY OF PFLUGERVILLE,78660,78660|78691,PFNA,25.2,10.0,True,10000,L,TX2270014
TX,CITY OF PFLUGERVILLE,CITY OF PFLUGERVILLE,78660,78660|78691,PFOA,6.3,4.0,True,10000,L,TX2270014
TX,CITY OF PFLUGERVILLE,CITY OF PFLUGERVILLE,78660,78660|78691,PFOS,14.4,4.0,True,10000,L,TX2270014
TX,CITY OF PLANO,CITY OF PLANO,75010,75010|75013|75023|75024|75025|75026|75074|75075|75082|75086|75093|75094|75252|75287,PFBS,3.1,2000.0,False,10000,L,TX0430007
TX,CITY OF POINT,CITY OF POINT,75472,75472,PFOS,6.5,4.0,True,3300,S,TX1900004
TX,CITY OF PORT LAVACA,CITY OF PORT LAVACA,77979,77979,PFBS,6.5,2000.0,False,10000,L,TX0290002
TX,CITY OF PORT LAVACA,CITY OF PORT LAVACA,77979,77979,PFHxS,7.2,10.0,False,10000,L,TX0290002
TX,CITY OF PORT LAVACA,CITY OF PORT LAVACA,77979,77979,PFOA,6.0,4.0,True,10000,L,TX0290002
TX,CITY OF PORT LAVACA,CITY OF PORT LAVACA,77979,77979,PFOS,4.7,4.0,True,10000,L,TX0290002
TX,CITY OF PRIMERA,CITY OF PRIMERA,78552,78552,PFBS,10.4,2000.0,False,3300,S,TX0310094
TX,CITY OF PRIMERA,CITY OF PRIMERA,78552,78552,PFHxS,3.4,10.0,False,3300,S,TX0310094
TX,CITY OF RED OAK,CITY OF RED OAK,75154,75154,PFBS,4.9,2000.0,False,10000,L,TX0700031
TX,CITY OF RICHARDSON,CITY OF RICHARDSON,75080,75080|75081|75082,PFBS,5.2,2000.0,False,10000,L,TX0570015
TX,CITY OF RICHLAND HILLS,CITY OF RICHLAND HILLS,76118,76118,PFHxS,3.0,10.0,False,3300,S,TX2200022
TX,CITY OF RICHMOND,CITY OF RICHMOND,77469,77469,PFBS,3.9,2000.0,False,10000,L,TX0790023
TX,CITY OF RICHWOOD,CITY OF RICHWOOD,77515,77515|77531|77566,PFBS,4.5,2000.0,False,3300,S,TX0200035
TX,CITY OF ROANOKE,CITY OF ROANOKE,76262,76262,PFHxS,3.2,10.0,False,3300,S,TX0610008
TX,CITY OF ROBINSON,CITY OF ROBINSON,76706,76706,PFBS,3.2,2000.0,False,10000,L,TX1550010
TX,CITY OF ROBINSON,CITY OF ROBINSON,76706,76706,PFHxS,3.5,10.0,False,10000,L,TX1550010
TX,CITY OF ROCKWALL,CITY OF ROCKWALL,75032,75032|75087,PFBS,4.4,2000.0,False,10000,L,TX1990001
TX,CITY OF ROSENBERG,CITY OF ROSENBERG,77469,77469|77471,PFBS,4.1,2000.0,False,10000,L,TX0790003
TX,CITY OF ROUND ROCK,CITY OF ROUND ROCK,78664,78664|78665|78680|78681|78682|78683|78728,PFBS,6.7,2000.0,False,10000,L,TX2460003
TX,CITY OF ROWLETT,CITY OF ROWLETT,75030,75030|75088|75089,PFBS,3.1,2000.0,False,10000,L,TX0570056
TX,CITY OF ROYSE CITY,CITY OF ROYSE CITY,75189,75189,PFBS,4.1,2000.0,False,10000,L,TX1990002
TX,CITY OF SACHSE,CITY OF SACHSE,75048,75048,PFBS,4.1,2000.0,False,10000,L,TX0570057
TX,CITY OF SAN ANGELO,CITY OF SAN ANGELO,76903,76903,PFBS,8.4,2000.0,False,10000,L,TX2260001
TX,CITY OF SAN ANGELO,CITY OF SAN ANGELO,76903,76903,PFHxS,9.7,10.0,False,10000,L,TX2260001
TX,CITY OF SAN BENITO,CITY OF SAN BENITO,78586,78586,PFHxS,4.9,10.0,False,10000,L,TX0310007
TX,CITY OF SAN BENITO,CITY OF SAN BENITO,78586,78586,PFOS,4.8,4.0,True,10000,L,TX0310007
TX,CITY OF SAN JUAN,CITY OF SAN JUAN,78589,78589,PFHxS,3.9,10.0,False,10000,L,TX1080010
TX,CITY OF SAN JUAN,CITY OF SAN JUAN,78589,78589,PFOS,4.5,4.0,True,10000,L,TX1080010
TX,CITY OF SAN MARCOS,CITY OF SAN MARCOS,78666,78666|78667,PFHxS,3.4,10.0,False,10000,L,TX1050001
TX,CITY OF SEABROOK,CITY OF SEABROOK,77586,77586,PFBS,4.2,2000.0,False,10000,L,TX1010062
TX,CITY OF SEABROOK,CITY OF SEABROOK,77586,77586,PFHxS,3.7,10.0,False,10000,L,TX1010062
TX,CITY OF SEAGOVILLE,CITY OF SEAGOVILLE,75159,75159,PFBS,5.1,2000.0,False,10000,L,TX0570016
TX,CITY OF SEAGOVILLE,CITY OF SEAGOVILLE,75159,75159,PFOS,5.1,4.0,True,10000,L,TX0570016
TX,CITY OF SOUTH HOUSTON,CITY OF SOUTH HOUSTON,77587,77587,PFBS,3.2,2000.0,False,10000,L,TX1010294
TX,CITY OF SOUTH HOUSTON,CITY OF SOUTH HOUSTON,77587,77587,PFHxS,3.4,10.0,False,10000,L,TX1010294
TX,CITY OF SOUTH HOUSTON,CITY OF SOUTH HOUSTON,77587,77587,PFOS,4.2,4.0,True,10000,L,TX1010294
TX,CITY OF SOUTHLAKE,CITY OF SOUTHLAKE,76092,76092,PFBS,3.7,2000.0,False,10000,L,TX2200075
TX,CITY OF SOUTHLAKE,CITY OF SOUTHLAKE,76092,76092,PFHxS,10.7,10.0,True,10000,L,TX2200075
TX,CITY OF SOUTHLAKE,CITY OF SOUTHLAKE,76092,76092,PFOS,4.1,4.0,True,10000,L,TX2200075
TX,CITY OF SUGAR LAND,CITY OF SUGAR LAND,77478,77478|77479|77487|77496|77498,PFBS,5.8,2000.0,False,10000,L,TX0790005
TX,CITY OF SUGAR LAND,CITY OF SUGAR LAND,77478,77478|77479|77487|77496|77498,PFOA,4.1,4.0,True,10000,L,TX0790005
TX,CITY OF TAYLOR,CITY OF TAYLOR,76574,76574,PFBS,9.4,2000.0,False,10000,L,TX2460004
TX,CITY OF TAYLOR,CITY OF TAYLOR,76574,76574,PFOA,5.0,4.0,True,10000,L,TX2460004
TX,CITY OF TEMPLE,CITY OF TEMPLE,76501,76501|76502|76504|76513|76554|76579,PFBS,4.2,2000.0,False,10000,L,TX0140005
TX,CITY OF TEMPLE,CITY OF TEMPLE,76501,76501|76502|76504|76513|76554|76579,PFHxS,4.7,10.0,False,10000,L,TX0140005
TX,CITY OF TEMPLE,CITY OF TEMPLE,76501,76501|76502|76504|76513|76554|76579,PFOS,4.9,4.0,True,10000,L,TX0140005
TX,CITY OF TERRELL,CITY OF TERRELL,75160,75160|75161,PFBS,5.8,2000.0,False,10000,L,TX1290006
TX,CITY OF TERRELL,CITY OF TERRELL,75160,75160|75161,PFHxS,4.1,10.0,False,10000,L,TX1290006
TX,CITY OF TERRELL,CITY OF TERRELL,75160,75160|75161,PFOS,10.4,4.0,True,10000,L,TX1290006
TX,CITY OF TEXAS CITY,CITY OF TEXAS CITY,77590,77590,PFBS,3.6,2000.0,False,10000,L,TX0840008
TX,CITY OF THE COLONY,CITY OF THE COLONY,75010,75010|75024|75034|75056,PFBS,4.1,2000.0,False,10000,L,TX0610081
TX,CITY OF TYE,CITY OF TYE,79563,79563,PFBS,5.3,2000.0,False,3300,S,TX2210011
TX,CITY OF TYE,CITY OF TYE,79563,79563,PFHxS,19.0,10.0,True,3300,S,TX2210011
TX,CITY OF TYE,CITY OF TYE,79563,79563,PFOA,4.7,4.0,True,3300,S,TX2210011
TX,CITY OF TYE,CITY OF TYE,79563,79563,PFOS,20.4,4.0,True,3300,S,TX2210011
TX,CITY OF UNIVERSITY PARK,CITY OF UNIVERSITY PARK,75205,75205|75206|75225,PFBS,8.9,2000.0,False,10000,L,TX0570061
TX,CITY OF UNIVERSITY PARK,CITY OF UNIVERSITY PARK,75205,75205|75206|75225,PFHxS,4.7,10.0,False,10000,L,TX0570061
TX,CITY OF UNIVERSITY PARK,CITY OF UNIVERSITY PARK,75205,75205|75206|75225,PFOA,5.5,4.0,True,10000,L,TX0570061
TX,CITY OF UNIVERSITY PARK,CITY OF UNIVERSITY PARK,75205,75205|75206|75225,PFOS,4.3,4.0,True,10000,L,TX0570061
TX,CITY OF WATAUGA,CITY OF WATAUGA,76137,76137|76148,PFBS,4.1,2000.0,False,10000,L,TX2200328
TX,CITY OF WATAUGA,CITY OF WATAUGA,76137,76137|76148,PFHxS,7.2,10.0,False,10000,L,TX2200328
TX,CITY OF WAXAHACHIE,CITY OF WAXAHACHIE,75165,75165,PFBS,7.1,2000.0,False,10000,L,TX0700008
TX,CITY OF WEATHERFORD,CITY OF WEATHERFORD,76085,76085|76086|76087|76088,PFBS,5.0,2000.0,False,10000,L,TX1840005
TX,CITY OF WEATHERFORD,CITY OF WEATHERFORD,76085,76085|76086|76087|76088,PFOS,5.4,4.0,True,10000,L,TX1840005
TX,CITY OF WEBSTER,CITY OF WEBSTER,77058,77058|77598,PFBS,4.6,2000.0,False,10000,L,TX1010226
TX,CITY OF WEBSTER,CITY OF WEBSTER,77058,77058|77598,PFHxS,4.6,10.0,False,10000,L,TX1010226
TX,CITY OF WEBSTER,CITY OF WEBSTER,77058,77058|77598,PFOS,6.2,4.0,True,10000,L,TX1010226
TX,CITY OF WESLACO,CITY OF WESLACO,78596,78596,PFHxS,5.8,10.0,False,10000,L,TX1080011
TX,CITY OF WESLACO,CITY OF WESLACO,78596,78596,PFOS,5.9,4.0,True,10000,L,TX1080011
TX,CITY OF WEST UNIVERSITY PLACE,CITY OF WEST UNIVERSITY PLACE,77005,77005|77025,PFBS,5.1,2000.0,False,10000,L,TX1010027
TX,CITY OF WEST UNIVERSITY PLACE,CITY OF WEST UNIVERSITY PLACE,77005,77005|77025,PFHxS,3.9,10.0,False,10000,L,TX1010027
TX,CITY OF WEST UNIVERSITY PLACE,CITY OF WEST UNIVERSITY PLACE,77005,77005|77025,PFOS,5.4,4.0,True,10000,L,TX1010027
TX,CITY OF WHITE SETTLEMENT,CITY OF WHITE SETTLEMENT,76108,76108|76114,PFBS,3.9,2000.0,False,10000,L,TX2200081
TX,CITY OF WHITE SETTLEMENT,CITY OF WHITE SETTLEMENT,76108,76108|76114,PFHxS,9.1,10.0,False,10000,L,TX2200081
TX,CITY OF WHITE SETTLEMENT,CITY OF WHITE SETTLEMENT,76108,76108|76114,PFOS,5.0,4.0,True,10000,L,TX2200081
TX,CITY OF WILLS POINT,CITY OF WILLS POINT,75169,75169,PFHxS,3.7,10.0,False,3300,S,TX2340005
TX,CITY OF WILMER,CITY OF WILMER,75172,75172,PFBS,3.9,2000.0,False,3300,S,TX0570018
TX,CITY OF WYLIE,CITY OF WYLIE,75098,75098,PFBS,6.6,2000.0,False,10000,L,TX0430011
TX,CLEAR BROOK CITY MUD,CLEAR BROOK CITY MUD,77089,77089,PFBS,3.0,2000.0,False,10000,L,TX1010418
TX,CLEAR BROOK CITY MUD,CLEAR BROOK CITY MUD,77089,77089,PFHxS,3.5,10.0,False,10000,L,TX1010418
TX,CLEAR BROOK CITY MUD,CLEAR BROOK CITY MUD,77089,77089,PFOS,4.6,4.0,True,10000,L,TX1010418
TX,CLEAR LAKE CITY WATER AUTHORITY,CLEAR LAKE CITY WATER AUTHORITY,77058,77058|77059|77062|77586|77598,PFBS,5.7,2000.0,False,10000,L,TX1010056
TX,CLEAR LAKE CITY WATER AUTHORITY,CLEAR LAKE CITY WATER AUTHORITY,77058,77058|77059|77062|77586|77598,PFHxS,6.0,10.0,False,10000,L,TX1010056
TX,CLEAR LAKE CITY WATER AUTHORITY,CLEAR LAKE CITY WATER AUTHORITY,77058,77058|77059|77062|77586|77598,PFOA,4.0,4.0,False,10000,L,TX1010056
TX,CLEAR LAKE CITY WATER AUTHORITY,CLEAR LAKE CITY WATER AUTHORITY,77058,77058|77059|77062|77586|77598,PFOS,6.7,4.0,True,10000,L,TX1010056
TX,COLLEGE MOUND SUD,COLLEGE MOUND SUD,75142,75142|75161|75169,PFBS,4.1,2000.0,False,3300,S,TX1290012
TX,COLLEGE MOUND SUD,COLLEGE MOUND SUD,75142,75142|75161|75169,PFHxS,3.4,10.0,False,3300,S,TX1290012
TX,COLLEGE MOUND SUD,COLLEGE MOUND SUD,75142,75142|75161|75169,PFOS,5.5,4.0,True,3300,S,TX1290012
TX,COMBINE WSC,COMBINE WSC,75159,75159,PFBS,5.4,2000.0,False,3300,S,TX0570039
TX,CONCHO RURAL WATER GRAPE CREEK,CONCHO RURAL WATER GRAPE CREEK,76901,76901,PFBS,13.9,2000.0,False,3300,S,TX2260008
TX,CONCHO RURAL WATER GRAPE CREEK,CONCHO RURAL WATER GRAPE CREEK,76901,76901,PFHxS,6.9,10.0,False,3300,S,TX2260008
TX,COPEVILLE SUD,COPEVILLE SUD,75121,75121|75173|75442,PFBS,4.7,2000.0,False,3300,S,TX0430029
TX,CREEDMOOR MAHA WSC,CREEDMOOR MAHA WSC,78610,78610|78616|78644|78719|78747,PFBS,5.3,2000.0,False,3300,S,TX2270008
TX,CREEDMOOR MAHA WSC,CREEDMOOR MAHA WSC,78610,78610|78616|78644|78719|78747,PFHxS,6.7,10.0,False,3300,S,TX2270008
TX,CROSS TIMBERS WSC,CROSS TIMBERS WSC,75028,75028|75077|76226,PFBS,3.6,2000.0,False,3300,S,TX0610020
TX,CROSS TIMBERS WSC,CROSS TIMBERS WSC,75028,75028|75077|76226,PFHxS,8.8,10.0,False,3300,S,TX0610020
TX,DALLAS WATER UTILITY,DALLAS WATER UTILITY,75201,75201|75202|75203|75204|75205|75206|75207|75208|75209|75210|75211|75212|75214|75215|75216|75217|75218|75219|75220|75223|75224|75225|75226|75227|75228|75229|75230|75231|75232|75233|75234|75235|75236|75237|75238|75240|75241|75242|75243|75244|75246|75247|75248|75249|75251|75252|75253|75254|75258|75270|75287|75390|75398,PFBS,7.6,2000.0,False,10000,L,TX0570004
TX,DALLAS WATER UTILITY,DALLAS WATER UTILITY,75201,75201|75202|75203|75204|75205|75206|75207|75208|75209|75210|75211|75212|75214|75215|75216|75217|75218|75219|75220|75223|75224|75225|75226|75227|75228|75229|75230|75231|75232|75233|75234|75235|75236|75237|75238|75240|75241|75242|75243|75244|75246|75247|75248|75249|75251|75252|75253|75254|75258|75270|75287|75390|75398,PFHxS,3.8,10.0,False,10000,L,TX0570004
TX,DALLAS WATER UTILITY,DALLAS WATER UTILITY,75201,75201|75202|75203|75204|75205|75206|75207|75208|75209|75210|75211|75212|75214|75215|75216|75217|75218|75219|75220|75223|75224|75225|75226|75227|75228|75229|75230|75231|75232|75233|75234|75235|75236|75237|75238|75240|75241|75242|75243|75244|75246|75247|75248|75249|75251|75252|75253|75254|75258|75270|75287|75390|75398,PFOA,6.3,4.0,True,10000,L,TX0570004
TX,DALLAS WATER UTILITY,DALLAS WATER UTILITY,75201,75201|75202|75203|75204|75205|75206|75207|75208|75209|75210|75211|75212|75214|75215|75216|75217|75218|75219|75220|75223|75224|75225|75226|75227|75228|75229|75230|75231|75232|75233|75234|75235|75236|75237|75238|75240|75241|75242|75243|75244|75246|75247|75248|75249|75251|75252|75253|75254|75258|75270|75287|75390|75398,PFOS,5.1,4.0,True,10000,L,TX0570004
TX,DENTON COUNTY FWSD 7 LANTANA,DENTON COUNTY FWSD 7 LANTANA,76226,76226,PFBS,3.2,2000.0,False,10000,L,TX0610228
TX,DYESS AIR FORCE BASE,DYESS AIR FORCE BASE,79607,79607,PFBS,7.1,2000.0,False,3300,S,TX2210013
TX,DYESS AIR FORCE BASE,DYESS AIR FORCE BASE,79607,79607,PFHxS,19.0,10.0,True,3300,S,TX2210013
TX,DYESS AIR FORCE BASE,DYESS AIR FORCE BASE,79607,79607,PFOA,6.2,4.0,True,3300,S,TX2210013
TX,DYESS AIR FORCE BASE,DYESS AIR FORCE BASE,79607,79607,PFOS,21.0,4.0,True,3300,S,TX2210013
TX,EAST BELL WSC,EAST BELL WSC,76501,76501|76519|76569|76656,PFBS,5.9,2000.0,False,3300,S,TX0140118
TX,EAST BELL WSC,EAST BELL WSC,76501,76501|76519|76569|76656,PFHxS,4.5,10.0,False,3300,S,TX0140118
TX,EAST FORK SUD,EAST FORK SUD,75089,75089|75098,PFBS,5.1,2000.0,False,10000,L,TX0430033
TX,EAST MONTANA WATER SYSTEM,EAST MONTANA WATER SYSTEM,79835,79835|79928|79938,PFBS,3.1,2000.0,False,3300,S,TX0710178
TX,EAST RIO HONDO WSC,EAST RIO HONDO WSC,78550,78550|78552|78578|78583|78586,PFBS,3.5,2000.0,False,10000,L,TX0310096
TX,EAST RIO HONDO WSC,EAST RIO HONDO WSC,78550,78550|78552|78578|78583|78586,PFHxS,4.5,10.0,False,10000,L,TX0310096
TX,EAST RIO HONDO WSC,EAST RIO HONDO WSC,78550,78550|78552|78578|78583|78586,PFOA,5.4,4.0,True,10000,L,TX0310096
TX,EAST RIO HONDO WSC,EAST RIO HONDO WSC,78550,78550|78552|78578|78583|78586,PFOS,5.6,4.0,True,10000,L,TX0310096
TX,ECTOR COUNTY UTILITY DISTRICT,ECTOR COUNTY UTILITY DISTRICT,79763,79763,PFBS,4.9,2000.0,False,10000,L,TX0680235
TX,ECTOR COUNTY UTILITY DISTRICT,ECTOR COUNTY UTILITY DISTRICT,79763,79763,PFHxS,5.4,10.0,False,10000,L,TX0680235
TX,EL JARDIN WSC,EL JARDIN WSC,,,PFBS,3.0,2000.0,False,3300,S,TX0310022
TX,EL JARDIN WSC,EL JARDIN WSC,,,PFHxS,3.9,10.0,False,3300,S,TX0310022
TX,EL JARDIN WSC,EL JARDIN WSC,,,PFOA,4.3,4.0,True,3300,S,TX0310022
TX,EL JARDIN WSC,EL JARDIN WSC,,,PFOS,4.6,4.0,True,3300,S,TX0310022
TX,EL PASO WATER UTILITIES PUBLIC SERVICE B,EL PASO WATER UTILITIES PUBLIC SERVICE B,79821,79821|79901|79902|79904|79912|79915|79924|79927|79935|79936|79938,PFBS,8.5,2000.0,False,10000,L,TX0710002
TX,EL PASO WATER UTILITIES PUBLIC SERVICE B,EL PASO WATER UTILITIES PUBLIC SERVICE B,79821,79821|79901|79902|79904|79912|79915|79924|79927|79935|79936|79938,PFHxS,5.5,10.0,False,10000,L,TX0710002
TX,EL PASO WATER UTILITIES PUBLIC SERVICE B,EL PASO WATER UTILITIES PUBLIC SERVICE B,79821,79821|79901|79902|79904|79912|79915|79924|79927|79935|79936|79938,PFOS,8.5,4.0,True,10000,L,TX0710002
TX,EULA WSC,EULA WSC,79510,79510,PFBS,5.9,2000.0,False,3300,S,TX0300005
TX,EULA WSC,EULA WSC,79510,79510,PFHxS,21.3,10.0,True,3300,S,TX0300005
TX,EULA WSC,EULA WSC,79510,79510,PFOA,6.2,4.0,True,3300,S,TX0300005
TX,EULA WSC,EULA WSC,79510,79510,PFOS,20.0,4.0,True,3300,S,TX0300005
TX,EXXON MOBIL BAYTOWN REFINERY,EXXON MOBIL BAYTOWN REFINERY,77520,77520,PFBS,7.0,2000.0,False,3300,S,TX1011562
TX,EXXON MOBIL BAYTOWN REFINERY,EXXON MOBIL BAYTOWN REFINERY,77520,77520,PFHxS,3.2,10.0,False,3300,S,TX1011562
TX,FILES VALLEY WSC,FILES VALLEY WSC,76055,76055|76645,PFBS,3.0,2000.0,False,3300,S,TX1090035
TX,FORNEY LAKE WSC,FORNEY LAKE WSC,75126,75126,PFBS,3.3,2000.0,False,3300,S,TX1290014
TX,FORT BEND COUNTY MUD 118,FORT BEND COUNTY MUD 118,77406,77406|77407|77469,PFBS,3.2,2000.0,False,3300,S,TX0790366
TX,FORT BEND COUNTY MUD 118,FORT BEND COUNTY MUD 118,77406,77406|77407|77469,PFHxS,3.1,10.0,False,3300,S,TX0790366
TX,FORT BEND COUNTY MUD 122,FORT BEND COUNTY MUD 122,77407,77407,PFBS,3.6,2000.0,False,3300,S,TX0790416
TX,FORT BEND COUNTY MUD 122,FORT BEND COUNTY MUD 122,77407,77407,PFHxS,3.7,10.0,False,3300,S,TX0790416
TX,FORT BEND COUNTY MUD 133,FORT BEND COUNTY MUD 133,77406,77406,PFBS,4.2,2000.0,False,3300,S,TX0790444
TX,FORT BEND COUNTY MUD 133,FORT BEND COUNTY MUD 133,77406,77406,PFHxS,3.9,10.0,False,3300,S,TX0790444
TX,FORT BEND COUNTY MUD 133,FORT BEND COUNTY MUD 133,77406,77406,PFOS,4.6,4.0,True,3300,S,TX0790444
TX,FORT BEND COUNTY MUD 142,FORT BEND COUNTY MUD 142,77406,77406|77407|77441|77450|77469|77494,PFBS,4.0,2000.0,False,3300,S,TX0790429
TX,FORT BEND COUNTY MUD 142,FORT BEND COUNTY MUD 142,77406,77406|77407|77441|77450|77469|77494,PFHxS,3.8,10.0,False,3300,S,TX0790429
TX,FORT BEND COUNTY MUD 142,FORT BEND COUNTY MUD 142,77406,77406|77407|77441|77450|77469|77494,PFOS,4.2,4.0,True,3300,S,TX0790429
TX,FORT BEND COUNTY MUD 165,FORT BEND COUNTY MUD 165,77407,77407,PFHxS,3.0,10.0,False,3300,S,TX0790470
TX,FORT BEND COUNTY MUD 165,FORT BEND COUNTY MUD 165,77407,77407,PFOS,4.2,4.0,True,3300,S,TX0790470
TX,FORT BEND COUNTY MUD 34,FORT BEND COUNTY MUD 34,77494,77494,PFBS,3.3,2000.0,False,3300,S,TX0790200
TX,FORT BEND COUNTY MUD 41,FORT BEND COUNTY MUD 41,77498,77498,PFBS,4.5,2000.0,False,3300,S,TX0790229
TX,FORT BEND COUNTY MUD 41,FORT BEND COUNTY MUD 41,77498,77498,PFHxS,4.0,10.0,False,3300,S,TX0790229
TX,FORT BEND COUNTY MUD 41,FORT BEND COUNTY MUD 41,77498,77498,PFOS,4.0,4.0,False,3300,S,TX0790229
TX,FORT BEND COUNTY WCID 2,FORT BEND COUNTY WCID 2,77477,77477,PFBS,3.1,2000.0,False,10000,L,TX0790004
TX,FORT BLISS MAIN POST AREA,FORT BLISS MAIN POST AREA,79904,79904|79906|79908|79916|79918|79930,PFHxS,3.7,10.0,False,10000,L,TX0710020
TX,FRISCO WEST WCID,FRISCO WEST WCID,75068,75068,PFBS,3.1,2000.0,False,3300,S,TX0610253
TX,G M WSC,G M WSC,75930,75930|75948|75959|75968|75972,PFBS,15.1,2000.0,False,3300,S,TX2020067
TX,GALVESTON COUNTY WCID 1,GALVESTON COUNTY WCID 1,77539,77539,PFBS,3.8,2000.0,False,10000,L,TX0840001
TX,GALVESTON COUNTY WCID 12,GALVESTON COUNTY WCID 12,77565,77565,PFBS,3.9,2000.0,False,3300,S,TX0840031
TX,GALVESTON COUNTY WCID 8,GALVESTON COUNTY WCID 8,77553,77553,PFBS,4.5,2000.0,False,3300,S,TX0840009
TX,GASTONIA SCURRY SUD,GASTONIA SCURRY SUD,75114,75114|75142|75158|75160,PFBS,3.5,2000.0,False,3300,S,TX1290015
TX,GASTONIA SCURRY SUD,GASTONIA SCURRY SUD,75114,75114|75142|75158|75160,PFHxS,3.1,10.0,False,3300,S,TX1290015
TX,GASTONIA SCURRY SUD,GASTONIA SCURRY SUD,75114,75114|75142|75158|75160,PFOS,4.3,4.0,True,3300,S,TX1290015
TX,GBRA CALHOUN COUNTY RURAL WATER SYSTEM,GBRA CALHOUN COUNTY RURAL WATER SYSTEM,77979,77979,PFBS,5.4,2000.0,False,3300,S,TX0290007
TX,GBRA CALHOUN COUNTY RURAL WATER SYSTEM,GBRA CALHOUN COUNTY RURAL WATER SYSTEM,77979,77979,PFHxS,4.7,10.0,False,3300,S,TX0290007
TX,GBRA CALHOUN COUNTY RURAL WATER SYSTEM,GBRA CALHOUN COUNTY RURAL WATER SYSTEM,77979,77979,PFOA,4.8,4.0,True,3300,S,TX0290007
TX,GBRA CALHOUN COUNTY RURAL WATER SYSTEM,GBRA CALHOUN COUNTY RURAL WATER SYSTEM,77979,77979,PFOS,5.0,4.0,True,3300,S,TX0290007
TX,GOFORTH SUD,GOFORTH SUD,78610,78610|78640|78644,PFBS,7.2,2000.0,False,10000,L,TX1050019
TX,GOODFELLOW AIR FORCE BASE,GOODFELLOW AIR FORCE BASE,76908,76908,PFBS,7.6,2000.0,False,3300,S,TX2260027
TX,GOODFELLOW AIR FORCE BASE,GOODFELLOW AIR FORCE BASE,76908,76908,PFHxS,9.2,10.0,False,3300,S,TX2260027
TX,HARLETON WSC,HARLETON WSC,75640,75640|75651|75657|75661,PFBS,4.8,2000.0,False,3300,S,TX1020074
TX,HARRIS COUNTY FWSD 51,HARRIS COUNTY FWSD 51,77015,77015|77049,PFBS,3.5,2000.0,False,10000,L,TX1010238
TX,HARRIS COUNTY MUD 102,HARRIS COUNTY MUD 102,77084,77084,PFBS,4.6,2000.0,False,10000,L,TX1010503
TX,HARRIS COUNTY MUD 102,HARRIS COUNTY MUD 102,77084,77084,PFHxS,3.6,10.0,False,10000,L,TX1010503
TX,HARRIS COUNTY MUD 119,HARRIS COUNTY MUD 119,77088,77088,PFOA,4.0,4.0,False,3300,S,TX1010626
TX,HARRIS COUNTY MUD 130,HARRIS COUNTY MUD 130,77041,77041,PFBS,3.0,2000.0,False,3300,S,TX1012097
TX,HARRIS COUNTY MUD 148 KINGSLAKE,HARRIS COUNTY MUD 148 KINGSLAKE,77066,77066,PFBS,4.6,2000.0,False,3300,S,TX1010938
TX,HARRIS COUNTY MUD 157,HARRIS COUNTY MUD 157,77433,77433|77449,PFBS,4.3,2000.0,False,10000,L,TX1011430
TX,HARRIS COUNTY MUD 157,HARRIS COUNTY MUD 157,77433,77433|77449,PFHxS,3.7,10.0,False,10000,L,TX1011430
TX,HARRIS COUNTY MUD 179,HARRIS COUNTY MUD 179,77095,77095,PFHxS,3.1,10.0,False,3300,S,TX1011848
TX,HARRIS COUNTY MUD 183,HARRIS COUNTY MUD 183,77084,77084,PFHxS,3.1,10.0,False,3300,S,TX1011824
TX,HARRIS COUNTY MUD 185,HARRIS COUNTY MUD 185,77084,77084,PFBS,4.3,2000.0,False,3300,S,TX1011914
TX,HARRIS COUNTY MUD 185,HARRIS COUNTY MUD 185,77084,77084,PFHxS,3.4,10.0,False,3300,S,TX1011914
TX,HARRIS COUNTY MUD 186,HARRIS COUNTY MUD 186,77095,77095,PFBS,3.2,2000.0,False,3300,S,TX1012214
TX,HARRIS COUNTY MUD 196,HARRIS COUNTY MUD 196,77095,77095,PFBS,3.7,2000.0,False,3300,S,TX1013002
TX,HARRIS COUNTY MUD 196,HARRIS COUNTY MUD 196,77095,77095,PFHxS,3.4,10.0,False,3300,S,TX1013002
TX,HARRIS COUNTY MUD 230,HARRIS COUNTY MUD 230,77070,77070,PFBS,4.3,2000.0,False,3300,S,TX1012740
TX,HARRIS COUNTY MUD 285,HARRIS COUNTY MUD 285,77015,77015|77049,PFBS,4.3,2000.0,False,10000,L,TX1012677
TX,HARRIS COUNTY MUD 285,HARRIS COUNTY MUD 285,77015,77015|77049,PFHxS,4.0,10.0,False,10000,L,TX1012677
TX,HARRIS COUNTY MUD 370,HARRIS COUNTY MUD 370,77041,77041,PFBS,3.4,2000.0,False,3300,S,TX1013113
TX,HARRIS COUNTY MUD 412,HARRIS COUNTY MUD 412,77044,77044,PFBS,3.0,2000.0,False,3300,S,TX1013354
TX,HARRIS COUNTY MUD 53,HARRIS COUNTY MUD 53,77015,77015|77530,PFBS,3.8,2000.0,False,10000,L,TX1010720
TX,HARRIS COUNTY MUD 53,HARRIS COUNTY MUD 53,77015,77015|77530,PFHxS,4.0,10.0,False,10000,L,TX1010720
TX,HARRIS COUNTY MUD 55 HERITAGE PARK,HARRIS COUNTY MUD 55 HERITAGE PARK,77546,77546,PFBS,3.0,2000.0,False,10000,L,TX1010678
TX,HARRIS COUNTY MUD 6 CARRIAGE LANE,HARRIS COUNTY MUD 6 CARRIAGE LANE,77064,77064,PFBS,3.7,2000.0,False,3300,S,TX1010496
TX,HARRIS COUNTY MUD 6 CARRIAGE LANE,HARRIS COUNTY MUD 6 CARRIAGE LANE,77064,77064,PFHxS,3.6,10.0,False,3300,S,TX1010496
TX,HARRIS COUNTY MUD 70,HARRIS COUNTY MUD 70,77443,77443,PFBS,3.4,2000.0,False,3300,S,TX1011690
TX,HARRIS COUNTY MUD 70,HARRIS COUNTY MUD 70,77443,77443,PFHxS,3.4,10.0,False,3300,S,TX1011690
TX,HARRIS COUNTY MUD 8,HARRIS COUNTY MUD 8,77015,77015,PFBS,4.5,2000.0,False,3300,S,TX1010712
TX,HARRIS COUNTY MUD 8,HARRIS COUNTY MUD 8,77015,77015,PFHxS,4.3,10.0,False,3300,S,TX1010712
TX,HARRIS COUNTY MUD 8,HARRIS COUNTY MUD 8,77015,77015,PFOS,4.6,4.0,True,3300,S,TX1010712
TX,HARRIS COUNTY WCID 1,HARRIS COUNTY WCID 1,77562,77562,PFBS,4.3,2000.0,False,3300,S,TX1010159
TX,HARRIS COUNTY WCID 1,HARRIS COUNTY WCID 1,77562,77562,PFHxS,4.3,10.0,False,3300,S,TX1010159
TX,HARRIS COUNTY WCID 1,HARRIS COUNTY WCID 1,77562,77562,PFOS,5.5,4.0,True,3300,S,TX1010159
TX,HARRIS COUNTY WCID 116,HARRIS COUNTY WCID 116,77069,77069,PFBS,3.1,2000.0,False,3300,S,TX1010507
TX,HARRIS COUNTY WCID 119,HARRIS COUNTY WCID 119,77070,77070|77379,PFBS,4.3,2000.0,False,3300,S,TX1010509
TX,HARRIS COUNTY WCID 161,HARRIS COUNTY WCID 161,77059,77059,PFBS,3.7,2000.0,False,3300,S,TX1013612
TX,HARRIS COUNTY WCID 161,HARRIS COUNTY WCID 161,77059,77059,PFHxS,3.7,10.0,False,3300,S,TX1013612
TX,HARRIS COUNTY WCID 36,HARRIS COUNTY WCID 36,77015,77015,PFBS,3.0,2000.0,False,10000,L,TX1010239
TX,HARRIS COUNTY WCID 36,HARRIS COUNTY WCID 36,77015,77015,PFOS,4.0,4.0,False,10000,L,TX1010239
TX,HAWLEY WSC,HAWLEY WSC,79525,79525,PFBS,9.5,2000.0,False,3300,S,TX1270006
TX,HAWLEY WSC,HAWLEY WSC,79525,79525,PFHxS,36.4,10.0,True,3300,S,TX1270006
TX,HAWLEY WSC,HAWLEY WSC,79525,79525,PFOA,8.8,4.0,True,3300,S,TX1270006
TX,HAWLEY WSC,HAWLEY WSC,79525,79525,PFOS,32.3,4.0,True,3300,S,TX1270006
TX,HEATHERLOCH MUD,HEATHERLOCH MUD,77069,77069,PFBS,4.0,2000.0,False,3300,S,TX1010548
TX,HIGH POINT WATER SUPPLY CORPORATION,HIGH POINT WATER SUPPLY CORPORATION,75032,75032|75126|75160,PFHxS,3.0,10.0,False,3300,S,TX1290016
TX,HILL COUNTY WSC,HILL COUNTY WSC,76622,76622|76627|76645|76692,PFBS,3.4,2000.0,False,3300,S,TX1090041
TX,HOLIDAY ESTATES WATER,HOLIDAY ESTATES WATER,75169,75169,PFHxS,3.7,10.0,False,3300,S,TX1160028
TX,HOLIDAY ESTATES WATER,HOLIDAY ESTATES WATER,75169,75169,PFOS,4.0,4.0,False,3300,S,TX1160028
TX,HORSEPEN BAYOU MUD,HORSEPEN BAYOU MUD,77041,77041,PFBS,3.0,2000.0,False,3300,S,TX1011785
TX,INTERSTATE MUD,INTERSTATE MUD,77450,77450,PFBS,3.3,2000.0,False,3300,S,TX1012264
TX,INTERSTATE MUD,INTERSTATE MUD,77450,77450,PFHxS,3.1,10.0,False,3300,S,TX1012264
TX,JACKRABBIT ROAD PUD,JACKRABBIT ROAD PUD,77084,77084,PFBS,4.0,2000.0,False,3300,S,TX1010538
TX,JACKRABBIT ROAD PUD,JACKRABBIT ROAD PUD,77084,77084,PFHxS,3.4,10.0,False,3300,S,TX1010538
TX,JARRELL SCHWERTNER WSC,JARRELL SCHWERTNER WSC,76537,76537,PFBS,3.6,2000.0,False,3300,S,TX2460011
TX,JOHNSON COUNTY SUD,JOHNSON COUNTY SUD,76009,76009|76013|76028|76031|76033|76036|76044|76050|76058|76059|76061|76063|76065|76082|76084|76093|76097|76102|76107|76134|76161|76163|76636,PFBS,3.4,2000.0,False,10000,L,TX1260018
TX,JONAH WATER SUD,JONAH WATER SUD,76511,76511|76530|76537|76574|78626|78634|78664|78665,PFBS,9.3,2000.0,False,10000,L,TX2460022
TX,JONAH WATER SUD,JONAH WATER SUD,76511,76511|76530|76537|76574|78626|78634|78664|78665,PFHxS,5.6,10.0,False,10000,L,TX2460022
TX,JONAH WATER SUD,JONAH WATER SUD,76511,76511|76530|76537|76574|78626|78634|78664|78665,PFOA,5.1,4.0,True,10000,L,TX2460022
TX,JONAH WATER SUD,JONAH WATER SUD,76511,76511|76530|76537|76574|78626|78634|78664|78665,PFOS,5.7,4.0,True,10000,L,TX2460022
TX,KAUFMAN COUNTY MUD 11,KAUFMAN COUNTY MUD 11,75126,75126,PFBS,3.4,2000.0,False,3300,S,TX1290046
TX,KAUFMAN COUNTY MUD 14,KAUFMAN COUNTY MUD 14,75126,75126,PFBS,3.8,2000.0,False,3300,S,TX1290053
TX,KEMPNER WSC,KEMPNER WSC,76522,76522|76539|76549|76550|76571|78611,PFBS,3.6,2000.0,False,10000,L,TX1410028
TX,KINGSBRIDGE MUD,KINGSBRIDGE MUD,77498,77498,PFBS,3.2,2000.0,False,3300,S,TX0790158
TX,LAKE CITIES MUNICIPAL UTILITY AUTHORITY,LAKE CITIES MUNICIPAL UTILITY AUTHORITY,75065,75065,PFBS,4.2,2000.0,False,10000,L,TX0610029
TX,LAKE MUD,LAKE MUD,77521,77521,PFBS,3.3,2000.0,False,3300,S,TX1011741
TX,LAKES OF ROSEHILL WATER SYSTEM,LAKES OF ROSEHILL WATER SYSTEM,77429,77429,PFBS,3.2,2000.0,False,3300,S,TX1013050
TX,LAKES OF ROSEHILL WATER SYSTEM,LAKES OF ROSEHILL WATER SYSTEM,77429,77429,PFHxS,3.1,10.0,False,3300,S,TX1013050
TX,LANGHAM CREEK UTILITY DISTRICT,LANGHAM CREEK UTILITY DISTRICT,77084,77084|77095|77449,PFBS,3.7,2000.0,False,10000,L,TX1011249
TX,LANGHAM CREEK UTILITY DISTRICT,LANGHAM CREEK UTILITY DISTRICT,77084,77084|77095|77449,PFHxS,3.3,10.0,False,10000,L,TX1011249
TX,MACBEE SUD,MACBEE SUD,75169,75169,PFOS,5.1,4.0,True,3300,S,TX2340012
TX,MANVILLE WSC,MANVILLE WSC,76574,76574|76578|77388|78615|78621|78634|78653|78660|78664|78665|78681|78683|78691|78708|78709|78714|78723|78724|78725|78731|78746|78750|78753|78755|78758|78767|78768,PFBS,10.0,2000.0,False,10000,L,TX2270033
TX,MANVILLE WSC,MANVILLE WSC,76574,76574|76578|77388|78615|78621|78634|78653|78660|78664|78665|78681|78683|78691|78708|78709|78714|78723|78724|78725|78731|78746|78750|78753|78755|78758|78767|78768,PFHxS,7.0,10.0,False,10000,L,TX2270033
TX,MANVILLE WSC,MANVILLE WSC,76574,76574|76578|77388|78615|78621|78634|78653|78660|78664|78665|78681|78683|78691|78708|78709|78714|78723|78724|78725|78731|78746|78750|78753|78755|78758|78767|78768,PFNA,24.3,10.0,True,10000,L,TX2270033
TX,MANVILLE WSC,MANVILLE WSC,76574,76574|76578|77388|78615|78621|78634|78653|78660|78664|78665|78681|78683|78691|78708|78709|78714|78723|78724|78725|78731|78746|78750|78753|78755|78758|78767|78768,PFOA,5.9,4.0,True,10000,L,TX2270033
TX,MANVILLE WSC,MANVILLE WSC,76574,76574|76578|77388|78615|78621|78634|78653|78660|78664|78665|78681|78683|78691|78708|78709|78714|78723|78724|78725|78731|78746|78750|78753|78755|78758|78767|78768,PFOS,12.4,4.0,True,10000,L,TX2270033
TX,MILANO WSC,MILANO WSC,76556,76556|77836|77838|77857,PFBS,3.5,2000.0,False,3300,S,TX1660009
TX,MILLERSVIEW-DOOLE WSC,MILLERSVIEW-DOOLE WSC,,,PFBS,3.5,2000.0,False,3300,S,TX0480015
TX,MILLERSVIEW-DOOLE WSC,MILLERSVIEW-DOOLE WSC,,,PFHxS,4.1,10.0,False,3300,S,TX0480015
TX,MONTGOMERY COUNTY MUD 15,MONTGOMERY COUNTY MUD 15,77385,77385,PFBS,4.4,2000.0,False,3300,S,TX1700118
TX,MOUNTAIN PEAK SUD,MOUNTAIN PEAK SUD,75167,75167|76009|76050|76064|76065|76084,PFBS,3.4,2000.0,False,10000,L,TX0700042
TX,MOUNTAIN PEAK SUD,MOUNTAIN PEAK SUD,75167,75167|76009|76050|76064|76065|76084,PFOS,6.2,4.0,True,10000,L,TX0700042
TX,Montgomery Trace,Montgomery Trace,77316,77316,PFOA,4.8,4.0,True,10000,L,TX1700638
TX,NAVAL AIR STN JOINT RESERVE BASE,NAVAL AIR STN JOINT RESERVE BASE,76127,76127,PFBS,3.0,2000.0,False,3300,S,TX2200332
TX,NAVAL AIR STN JOINT RESERVE BASE,NAVAL AIR STN JOINT RESERVE BASE,76127,76127,PFHxS,9.3,10.0,False,3300,S,TX2200332
TX,NEVADA SUD,NEVADA SUD,75089,75089|75173,PFBS,3.5,2000.0,False,3300,S,TX0430053
TX,NEW BRAUNFELS UTILITIES,NEW BRAUNFELS UTILITIES,78130,78130|78132,PFHxS,3.7,10.0,False,10000,L,TX0460001
TX,NORTH ALAMO WSC,NORTH ALAMO WSC,78538,78538|78542|78549|78569|78570|78580|78589|78596,PFBS,3.0,2000.0,False,10000,L,TX1080029
TX,NORTH ALAMO WSC,NORTH ALAMO WSC,78538,78538|78542|78549|78569|78570|78580|78589|78596,PFHxS,3.4,10.0,False,10000,L,TX1080029
TX,OAK TRAIL SHORES,OAK TRAIL SHORES,76048,76048,PFHxS,3.6,10.0,False,3300,S,TX1110004
TX,OLMITO WSC,OLMITO WSC,78520,78520|78566|78575,PFHxS,3.6,10.0,False,3300,S,TX0310026
TX,OLMITO WSC,OLMITO WSC,78520,78520|78566|78575,PFOS,4.5,4.0,True,3300,S,TX0310026
TX,PARKWAY UTILITY DISTRICT,PARKWAY UTILITY DISTRICT,77044,77044,PFBS,3.1,2000.0,False,3300,S,TX1010750
TX,PASEO DEL ESTE MUD 1,PASEO DEL ESTE MUD 1,79928,79928,PFBS,3.6,2000.0,False,3300,S,TX0710186
TX,PECAN GROVE MUD,PECAN GROVE MUD,77406,77406,PFBS,4.5,2000.0,False,10000,L,TX0790132
TX,PECAN GROVE MUD,PECAN GROVE MUD,77406,77406,PFHxS,3.0,10.0,False,10000,L,TX0790132
TX,PINE TRAILS UTILITY,PINE TRAILS UTILITY,77049,77049,PFBS,3.7,2000.0,False,3300,S,TX1010535
TX,PINE TRAILS UTILITY,PINE TRAILS UTILITY,77049,77049,PFHxS,3.6,10.0,False,3300,S,TX1010535
TX,POTOSI WSC,POTOSI WSC,79510,79510|79562|79602,PFBS,6.1,2000.0,False,3300,S,TX2210008
TX,POTOSI WSC,POTOSI WSC,79510,79510|79562|79602,PFHxS,19.9,10.0,True,3300,S,TX2210008
TX,POTOSI WSC,POTOSI WSC,79510,79510|79562|79602,PFOA,6.7,4.0,True,3300,S,TX2210008
TX,POTOSI WSC,POTOSI WSC,79510,79510|79562|79602,PFOS,21.0,4.0,True,3300,S,TX2210008
TX,R C H WSC,R C H WSC,75032,75032|75189,PFBS,4.9,2000.0,False,3300,S,TX1990012
TX,REMINGTON MUD 1,REMINGTON MUD 1,77095,77095,PFHxS,3.0,10.0,False,10000,L,TX1013074
TX,RICE UNIVERSITY,RICE UNIVERSITY,77005,77005,PFBS,3.7,2000.0,False,3300,S,TX1010908
TX,RICE UNIVERSITY,RICE UNIVERSITY,77005,77005,PFHxS,3.5,10.0,False,3300,S,TX1010908
TX,RICE WSC,RICE WSC,75155,75155,PFBS,5.0,2000.0,False,3300,S,TX1750019
TX,RIVERSIDE SUD,RIVERSIDE SUD,77320,77320|77367,PFBS,3.3,2000.0,False,3300,S,TX2360010
TX,ROCKETT SUD,ROCKETT SUD,75119,75119|75125|75146|75152|75154|75165|75167|75168,PFBS,3.6,2000.0,False,10000,L,TX0700033
TX,SAGEMEADOW UTILITY DISTRICT,SAGEMEADOW UTILITY DISTRICT,77089,77089,PFBS,3.1,2000.0,False,3300,S,TX1010386
TX,SAGEMEADOW UTILITY DISTRICT,SAGEMEADOW UTILITY DISTRICT,77089,77089,PFHxS,3.1,10.0,False,3300,S,TX1010386
TX,SALADO WSC,SALADO WSC,76513,76513|76571,PFBS,3.3,2000.0,False,3300,S,TX0140035
TX,SAN ANTONIO WATER SYSTEM,SAN ANTONIO WATER SYSTEM,78006,78006|78015|78023|78056|78065|78069|78073|78101|78109|78112|78154|78201|78202|78203|78204|78205|78207|78208|78209|78210|78211|78212|78213|78214|78215|78216|78217|78218|78219|78220|78221|78222|78223|78224|78225|78226|78227|78228|78229|78230|78231|78232|78233|78234|78235|78236|78237|78238|78239|78240|78242|78244|78245|78247|78248|78249|78250|78251|78252|78253|78254|78255|78256|78257|78258|78259|78260|78261|78263|78264|78266|78284|78288,PFBS,3.8,2000.0,False,10000,L,TX0150018
TX,SAN LEON MUD,SAN LEON MUD,77539,77539,PFBS,3.4,2000.0,False,10000,L,TX0840063
TX,SARDIS LONE ELM WSC,SARDIS LONE ELM WSC,75154,75154|75165|75167|75168|76065,PFBS,3.7,2000.0,False,10000,L,TX0700034
TX,SAWS CASTLE HILLS,SAWS CASTLE HILLS,78213,78213|78216,PFBS,3.2,2000.0,False,10000,L,TX0150045
TX,SAWS CASTLE HILLS,SAWS CASTLE HILLS,78213,78213|78216,PFOS,4.0,4.0,False,10000,L,TX0150045
TX,SEBASTIAN MUD,SEBASTIAN MUD,78594,78594,PFBS,3.1,2000.0,False,3300,S,TX2450006
TX,SHARYLAND WSC,SHARYLAND WSC,78504,78504|78539|78541|78563|78572|78573|78574,PFBS,3.0,2000.0,False,10000,L,TX1080033
TX,SHARYLAND WSC,SHARYLAND WSC,78504,78504|78539|78541|78563|78572|78573|78574,PFHxS,6.4,10.0,False,10000,L,TX1080033
TX,SHARYLAND WSC,SHARYLAND WSC,78504,78504|78539|78541|78563|78572|78573|78574,PFOA,4.3,4.0,True,10000,L,TX1080033
TX,SHARYLAND WSC,SHARYLAND WSC,78504,78504|78539|78541|78563|78572|78573|78574,PFOS,6.8,4.0,True,10000,L,TX1080033
TX,SIENNA PLANTATION MUD 10,SIENNA PLANTATION MUD 10,77459,77459,PFBS,3.7,2000.0,False,3300,S,TX0790452
TX,SIENNA PLANTATION MUD 3,SIENNA PLANTATION MUD 3,77459,77459,PFBS,3.2,2000.0,False,3300,S,TX0790376
TX,SJWTX TRIPLE PEAK PLANT,SJWTX TRIPLE PEAK PLANT,78006,78006|78070|78130|78132|78133|78163|78606|78623,PFBS,6.4,2000.0,False,10000,L,TX0460172
TX,SJWTX TRIPLE PEAK PLANT,SJWTX TRIPLE PEAK PLANT,78006,78006|78070|78130|78132|78133|78163|78606|78623,PFHxS,12.5,10.0,True,10000,L,TX0460172
TX,SJWTX TRIPLE PEAK PLANT,SJWTX TRIPLE PEAK PLANT,78006,78006|78070|78130|78132|78133|78163|78606|78623,PFOS,5.2,4.0,True,10000,L,TX0460172
TX,SONTERRA MUD,SONTERRA MUD,76537,76537|78626|78633,PFBS,7.0,2000.0,False,3300,S,TX2460157
TX,SOUTH TAWAKONI WSC,SOUTH TAWAKONI WSC,75117,75117|75169,PFHxS,3.0,10.0,False,3300,S,TX2340019
TX,SOUTH TAWAKONI WSC,SOUTH TAWAKONI WSC,75117,75117|75169,PFOS,7.3,4.0,True,3300,S,TX2340019
TX,SPENCER ROAD PUD,SPENCER ROAD PUD,77084,77084|77095,PFBS,4.2,2000.0,False,3300,S,TX1010654
TX,SPENCER ROAD PUD,SPENCER ROAD PUD,77084,77084|77095,PFHxS,15.3,10.0,True,3300,S,TX1010654
TX,SPENCER ROAD PUD,SPENCER ROAD PUD,77084,77084|77095,PFOS,9.7,4.0,True,3300,S,TX1010654
TX,SPRING MEADOWS MUD,SPRING MEADOWS MUD,77521,77521,PFBS,3.1,2000.0,False,3300,S,TX1013261
TX,SPRINGS HILL WSC,SPRINGS HILL WSC,78155,78155,PFOS,4.4,4.0,True,10000,L,TX0940022
TX,STEAMBOAT MOUNTAIN WSC,STEAMBOAT MOUNTAIN WSC,79508,79508|79530|79541|79562|79602|79603|79605|79606|79608,PFBS,5.4,2000.0,False,3300,S,TX2210022
TX,STEAMBOAT MOUNTAIN WSC,STEAMBOAT MOUNTAIN WSC,79508,79508|79530|79541|79562|79602|79603|79605|79606|79608,PFHxS,5.0,10.0,False,3300,S,TX2210022
TX,TALTY SUD,TALTY SUD,75126,75126|75160,PFBS,4.9,2000.0,False,10000,L,TX1290025
TX,TALTY SUD,TALTY SUD,75126,75126|75160,PFOS,4.8,4.0,True,10000,L,TX1290025
TX,TANGLEWOOD ON TEXOMA,TANGLEWOOD ON TEXOMA,75076,75076,PFBS,10.2,2000.0,False,3300,S,TX0910052
TX,TANGLEWOOD ON TEXOMA,TANGLEWOOD ON TEXOMA,75076,75076,PFHxS,28.0,10.0,True,3300,S,TX0910052
TX,TBCD WEST TREATMENT PLANT,TBCD WEST TREATMENT PLANT,77514,77514|77560,PFBS,3.5,2000.0,False,3300,S,TX0360030
TX,TOWN OF ADDISON,TOWN OF ADDISON,75001,75001|75254,PFBS,4.8,2000.0,False,10000,L,TX0570031
TX,TOWN OF ANTHONY,TOWN OF ANTHONY,79821,79821,PFBS,28.7,2000.0,False,3300,S,TX0710001
TX,TOWN OF ANTHONY,TOWN OF ANTHONY,79821,79821,PFHxS,5.7,10.0,False,3300,S,TX0710001
TX,TOWN OF ANTHONY,TOWN OF ANTHONY,79821,79821,PFOA,29.1,4.0,True,3300,S,TX0710001
TX,TOWN OF ANTHONY,TOWN OF ANTHONY,79821,79821,PFOS,33.1,4.0,True,3300,S,TX0710001
TX,TOWN OF FLOWER MOUND,TOWN OF FLOWER MOUND,75022,75022|75028,PFBS,5.3,2000.0,False,10000,L,TX0610023
TX,TOWN OF FLOWER MOUND,TOWN OF FLOWER MOUND,75022,75022|75028,PFOA,4.4,4.0,True,10000,L,TX0610023
TX,TOWN OF HIGHLAND PARK,TOWN OF HIGHLAND PARK,75205,75205|75209,PFBS,6.1,2000.0,False,3300,S,TX0570049
TX,TOWN OF HIGHLAND PARK,TOWN OF HIGHLAND PARK,75205,75205|75209,PFHxS,3.6,10.0,False,3300,S,TX0570049
TX,TOWN OF LITTLE ELM,TOWN OF LITTLE ELM,75068,75068,PFBS,3.7,2000.0,False,10000,L,TX0610035
TX,TOWN OF PROSPER,TOWN OF PROSPER,75078,75078,PFBS,5.4,2000.0,False,10000,L,TX0430009
TX,TOWN OF PROSPER,TOWN OF PROSPER,75078,75078,PFHxS,5.2,10.0,False,10000,L,TX0430009
TX,TOWN OF PROSPER,TOWN OF PROSPER,75078,75078,PFOS,4.7,4.0,True,10000,L,TX0430009
TX,TOWN OF SUNNYVALE,TOWN OF SUNNYVALE,75182,75182,PFBS,5.3,2000.0,False,3300,S,TX0570059
TX,TRAVIS COUNTY WCID 10,TRAVIS COUNTY WCID 10,78665,78665,PFBS,3.1,2000.0,False,3300,S,TX2270182
TX,TRAVIS COUNTY WCID 10,TRAVIS COUNTY WCID 10,78665,78665,PFHxS,4.0,10.0,False,3300,S,TX2270182
TX,TRAVIS COUNTY WCID 10,TRAVIS COUNTY WCID 10,78665,78665,PFOS,5.5,4.0,True,3300,S,TX2270182
TX,US ARMY SOUTH FORT HOOD,US ARMY SOUTH FORT HOOD,76544,76544,PFBS,3.2,2000.0,False,10000,L,TX0140107
TX,US ARMY SOUTH FORT HOOD,US ARMY SOUTH FORT HOOD,76544,76544,PFHxS,4.0,10.0,False,10000,L,TX0140107
TX,WEST BELL COUNTY WSC,WEST BELL COUNTY WSC,76542,76542|76549,PFBS,8.8,2000.0,False,3300,S,TX0140105
TX,WEST BELL COUNTY WSC,WEST BELL COUNTY WSC,76542,76542|76549,PFHxS,7.4,10.0,False,3300,S,TX0140105
TX,WEST BELL COUNTY WSC,WEST BELL COUNTY WSC,76542,76542|76549,PFOS,5.9,4.0,True,3300,S,TX0140105
TX,WICKSON CREEK SUD,WICKSON CREEK SUD,77803,77803|77808|77840|77842|77845|77859,PFBS,3.6,2000.0,False,10000,L,TX0210005
TX,WILLIAMSON COUNTY MUD 10,WILLIAMSON COUNTY MUD 10,78665,78665,PFBS,3.0,2000.0,False,3300,S,TX2460145
TX,WILLIAMSON COUNTY WSID 3,WILLIAMSON COUNTY WSID 3,78665,78665,PFBS,3.5,2000.0,False,3300,S,TX2460152
TX,WILLIAMSON COUNTY WSID 3,WILLIAMSON COUNTY WSID 3,78665,78665,PFNA,5.0,10.0,False,3300,S,TX2460152
TX,WINDERMERE COMMUNITY,WINDERMERE COMMUNITY,78660,78660|78664,PFBS,9.2,2000.0,False,10000,L,TX2270161
TX,WINDERMERE COMMUNITY,WINDERMERE COMMUNITY,78660,78660|78664,PFHxS,6.5,10.0,False,10000,L,TX2270161
TX,WINDERMERE COMMUNITY,WINDERMERE COMMUNITY,78660,78660|78664,PFOS,7.5,4.0,True,10000,L,TX2270161
TX,WYLIE NORTHEAST SUD,WYLIE NORTHEAST SUD,75098,75098,PFBS,8.5,2000.0,False,3300,S,TX0430051
UT,BOUNTIFUL CITY WATER SYSTEM,BOUNTIFUL CITY WATER SYSTEM,84010,84010,PFBS,3.7,2000.0,False,10000,L,UTAH06015
UT,BRIGHAM CITY WATER SYSTEM,BRIGHAM CITY WATER SYSTEM,84302,84302,PFBS,4.9,2000.0,False,10000,L,UTAH02004
UT,CENTERVILLE CITY WATER SYSTEM,CENTERVILLE CITY WATER SYSTEM,84014,84014,PFBS,4.3,2000.0,False,10000,L,UTAH06001
UT,HILDALE - COLORADO CITY,HILDALE - COLORADO CITY,84784,84784|86021,PFBS,17.0,2000.0,False,3300,S,UTAH27006
UT,HILDALE - COLORADO CITY,HILDALE - COLORADO CITY,84784,84784|86021,PFHxS,22.0,10.0,True,3300,S,UTAH27006
UT,HILDALE - COLORADO CITY,HILDALE - COLORADO CITY,84784,84784|86021,PFOS,26.0,4.0,True,3300,S,UTAH27006
UT,MURRAY CITY WATER SYSTEM,MURRAY CITY WATER SYSTEM,84107,84107|84117|84123,PFBS,7.5,2000.0,False,10000,L,UTAH18024
UT,MURRAY CITY WATER SYSTEM,MURRAY CITY WATER SYSTEM,84107,84107|84117|84123,PFHxS,4.2,10.0,False,10000,L,UTAH18024
UT,MURRAY CITY WATER SYSTEM,MURRAY CITY WATER SYSTEM,84107,84107|84117|84123,PFOA,4.0,4.0,False,10000,L,UTAH18024
UT,PARK CITY WATER SYSTEM,PARK CITY WATER SYSTEM,84060,84060|84068,PFBS,4.3,2000.0,False,3300,S,UTAH22011
UT,PARK CITY WATER SYSTEM,PARK CITY WATER SYSTEM,84060,84060|84068,PFOA,4.8,4.0,True,3300,S,UTAH22011
UT,PARK CITY WATER SYSTEM,PARK CITY WATER SYSTEM,84060,84060|84068,PFOS,6.7,4.0,True,3300,S,UTAH22011
UT,SALT LAKE CITY WATER SYSTEM,SALT LAKE CITY WATER SYSTEM,84010,84010|84044|84047|84054|84092|84093|84101|84102|84103|84104|84105|84106|84107|84108|84109|84111|84112|84113|84115|84116|84117|84119|84120|84121|84124|84128|84138|84143|84150,PFHxS,18.2,10.0,True,10000,L,UTAH18026
UT,SALT LAKE CITY WATER SYSTEM,SALT LAKE CITY WATER SYSTEM,84010,84010|84044|84047|84054|84092|84093|84101|84102|84103|84104|84105|84106|84107|84108|84109|84111|84112|84113|84115|84116|84117|84119|84120|84121|84124|84128|84138|84143|84150,PFOS,7.1,4.0,True,10000,L,UTAH18026
UT,SOUTH DAVIS WATER DISTRICT,SOUTH DAVIS WATER DISTRICT,84010,84010|84054|84087,PFBS,3.1,2000.0,False,3300,S,UTAH06009
UT,SOUTH DAVIS WATER DISTRICT,SOUTH DAVIS WATER DISTRICT,84010,84010|84054|84087,PFHxS,12.0,10.0,True,3300,S,UTAH06009
UT,SYRACUSE CITY WATER SYSTEM,SYRACUSE CITY WATER SYSTEM,84075,84075,PFBS,3.6,2000.0,False,10000,L,UTAH06012
UT,WEST JORDAN CITY WATER SYSTEM,WEST JORDAN CITY WATER SYSTEM,84081,84081|84084|84088,PFBS,3.1,2000.0,False,10000,L,UTAH18020
UT,Woods Cross City Water,Woods Cross City Water,84087,84087,PFBS,3.8,2000.0,False,10000,L,UTAH06021
VA,"ALEXANDRIA, CITY OF","ALEXANDRIA, CITY OF",22301,22301|22302|22303|22304|22305|22306|22307|22308|22309|22310|22311|22312|22313|22314|22315|22320|22331|22332|22334,PFBS,3.5,2000.0,False,10000,L,VA6510010
VA,"ALTAVISTA, TOWN OF","ALTAVISTA, TOWN OF",24517,24517|24563,HFPO-DA (GenX),6.2,10.0,False,3300,S,VA5031050
VA,BEALETON REGIONAL,BEALETON REGIONAL,22712,22712,PFBS,18.8,2000.0,False,3300,S,VA6061129
VA,BEALETON REGIONAL,BEALETON REGIONAL,22712,22712,PFHxS,7.5,10.0,False,3300,S,VA6061129
VA,BEALETON REGIONAL,BEALETON REGIONAL,22712,22712,PFNA,5.0,10.0,False,3300,S,VA6061129
VA,BEALETON REGIONAL,BEALETON REGIONAL,22712,22712,PFOA,44.6,4.0,True,3300,S,VA6061129
VA,BEALETON REGIONAL,BEALETON REGIONAL,22712,22712,PFOS,31.1,4.0,True,3300,S,VA6061129
VA,CAROLINE UTILITY SYSTEM,CAROLINE UTILITY SYSTEM,22546,22546,PFHxS,3.2,10.0,False,3300,S,VA6033085
VA,DALE CITY,DALE CITY,20112,20112|22192|22193,PFBS,8.5,2000.0,False,10000,L,VA6153625
VA,DALE CITY,DALE CITY,20112,20112|22192|22193,PFOA,7.1,4.0,True,10000,L,VA6153625
VA,DALE CITY,DALE CITY,20112,20112|22192|22193,PFOS,5.7,4.0,True,10000,L,VA6153625
VA,"DANVILLE, CITY OF","DANVILLE, CITY OF",24540,24540|24541|24543,PFOA,9.1,4.0,True,10000,L,VA5590100
VA,FAIRFAX COUNTY WATER AUTHORITY,FAIRFAX COUNTY WATER AUTHORITY,20120,20120|20121|20124|20151|20153|20164|20170|20171|20190|20191|20192|20194|20195|22003|22015|22027|22030|22031|22032|22033|22035|22039|22041|22042|22043|22044|22046|22060|22066|22079|22101|22102|22122|22124|22150|22151|22152|22153|22180|22181|22182|22204|22206|22302|22303|22304|22306|22307|22308|22309|22310|22311|22312|22315,PFBS,8.1,2000.0,False,10000,L,VA6059501
VA,FAIRFAX COUNTY WATER AUTHORITY,FAIRFAX COUNTY WATER AUTHORITY,20120,20120|20121|20124|20151|20153|20164|20170|20171|20190|20191|20192|20194|20195|22003|22015|22027|22030|22031|22032|22033|22035|22039|22041|22042|22043|22044|22046|22060|22066|22079|22101|22102|22122|22124|22150|22151|22152|22153|22180|22181|22182|22204|22206|22302|22303|22304|22306|22307|22308|22309|22310|22311|22312|22315,PFOA,7.4,4.0,True,10000,L,VA6059501
VA,FAIRFAX COUNTY WATER AUTHORITY,FAIRFAX COUNTY WATER AUTHORITY,20120,20120|20121|20124|20151|20153|20164|20170|20171|20190|20191|20192|20194|20195|22003|22015|22027|22030|22031|22032|22033|22035|22039|22041|22042|22043|22044|22046|22060|22066|22079|22101|22102|22122|22124|22150|22151|22152|22153|22180|22181|22182|22204|22206|22302|22303|22304|22306|22307|22308|22309|22310|22311|22312|22315,PFOS,5.7,4.0,True,10000,L,VA6059501
VA,FORT BELVOIR,FORT BELVOIR,22060,22060,PFBS,7.6,2000.0,False,10000,L,VA6059450
VA,FORT BELVOIR,FORT BELVOIR,22060,22060,PFOA,7.7,4.0,True,10000,L,VA6059450
VA,FORT BELVOIR,FORT BELVOIR,22060,22060,PFOS,6.3,4.0,True,10000,L,VA6059450
VA,FORT BELVOIR NORTH AREA,FORT BELVOIR NORTH AREA,22060,22060,PFBS,8.3,2000.0,False,10000,L,VA6059455
VA,FORT BELVOIR NORTH AREA,FORT BELVOIR NORTH AREA,22060,22060,PFOA,7.3,4.0,True,10000,L,VA6059455
VA,FORT BELVOIR NORTH AREA,FORT BELVOIR NORTH AREA,22060,22060,PFOS,5.5,4.0,True,10000,L,VA6059455
VA,FORT EUSTIS,FORT EUSTIS,23604,23604,PFHxS,3.9,10.0,False,10000,L,VA3700100
VA,FREDERICK WATER,FREDERICK WATER,22602,22602|22603|22624|22630|22655|22656|22663,PFBS,6.9,2000.0,False,10000,L,VA2069250
VA,"HAMILTON, TOWN OF","HAMILTON, TOWN OF",20158,20158,PFBS,6.0,2000.0,False,3300,S,VA6107150
VA,"HAMILTON, TOWN OF","HAMILTON, TOWN OF",20158,20158,PFOA,6.1,4.0,True,3300,S,VA6107150
VA,"HAMILTON, TOWN OF","HAMILTON, TOWN OF",20158,20158,PFOS,4.6,4.0,True,3300,S,VA6107150
VA,LAKE LAND`OR,LAKE LAND`OR,22546,22546|22548,PFBS,5.4,2000.0,False,3300,S,VA6033450
VA,LAKE MONTICELLO,LAKE MONTICELLO,22963,22963,PFBS,3.7,2000.0,False,10000,L,VA2065480
VA,LANGLEY AIR FORCE BASE,LANGLEY AIR FORCE BASE,23665,23665,PFHxS,4.1,10.0,False,10000,L,VA3650350
VA,LANGLEY AIR FORCE BASE,LANGLEY AIR FORCE BASE,23665,23665,PFOS,5.6,4.0,True,10000,L,VA3650350
VA,"MEADOWS, THE","MEADOWS, THE",22734,22734,PFBS,4.5,2000.0,False,3300,S,VA6061505
VA,NATIONAL AIRPORT,NATIONAL AIRPORT,20001,20001,PFBS,4.0,2000.0,False,10000,L,VA6013080
VA,NCSA - WINTERGREEN,NCSA - WINTERGREEN,22922,22922,PFBS,6.3,2000.0,False,3300,S,VA2125910
VA,NCSA - WINTERGREEN,NCSA - WINTERGREEN,22922,22922,PFOA,12.0,4.0,True,3300,S,VA2125910
VA,NCSA - WINTERGREEN,NCSA - WINTERGREEN,22922,22922,PFOS,13.0,4.0,True,3300,S,VA2125910
VA,NEW BALTIMORE REGIONAL,NEW BALTIMORE REGIONAL,20187,20187,PFBS,5.6,2000.0,False,3300,S,VA6061318
VA,NEW BALTIMORE REGIONAL,NEW BALTIMORE REGIONAL,20187,20187,PFHxS,6.2,10.0,False,3300,S,VA6061318
VA,NEW BALTIMORE REGIONAL,NEW BALTIMORE REGIONAL,20187,20187,PFOA,4.9,4.0,True,3300,S,VA6061318
VA,NEW BALTIMORE REGIONAL,NEW BALTIMORE REGIONAL,20187,20187,PFOS,12.0,4.0,True,3300,S,VA6061318
VA,"NEWPORT NEWS, CITY OF","NEWPORT NEWS, CITY OF",23185,23185|23188|23601|23602|23603|23605|23606|23607|23608|23661|23662|23663|23664|23665|23666|23668|23669|23690|23692|23693|23696,PFHxS,5.0,10.0,False,10000,L,VA3700500
VA,"NEWPORT NEWS, CITY OF","NEWPORT NEWS, CITY OF",23185,23185|23188|23601|23602|23603|23605|23606|23607|23608|23661|23662|23663|23664|23665|23666|23668|23669|23690|23692|23693|23696,PFOS,6.1,4.0,True,10000,L,VA3700500
VA,"NORFOLK VA, CITY OF","NORFOLK VA, CITY OF",23501,23501|23502|23503|23504|23505|23506|23507|23508|23509|23510|23511|23513|23514|23515|23517|23518|23519|23523|23529|23551,PFOS,5.8,4.0,True,10000,L,VA3710100
VA,"PURCELLVILLE, TOWN OF","PURCELLVILLE, TOWN OF",20132,20132,PFBS,10.4,2000.0,False,3300,S,VA6107600
VA,"PURCELLVILLE, TOWN OF","PURCELLVILLE, TOWN OF",20132,20132,PFHxS,3.4,10.0,False,3300,S,VA6107600
VA,"PURCELLVILLE, TOWN OF","PURCELLVILLE, TOWN OF",20132,20132,PFOA,10.8,4.0,True,3300,S,VA6107600
VA,PWCSA - EAST,PWCSA - EAST,20112,20112|22025|22026|22125|22172|22191|22192|22193|22194|22195,PFBS,7.4,2000.0,False,10000,L,VA6153600
VA,PWCSA - EAST,PWCSA - EAST,20112,20112|22025|22026|22125|22172|22191|22192|22193|22194|22195,PFOA,7.9,4.0,True,10000,L,VA6153600
VA,PWCSA - EAST,PWCSA - EAST,20112,20112|22025|22026|22125|22172|22191|22192|22193|22194|22195,PFOS,6.3,4.0,True,10000,L,VA6153600
VA,QUANTICO MCB-CAMP BARRETT,QUANTICO MCB-CAMP BARRETT,22134,22134,PFHxS,3.1,10.0,False,3300,S,VA6153060
VA,QUANTICO MCB-CAMP BARRETT,QUANTICO MCB-CAMP BARRETT,22134,22134,PFOS,6.5,4.0,True,3300,S,VA6153060
VA,"ROUND HILL, TOWN OF","ROUND HILL, TOWN OF",20141,20141|20142,PFBS,8.3,2000.0,False,3300,S,VA6107650
VA,"ROUND HILL, TOWN OF","ROUND HILL, TOWN OF",20141,20141|20142,PFOA,5.6,4.0,True,3300,S,VA6107650
VA,"ROUND HILL, TOWN OF","ROUND HILL, TOWN OF",20141,20141|20142,PFOS,8.8,4.0,True,3300,S,VA6107650
VA,SHEETZ 221,SHEETZ 221,22712,22712,PFBS,4.2,2000.0,False,3300,S,VA6061515
VA,SHEETZ 221,SHEETZ 221,22712,22712,PFOS,4.4,4.0,True,3300,S,VA6061515
VA,STAFFORD COUNTY UTILITIES,STAFFORD COUNTY UTILITIES,22405,22405|22406|22554|22555|22556,PFHxS,3.0,10.0,False,10000,L,VA6179100
VA,STAFFORD COUNTY UTILITIES,STAFFORD COUNTY UTILITIES,22405,22405|22406|22554|22555|22556,PFOS,5.7,4.0,True,10000,L,VA6179100
VA,"WARRENTON, TOWN OF","WARRENTON, TOWN OF",20186,20186|20187,PFOA,4.6,4.0,True,10000,L,VA6061600
VA,WESTERN VIRGINIA WATER AUTHORITY,WESTERN VIRGINIA WATER AUTHORITY,24002,24002|24010|24011|24012|24013|24014|24015|24016|24017|24018|24019|24022|24037|24042|24065|24077|24083|24101|24153|24157|24175|24179,HFPO-DA (GenX),6.0,10.0,False,10000,L,VA2770900
VA,WESTERN VIRGINIA WATER AUTHORITY,WESTERN VIRGINIA WATER AUTHORITY,24002,24002|24010|24011|24012|24013|24014|24015|24016|24017|24018|24019|24022|24037|24042|24065|24077|24083|24101|24153|24157|24175|24179,PFOA,8.9,4.0,True,10000,L,VA2770900
VA,WESTERN VIRGINIA WATER AUTHORITY,WESTERN VIRGINIA WATER AUTHORITY,24002,24002|24010|24011|24012|24013|24014|24015|24016|24017|24018|24019|24022|24037|24042|24065|24077|24083|24101|24153|24157|24175|24179,PFOS,6.3,4.0,True,10000,L,VA2770900
VA,"WILLIAMSBURG, CITY OF","WILLIAMSBURG, CITY OF",23185,23185,PFHxS,3.1,10.0,False,10000,L,VA3830850
VI,NISKY CENTER,NISKY CENTER,00802,00802|00803,PFOA,5.2,4.0,True,3300,S,VI1000037
VT,BERLIN HEALTH  REHABILITATION CTR,BERLIN HEALTH  REHABILITATION CTR,05641,05641,PFOS,4.6,4.0,True,3300,S,VT0005529
VT,SPRINGFIELD WATER DEPT,SPRINGFIELD WATER DEPT,05151,05151|05156,PFBS,3.0,2000.0,False,3300,S,VT0005333
WA,AIRWAY HEIGHTS CITY OF,AIRWAY HEIGHTS CITY OF,99001,99001,PFHxS,3.2,10.0,False,3300,S,WA5300650
WA,ARLINGTON WATER DEPT,ARLINGTON WATER DEPT,98223,98223,PFHxS,4.9,10.0,False,10000,L,WA5302950
WA,ARTONDALE WATER SYSTEM,ARTONDALE WATER SYSTEM,98503,98503,PFBS,28.9,2000.0,False,3300,S,WA5303160
WA,ARTONDALE WATER SYSTEM,ARTONDALE WATER SYSTEM,98503,98503,PFHxS,55.8,10.0,True,3300,S,WA5303160
WA,ARTONDALE WATER SYSTEM,ARTONDALE WATER SYSTEM,98503,98503,PFOA,6.3,4.0,True,3300,S,WA5303160
WA,ARTONDALE WATER SYSTEM,ARTONDALE WATER SYSTEM,98503,98503,PFOS,153.6,4.0,True,3300,S,WA5303160
WA,Auburn City of,Auburn City of,98001,98001|98002|98030|98071|98092,PFBS,4.1,2000.0,False,10000,L,WA5303350
WA,BENTON CITY WATER,BENTON CITY WATER,99320,99320,PFBS,4.5,2000.0,False,3300,S,WA5305800
WA,BENTON CITY WATER,BENTON CITY WATER,99320,99320,PFHxS,14.3,10.0,True,3300,S,WA5305800
WA,BENTON CITY WATER,BENTON CITY WATER,99320,99320,PFOS,8.7,4.0,True,3300,S,WA5305800
WA,BONNEY LAKE WATER DEPARTMENT CITY,BONNEY LAKE WATER DEPARTMENT CITY,98391,98391,PFBS,4.7,2000.0,False,10000,L,WA5307650
WA,BREMERTON CITY OF,BREMERTON CITY OF,98310,98310|98311|98312|98337|98367,PFBS,4.9,2000.0,False,10000,L,WA5308200
WA,CAMAS MUNICIPAL WATER SEWER SYSTEM,CAMAS MUNICIPAL WATER SEWER SYSTEM,98607,98607,PFBS,3.8,2000.0,False,10000,L,WA5310800
WA,CAMAS MUNICIPAL WATER SEWER SYSTEM,CAMAS MUNICIPAL WATER SEWER SYSTEM,98607,98607,PFOA,4.4,4.0,True,10000,L,WA5310800
WA,CAMAS MUNICIPAL WATER SEWER SYSTEM,CAMAS MUNICIPAL WATER SEWER SYSTEM,98607,98607,PFOS,12.0,4.0,True,10000,L,WA5310800
WA,CENTRALIA PUBLIC WORKS - WATER,CENTRALIA PUBLIC WORKS - WATER,98531,98531,PFBS,4.2,2000.0,False,10000,L,WA5312200
WA,CENTRALIA PUBLIC WORKS - WATER,CENTRALIA PUBLIC WORKS - WATER,98531,98531,PFOS,5.8,4.0,True,10000,L,WA5312200
WA,CLARK PUBLIC UTILITIES,CLARK PUBLIC UTILITIES,98601,98601|98604|98606|98629|98642|98662|98663|98664|98665|98675|98682|98683|98684|98685|98686,PFBS,4.1,2000.0,False,10000,L,WA5313333
WA,CLARK PUBLIC UTILITIES,CLARK PUBLIC UTILITIES,98601,98601|98604|98606|98629|98642|98662|98663|98664|98665|98675|98682|98683|98684|98685|98686,PFHxS,5.3,10.0,False,10000,L,WA5313333
WA,CLARK PUBLIC UTILITIES,CLARK PUBLIC UTILITIES,98601,98601|98604|98606|98629|98642|98662|98663|98664|98665|98675|98682|98683|98684|98685|98686,PFOA,8.0,4.0,True,10000,L,WA5313333
WA,CLARK PUBLIC UTILITIES,CLARK PUBLIC UTILITIES,98601,98601|98604|98606|98629|98642|98662|98663|98664|98665|98675|98682|98683|98684|98685|98686,PFOS,8.4,4.0,True,10000,L,WA5313333
WA,COUPEVILLE TOWN OF,COUPEVILLE TOWN OF,98239,98239,PFBS,6.7,2000.0,False,3300,S,WA5315550
WA,COUPEVILLE TOWN OF,COUPEVILLE TOWN OF,98239,98239,PFHxS,3.8,10.0,False,3300,S,WA5315550
WA,COUPEVILLE TOWN OF,COUPEVILLE TOWN OF,98239,98239,PFOA,9.8,4.0,True,3300,S,WA5315550
WA,COVINGTON WATER DISTRICT,COVINGTON WATER DISTRICT,98010,98010|98038|98042|98051|98092,PFBS,14.0,2000.0,False,10000,L,WA5341650
WA,COVINGTON WATER DISTRICT,COVINGTON WATER DISTRICT,98010,98010|98038|98042|98051|98092,PFHxS,7.5,10.0,False,10000,L,WA5341650
WA,COVINGTON WATER DISTRICT,COVINGTON WATER DISTRICT,98010,98010|98038|98042|98051|98092,PFOS,8.6,4.0,True,10000,L,WA5341650
WA,CROSS VALLEY WATER DISTRICT,CROSS VALLEY WATER DISTRICT,98012,98012|98072|98272|98296,PFBS,9.4,2000.0,False,10000,L,WA5316270
WA,DEER PARK CITY OF,DEER PARK CITY OF,99006,99006,PFBS,3.1,2000.0,False,3300,S,WA5318500
WA,DEER PARK CITY OF,DEER PARK CITY OF,99006,99006,PFNA,4.3,10.0,False,3300,S,WA5318500
WA,DEER PARK CITY OF,DEER PARK CITY OF,99006,99006,PFOS,7.5,4.0,True,3300,S,WA5318500
WA,EAST SPOKANE WATER DIST 1,EAST SPOKANE WATER DIST 1,99212,99212,PFOS,5.5,4.0,True,3300,S,WA5321650
WA,FAIRCHILD AIR FORCE BASE,FAIRCHILD AIR FORCE BASE,99011,99011,PFBS,3.6,2000.0,False,3300,S,WA5324350
WA,FAIRCHILD AIR FORCE BASE,FAIRCHILD AIR FORCE BASE,99011,99011,PFHxS,17.0,10.0,True,3300,S,WA5324350
WA,FAIRCHILD AIR FORCE BASE,FAIRCHILD AIR FORCE BASE,99011,99011,PFOS,7.9,4.0,True,3300,S,WA5324350
WA,FIRCREST CITY OF,FIRCREST CITY OF,98466,98466,PFBS,5.4,2000.0,False,3300,S,WA5325150
WA,FIRGROVE MUTUAL INC,FIRGROVE MUTUAL INC,98338,98338|98373|98374|98375,PFBS,5.4,2000.0,False,10000,L,WA5325200
WA,FIRGROVE MUTUAL INC,FIRGROVE MUTUAL INC,98338,98338|98373|98374|98375,PFOA,4.4,4.0,True,10000,L,WA5325200
WA,FIRGROVE MUTUAL INC,FIRGROVE MUTUAL INC,98338,98338|98373|98374|98375,PFOS,8.6,4.0,True,10000,L,WA5325200
WA,FRUITLAND MUTUAL WATER COMPANY,FRUITLAND MUTUAL WATER COMPANY,98373,98373|98374,PFBS,5.1,2000.0,False,10000,L,WA5326800
WA,FRUITLAND MUTUAL WATER COMPANY,FRUITLAND MUTUAL WATER COMPANY,98373,98373|98374,PFOA,4.0,4.0,False,10000,L,WA5326800
WA,JBLM Lewis,JBLM Lewis,98433,98433,PFBS,5.4,2000.0,False,10000,L,WA5326050
WA,JBLM Lewis,JBLM Lewis,98433,98433,PFHxS,8.8,10.0,False,10000,L,WA5326050
WA,JBLM Lewis,JBLM Lewis,98433,98433,PFOA,6.8,4.0,True,10000,L,WA5326050
WA,JBLM Lewis,JBLM Lewis,98433,98433,PFOS,11.1,4.0,True,10000,L,WA5326050
WA,JBLM McChord Field,JBLM McChord Field,98433,98433,PFHxS,8.0,10.0,False,10000,L,WA5352200
WA,JBLM McChord Field,JBLM McChord Field,98433,98433,PFOS,5.3,4.0,True,10000,L,WA5352200
WA,KENNEWICK CITY OF,KENNEWICK CITY OF,99336,99336|99337|99338,PFBS,6.4,2000.0,False,10000,L,WA5338100
WA,KENNEWICK CITY OF,KENNEWICK CITY OF,99336,99336|99337|99338,PFHxS,10.6,10.0,True,10000,L,WA5338100
WA,KENNEWICK CITY OF,KENNEWICK CITY OF,99336,99336|99337|99338,PFOA,4.6,4.0,True,10000,L,WA5338100
WA,KENNEWICK CITY OF,KENNEWICK CITY OF,99336,99336|99337|99338,PFOS,11.5,4.0,True,10000,L,WA5338100
WA,KENT WATER DEPARTMENT,KENT WATER DEPARTMENT,98030,98030|98031|98032|98092,PFBS,3.4,2000.0,False,10000,L,WA5338150
WA,LACEY WATER DEPARTMENT,LACEY WATER DEPARTMENT,98503,98503|98506|98513|98516,PFBS,4.2,2000.0,False,10000,L,WA5343500
WA,LACEY WATER DEPARTMENT,LACEY WATER DEPARTMENT,98503,98503|98506|98513|98516,PFHxS,3.1,10.0,False,10000,L,WA5343500
WA,LAKEHAVEN WATER AND SEWER DISTRICT,LAKEHAVEN WATER AND SEWER DISTRICT,98001,98001|98003|98023|98063,PFBS,4.0,2000.0,False,10000,L,WA5341997
WA,LAKEHAVEN WATER AND SEWER DISTRICT,LAKEHAVEN WATER AND SEWER DISTRICT,98001,98001|98003|98023|98063,PFHxS,5.8,10.0,False,10000,L,WA5341997
WA,LAKEHAVEN WATER AND SEWER DISTRICT,LAKEHAVEN WATER AND SEWER DISTRICT,98001,98001|98003|98023|98063,PFOS,4.1,4.0,True,10000,L,WA5341997
WA,LAKEWOOD WATER DISTRICT,LAKEWOOD WATER DISTRICT,98496,98496|98498|98499,PFBS,3.7,2000.0,False,10000,L,WA5345550
WA,LAKEWOOD WATER DISTRICT,LAKEWOOD WATER DISTRICT,98496,98496|98498|98499,PFHxS,5.6,10.0,False,10000,L,WA5345550
WA,LAKEWOOD WATER DISTRICT,LAKEWOOD WATER DISTRICT,98496,98496|98498|98499,PFOS,5.9,4.0,True,10000,L,WA5345550
WA,LIBERTY LAKE SEWER & WATER DISTRICT,LIBERTY LAKE SEWER & WATER DISTRICT,99019,99019,PFBS,3.2,2000.0,False,10000,L,WA5347150
WA,MEDICAL LAKE CITY OF,MEDICAL LAKE CITY OF,99022,99022,PFHxS,5.3,10.0,False,3300,S,WA5353400
WA,MEDICAL LAKE CITY OF,MEDICAL LAKE CITY OF,99022,99022,PFOS,4.4,4.0,True,3300,S,WA5353400
WA,MILTON CITY OF,MILTON CITY OF,98354,98354|98371|98372,PFBS,3.7,2000.0,False,3300,S,WA5354950
WA,MINTERBROOK,MINTERBROOK,98503,98503,PFBS,3.9,2000.0,False,3300,S,WA5354740
WA,MODEL IRRIGATION DIST #18,MODEL IRRIGATION DIST #18,,,PFBS,3.0,2000.0,False,3300,S,WA5355550
WA,MODEL IRRIGATION DIST #18,MODEL IRRIGATION DIST #18,,,PFOA,4.2,4.0,True,3300,S,WA5355550
WA,MOSES LAKE CITY OF,MOSES LAKE CITY OF,98837,98837,PFBS,4.4,2000.0,False,10000,L,WA5356300
WA,MOSES LAKE CITY OF,MOSES LAKE CITY OF,98837,98837,PFHxS,54.1,10.0,True,10000,L,WA5356300
WA,MOSES LAKE CITY OF,MOSES LAKE CITY OF,98837,98837,PFOS,52.2,4.0,True,10000,L,WA5356300
WA,MOUNTAIN VIEW-EDGEWOOD WATER CO,MOUNTAIN VIEW-EDGEWOOD WATER CO,98371,98371|98372,PFBS,3.6,2000.0,False,3300,S,WA5356820
WA,Northwest Water Assoc.  Inc.,Northwest Water Assoc.  Inc.,98226,98226,PFBS,4.1,2000.0,False,3300,S,WA5362000
WA,OLYMPIA CITY OF,OLYMPIA CITY OF,98501,98501|98502|98506|98507,PFBS,4.8,2000.0,False,10000,L,WA5363450
WA,OLYMPIA CITY OF,OLYMPIA CITY OF,98501,98501|98502|98506|98507,PFOA,4.3,4.0,True,10000,L,WA5363450
WA,OLYMPIA CITY OF,OLYMPIA CITY OF,98501,98501|98502|98506|98507,PFOS,5.8,4.0,True,10000,L,WA5363450
WA,PARKLAND LIGHT & WATER COMPANY,PARKLAND LIGHT & WATER COMPANY,98387,98387|98444|98445|98448,PFBS,7.5,2000.0,False,10000,L,WA5366200
WA,PARKLAND LIGHT & WATER COMPANY,PARKLAND LIGHT & WATER COMPANY,98387,98387|98444|98445|98448,PFHxS,4.7,10.0,False,10000,L,WA5366200
WA,PARKLAND LIGHT & WATER COMPANY,PARKLAND LIGHT & WATER COMPANY,98387,98387|98444|98445|98448,PFOA,6.2,4.0,True,10000,L,WA5366200
WA,PARKLAND LIGHT & WATER COMPANY,PARKLAND LIGHT & WATER COMPANY,98387,98387|98444|98445|98448,PFOS,13.8,4.0,True,10000,L,WA5366200
WA,PARKVIEW TERRACE,PARKVIEW TERRACE,98503,98503,PFBS,4.4,2000.0,False,3300,S,WA5366215
WA,PEACOCK HILL,PEACOCK HILL,98503,98503,PFBS,16.0,2000.0,False,3300,S,WA5366637
WA,PEACOCK HILL,PEACOCK HILL,98503,98503,PFHxS,14.9,10.0,True,3300,S,WA5366637
WA,PUYALLUP CITY OF,PUYALLUP CITY OF,98371,98371|98372|98373|98374,PFBS,4.4,2000.0,False,10000,L,WA5370050
WA,QUIMPER,QUIMPER,98325,98325|98339|98358|98368,PFBS,3.1,2000.0,False,10000,L,WA5305783
WA,QUISTORFF,QUISTORFF,98503,98503,PFBS,35.0,2000.0,False,3300,S,WA5370550
WA,QUISTORFF,QUISTORFF,98503,98503,PFHxS,44.0,10.0,True,3300,S,WA5370550
WA,QUISTORFF,QUISTORFF,98503,98503,PFOS,12.0,4.0,True,3300,S,WA5370550
WA,REDMOND WATER SYSTEM CITY OF,REDMOND WATER SYSTEM CITY OF,98033,98033|98052|98053,PFBS,5.0,2000.0,False,10000,L,WA5371650
WA,REDMOND WATER SYSTEM CITY OF,REDMOND WATER SYSTEM CITY OF,98033,98033|98052|98053,PFOS,5.0,4.0,True,10000,L,WA5371650
WA,RENTON CITY OF,RENTON CITY OF,98055,98055|98056|98057|98058|98059|98178|98188,PFBS,3.0,2000.0,False,10000,L,WA5371850
WA,RICHLAND CITY OF,RICHLAND CITY OF,99352,99352|99354,PFBS,8.9,2000.0,False,10000,L,WA5372250
WA,RICHLAND CITY OF,RICHLAND CITY OF,99352,99352|99354,PFHxS,5.4,10.0,False,10000,L,WA5372250
WA,RICHLAND CITY OF,RICHLAND CITY OF,99352,99352|99354,PFOA,10.1,4.0,True,10000,L,WA5372250
WA,RICHLAND CITY OF,RICHLAND CITY OF,99352,99352|99354,PFOS,17.0,4.0,True,10000,L,WA5372250
WA,SAMMAMISH PLATEAU WATER & SEWER,SAMMAMISH PLATEAU WATER & SEWER,98029,98029|98053|98074|98075,PFBS,8.8,2000.0,False,10000,L,WA5340900
WA,SAMMAMISH PLATEAU WATER & SEWER,SAMMAMISH PLATEAU WATER & SEWER,98029,98029|98053|98074|98075,PFHxS,16.5,10.0,True,10000,L,WA5340900
WA,SAMMAMISH PLATEAU WATER & SEWER,SAMMAMISH PLATEAU WATER & SEWER,98029,98029|98053|98074|98075,PFOS,11.1,4.0,True,10000,L,WA5340900
WA,SEQUIM CITY OF,SEQUIM CITY OF,98382,98382,PFBS,5.8,2000.0,False,10000,L,WA5377620
WA,SOUTHWOOD WATER SYSTEM,SOUTHWOOD WATER SYSTEM,98371,98371|98372|98373|98374,PFBS,6.7,2000.0,False,10000,L,WA5382844
WA,SOUTHWOOD WATER SYSTEM,SOUTHWOOD WATER SYSTEM,98371,98371|98372|98373|98374,PFOA,6.2,4.0,True,10000,L,WA5382844
WA,SOUTHWOOD WATER SYSTEM,SOUTHWOOD WATER SYSTEM,98371,98371|98372|98373|98374,PFOS,8.9,4.0,True,10000,L,WA5382844
WA,SPANAWAY WATER COMPANY,SPANAWAY WATER COMPANY,98387,98387|98445|98446,PFBS,7.5,2000.0,False,10000,L,WA5382850
WA,SPANAWAY WATER COMPANY,SPANAWAY WATER COMPANY,98387,98387|98445|98446,PFHxS,3.7,10.0,False,10000,L,WA5382850
WA,SPANAWAY WATER COMPANY,SPANAWAY WATER COMPANY,98387,98387|98445|98446,PFOA,6.2,4.0,True,10000,L,WA5382850
WA,SPANAWAY WATER COMPANY,SPANAWAY WATER COMPANY,98387,98387|98445|98446,PFOS,8.3,4.0,True,10000,L,WA5382850
WA,SPOKANE CITY OF,SPOKANE CITY OF,99001,99001|99004|99021|99022|99026|99201|99202|99203|99204|99205|99207|99208|99212|99217|99218|99223|99224|99258|99260,PFBS,3.9,2000.0,False,10000,L,WA5383100
WA,SPOKANE CITY OF,SPOKANE CITY OF,99001,99001|99004|99021|99022|99026|99201|99202|99203|99204|99205|99207|99208|99212|99217|99218|99223|99224|99258|99260,PFOS,6.1,4.0,True,10000,L,WA5383100
WA,TACOMA WATER DIVISION CITY OF,TACOMA WATER DIVISION CITY OF,98022,98022|98023|98051|98321|98360|98371|98373|98374|98375|98387|98391|98402|98403|98404|98405|98406|98407|98408|98409|98416|98418|98421|98422|98424|98443|98444|98445|98446|98465|98466|98467|98499,PFBS,3.3,2000.0,False,10000,L,WA5386800
WA,TACOMA WATER DIVISION CITY OF,TACOMA WATER DIVISION CITY OF,98022,98022|98023|98051|98321|98360|98371|98373|98374|98375|98387|98391|98402|98403|98404|98405|98406|98407|98408|98409|98416|98418|98421|98422|98424|98443|98444|98445|98446|98465|98466|98467|98499,PFHxS,5.1,10.0,False,10000,L,WA5386800
WA,TRENTWOOD IRRIGATION DISTRICT 3,TRENTWOOD IRRIGATION DISTRICT 3,99216,99216|99217,PFBS,4.9,2000.0,False,3300,S,WA5389250
WA,TRENTWOOD IRRIGATION DISTRICT 3,TRENTWOOD IRRIGATION DISTRICT 3,99216,99216|99217,PFOA,5.1,4.0,True,3300,S,WA5389250
WA,TRENTWOOD IRRIGATION DISTRICT 3,TRENTWOOD IRRIGATION DISTRICT 3,99216,99216|99217,PFOS,12.0,4.0,True,3300,S,WA5389250
WA,TUMWATER CITY OF,TUMWATER CITY OF,98501,98501|98512,PFBS,6.8,2000.0,False,10000,L,WA5389700
WA,VANCOUVER CITY OF,VANCOUVER CITY OF,98660,98660|98661|98662|98664|98665|98668,PFBS,7.6,2000.0,False,10000,L,WA5391200
WA,VANCOUVER CITY OF,VANCOUVER CITY OF,98660,98660|98661|98662|98664|98665|98668,PFHxS,6.6,10.0,False,10000,L,WA5391200
WA,VANCOUVER CITY OF,VANCOUVER CITY OF,98660,98660|98661|98662|98664|98665|98668,PFOA,11.5,4.0,True,10000,L,WA5391200
WA,VANCOUVER CITY OF,VANCOUVER CITY OF,98660,98660|98661|98662|98664|98665|98668,PFOS,18.6,4.0,True,10000,L,WA5391200
WA,WASHOUGAL CITY OF,WASHOUGAL CITY OF,98671,98671,PFBS,3.3,2000.0,False,10000,L,WA5393400
WA,WASHOUGAL CITY OF,WASHOUGAL CITY OF,98671,98671,PFOS,7.9,4.0,True,10000,L,WA5393400
WA,WHITWORTH WATER DISTRICT 2,WHITWORTH WATER DISTRICT 2,99003,99003|99005|99021|99208|99218,PFBS,5.2,2000.0,False,10000,L,WA5396601
WA,WHITWORTH WATER DISTRICT 2,WHITWORTH WATER DISTRICT 2,99003,99003|99005|99021|99208|99218,PFOS,4.6,4.0,True,10000,L,WA5396601
WA,West Sound Utility District #1,West Sound Utility District #1,98366,98366|98367,PFHxS,8.0,10.0,False,10000,L,WA5302600
WA,West Sound Utility District #1,West Sound Utility District #1,98366,98366|98367,PFOA,5.7,4.0,True,10000,L,WA5302600
WI,BELOIT CITY OF,BELOIT CITY OF,53511,53511,PFBS,3.0,2000.0,False,10000,L,WI1540112
WI,BROOKFIELD WATER UTILITY,BROOKFIELD WATER UTILITY,53005,53005|53045|53072|53122,PFBS,4.7,2000.0,False,10000,L,WI2680253
WI,BROOKFIELD WATER UTILITY,BROOKFIELD WATER UTILITY,53005,53005|53045|53072|53122,PFHxS,3.2,10.0,False,10000,L,WI2680253
WI,CHIPPEWA FALLS WATERWORKS,CHIPPEWA FALLS WATERWORKS,54729,54729,PFBS,4.8,2000.0,False,10000,L,WI6090456
WI,CONCOR TOOL & MACHINE INC,CONCOR TOOL & MACHINE INC,54843,54843,PFBS,5.0,2000.0,False,3300,S,WI8581084
WI,CONCOR TOOL & MACHINE INC,CONCOR TOOL & MACHINE INC,54843,54843,PFOA,8.5,4.0,True,3300,S,WI8581084
WI,CONCOR TOOL & MACHINE INC,CONCOR TOOL & MACHINE INC,54843,54843,PFOS,6.7,4.0,True,3300,S,WI8581084
WI,EAST TROY WATERWORKS,EAST TROY WATERWORKS,53120,53120,PFBS,4.8,2000.0,False,3300,S,WI2650123
WI,EAU CLAIRE WATERWORKS,EAU CLAIRE WATERWORKS,54701,54701|54702|54703,PFBS,3.0,2000.0,False,10000,L,WI6180230
WI,EAU CLAIRE WATERWORKS,EAU CLAIRE WATERWORKS,54701,54701|54702|54703,PFHxS,11.0,10.0,True,10000,L,WI6180230
WI,"HARTFORD WATERWORKS, WI","HARTFORD WATERWORKS, WI",53027,53027,PFBS,3.2,2000.0,False,10000,L,WI2670110
WI,"HARTFORD WATERWORKS, WI","HARTFORD WATERWORKS, WI",53027,53027,PFHxS,6.1,10.0,False,10000,L,WI2670110
WI,"HARTFORD WATERWORKS, WI","HARTFORD WATERWORKS, WI",53027,53027,PFOA,6.8,4.0,True,10000,L,WI2670110
WI,"HARTFORD WATERWORKS, WI","HARTFORD WATERWORKS, WI",53027,53027,PFOS,5.5,4.0,True,10000,L,WI2670110
WI,HARTLAND WATERWORKS,HARTLAND WATERWORKS,53029,53029,PFBS,11.0,2000.0,False,3300,S,WI2680205
WI,HARTLAND WATERWORKS,HARTLAND WATERWORKS,53029,53029,PFHxS,3.6,10.0,False,3300,S,WI2680205
WI,HARTLAND WATERWORKS,HARTLAND WATERWORKS,53029,53029,PFOA,4.4,4.0,True,3300,S,WI2680205
WI,HARTLAND WATERWORKS,HARTLAND WATERWORKS,53029,53029,PFOS,4.6,4.0,True,3300,S,WI2680205
WI,KEWASKUM WATERWORKS,KEWASKUM WATERWORKS,53040,53040,PFBS,6.6,2000.0,False,3300,S,WI2670112
WI,KEWASKUM WATERWORKS,KEWASKUM WATERWORKS,53040,53040,PFOA,15.0,4.0,True,3300,S,WI2670112
WI,LA CROSSE WATERWORKS,LA CROSSE WATERWORKS,54601,54601|54603,PFBS,15.0,2000.0,False,10000,L,WI6320309
WI,LA CROSSE WATERWORKS,LA CROSSE WATERWORKS,54601,54601|54603,PFHxS,8.4,10.0,False,10000,L,WI6320309
WI,LA CROSSE WATERWORKS,LA CROSSE WATERWORKS,54601,54601|54603,PFOA,5.1,4.0,True,10000,L,WI6320309
WI,LA CROSSE WATERWORKS,LA CROSSE WATERWORKS,54601,54601|54603,PFOS,5.5,4.0,True,10000,L,WI6320309
WI,LAKE GENEVA UTILITY COMMISSION,LAKE GENEVA UTILITY COMMISSION,53147,53147,PFBS,6.0,2000.0,False,3300,S,WI2650066
WI,LAKE GENEVA UTILITY COMMISSION,LAKE GENEVA UTILITY COMMISSION,53147,53147,PFHxS,3.9,10.0,False,3300,S,WI2650066
WI,LAKE GENEVA UTILITY COMMISSION,LAKE GENEVA UTILITY COMMISSION,53147,53147,PFOA,4.7,4.0,True,3300,S,WI2650066
WI,MADISON WATER UTILITY,MADISON WATER UTILITY,53558,53558|53562|53593|53703|53704|53705|53706|53711|53713|53714|53715|53716|53717|53718|53719|53726,PFHxS,7.3,10.0,False,10000,L,WI1130224
WI,MARSHFIELD UTILITIES,MARSHFIELD UTILITIES,54449,54449,PFBS,3.2,2000.0,False,10000,L,WI7720165
WI,MARSHFIELD UTILITIES,MARSHFIELD UTILITIES,54449,54449,PFHxS,14.0,10.0,True,10000,L,WI7720165
WI,MARSHFIELD UTILITIES,MARSHFIELD UTILITIES,54449,54449,PFOS,14.0,4.0,True,10000,L,WI7720165
WI,MCFARLAND WATERWORKS,MCFARLAND WATERWORKS,53558,53558,PFHxS,3.7,10.0,False,3300,S,WI1130241
WI,MEDFORD WATERWORKS,MEDFORD WATERWORKS,54451,54451,PFHxS,5.2,10.0,False,3300,S,WI8610125
WI,MEDFORD WATERWORKS,MEDFORD WATERWORKS,54451,54451,PFOA,4.1,4.0,True,3300,S,WI8610125
WI,MONONA WATERWORKS,MONONA WATERWORKS,53716,53716,PFBS,5.3,2000.0,False,3300,S,WI1130245
WI,MONONA WATERWORKS,MONONA WATERWORKS,53716,53716,PFHxS,5.4,10.0,False,3300,S,WI1130245
WI,MT HOREB WATERWORKS,MT HOREB WATERWORKS,53572,53572,PFHxS,3.3,10.0,False,3300,S,WI1130247
WI,OCONOMOWOC WATERWORKS,OCONOMOWOC WATERWORKS,53066,53066,PFBS,4.6,2000.0,False,10000,L,WI2680227
WI,ONALASKA WATERWORKS,ONALASKA WATERWORKS,54650,54650,PFBS,4.2,2000.0,False,10000,L,WI6320327
WI,PALMYRA WATERWORKS,PALMYRA WATERWORKS,53156,53156,PFHxS,3.2,10.0,False,3300,S,WI1280112
WI,PALMYRA WATERWORKS,PALMYRA WATERWORKS,53156,53156,PFOS,6.2,4.0,True,3300,S,WI1280112
WI,PEWAUKEE CITY WATER AND SEWER UTILITY,PEWAUKEE CITY WATER AND SEWER UTILITY,53072,53072|53186|53187|53188,PFBS,27.0,2000.0,False,3300,S,WI2680214
WI,PEWAUKEE CITY WATER AND SEWER UTILITY,PEWAUKEE CITY WATER AND SEWER UTILITY,53072,53072|53186|53187|53188,PFHxS,69.0,10.0,True,3300,S,WI2680214
WI,PEWAUKEE CITY WATER AND SEWER UTILITY,PEWAUKEE CITY WATER AND SEWER UTILITY,53072,53072|53186|53187|53188,PFOA,8.5,4.0,True,3300,S,WI2680214
WI,PEWAUKEE CITY WATER AND SEWER UTILITY,PEWAUKEE CITY WATER AND SEWER UTILITY,53072,53072|53186|53187|53188,PFOS,12.0,4.0,True,3300,S,WI2680214
WI,PORTAGE WATERWORKS,PORTAGE WATERWORKS,53901,53901,PFHxS,8.1,10.0,False,10000,L,WI1110039
WI,PRAIRIE DU CHIEN WATERWORKS,PRAIRIE DU CHIEN WATERWORKS,53821,53821,PFHxS,4.7,10.0,False,3300,S,WI6120250
WI,PRAIRIE DU CHIEN WATERWORKS,PRAIRIE DU CHIEN WATERWORKS,53821,53821,PFOS,11.0,4.0,True,3300,S,WI6120250
WI,PRESCOTT WATERWORKS,PRESCOTT WATERWORKS,54021,54021,PFBS,4.5,2000.0,False,3300,S,WI6480243
WI,PRESCOTT WATERWORKS,PRESCOTT WATERWORKS,54021,54021,PFHxS,18.0,10.0,True,3300,S,WI6480243
WI,PRESCOTT WATERWORKS,PRESCOTT WATERWORKS,54021,54021,PFOA,9.9,4.0,True,3300,S,WI6480243
WI,REEDSBURG WATERWORKS,REEDSBURG WATERWORKS,53959,53959,PFHxS,4.4,10.0,False,3300,S,WI1570102
WI,RHINELANDER WATER & WASTEWATER,RHINELANDER WATER & WASTEWATER,54501,54501,PFOA,6.8,4.0,True,3300,S,WI7440126
WI,RIB MOUNTAIN SANITARY DIST,RIB MOUNTAIN SANITARY DIST,54401,54401,PFBS,3.8,2000.0,False,3300,S,WI7370660
WI,RIB MOUNTAIN SANITARY DIST,RIB MOUNTAIN SANITARY DIST,54401,54401,PFHxS,9.2,10.0,False,3300,S,WI7370660
WI,RIB MOUNTAIN SANITARY DIST,RIB MOUNTAIN SANITARY DIST,54401,54401,PFOA,5.2,4.0,True,3300,S,WI7370660
WI,RIB MOUNTAIN SANITARY DIST,RIB MOUNTAIN SANITARY DIST,54401,54401,PFOS,9.4,4.0,True,3300,S,WI7370660
WI,SAUKVILLE WATERWORKS,SAUKVILLE WATERWORKS,53024,53024|53074|53080,PFBS,29.0,2000.0,False,3300,S,WI2460134
WI,SAUKVILLE WATERWORKS,SAUKVILLE WATERWORKS,53024,53024|53074|53080,PFHxS,73.0,10.0,True,3300,S,WI2460134
WI,SAUKVILLE WATERWORKS,SAUKVILLE WATERWORKS,53024,53024|53074|53080,PFOA,4.2,4.0,True,3300,S,WI2460134
WI,SAUKVILLE WATERWORKS,SAUKVILLE WATERWORKS,53024,53024|53074|53080,PFOS,31.0,4.0,True,3300,S,WI2460134
WI,SCHOFIELD WATERWORKS,SCHOFIELD WATERWORKS,54403,54403|54474,PFBS,11.0,2000.0,False,3300,S,WI7370162
WI,SCHOFIELD WATERWORKS,SCHOFIELD WATERWORKS,54403,54403|54474,PFHxS,6.2,10.0,False,3300,S,WI7370162
WI,SCHOFIELD WATERWORKS,SCHOFIELD WATERWORKS,54403,54403|54474,PFOA,4.7,4.0,True,3300,S,WI7370162
WI,SHEBOYGAN TN WATERWORKS,SHEBOYGAN TN WATERWORKS,53044,53044|53081|53083,PFBS,4.2,2000.0,False,3300,S,WI4600403
WI,SHEBOYGAN TN WATERWORKS,SHEBOYGAN TN WATERWORKS,53044,53044|53081|53083,PFHxS,12.0,10.0,True,3300,S,WI4600403
WI,SLINGER WATER UTILITY,SLINGER WATER UTILITY,53086,53086,PFHxS,5.7,10.0,False,3300,S,WI2670116
WI,STOUGHTON WATERWORKS,STOUGHTON WATERWORKS,53589,53589,PFHxS,3.6,10.0,False,10000,L,WI1130078
WI,STURGEON BAY WATERWORKS,STURGEON BAY WATERWORKS,54235,54235,PFHxS,13.0,10.0,True,3300,S,WI4150526
WI,STURGEON BAY WATERWORKS,STURGEON BAY WATERWORKS,54235,54235,PFOS,4.2,4.0,True,3300,S,WI4150526
WI,TOMAH WATERWORKS,TOMAH WATERWORKS,54660,54660,PFHxS,5.7,10.0,False,3300,S,WI6420254
WI,TOMAHAWK WATERWORKS,TOMAHAWK WATERWORKS,54487,54487,PFOA,21.0,4.0,True,3300,S,WI7350127
WI,TOWN OF BROOKFIELD SAN DIST 4,TOWN OF BROOKFIELD SAN DIST 4,53045,53045|53186,PFBS,7.1,2000.0,False,3300,S,WI2680239
WI,VERONA WATERWORKS,VERONA WATERWORKS,53593,53593,PFBS,3.5,2000.0,False,10000,L,WI1130259
WI,WAUPACA WATERWORKS,WAUPACA WATERWORKS,54981,54981,PFBS,7.9,2000.0,False,3300,S,WI4690402
WI,WAUPACA WATERWORKS,WAUPACA WATERWORKS,54981,54981,PFOS,4.3,4.0,True,3300,S,WI4690402
WI,WEST BEND WATERWORKS,WEST BEND WATERWORKS,53090,53090|53095,PFBS,3.9,2000.0,False,10000,L,WI2670120
WI,WEST BEND WATERWORKS,WEST BEND WATERWORKS,53090,53090|53095,PFOA,6.5,4.0,True,10000,L,WI2670120
WI,WESTON MUNICIPAL UTILITIES,WESTON MUNICIPAL UTILITIES,54474,54474|54476,PFBS,22.0,2000.0,False,10000,L,WI7370163
WI,WESTON MUNICIPAL UTILITIES,WESTON MUNICIPAL UTILITIES,54474,54474|54476,PFHxS,5.8,10.0,False,10000,L,WI7370163
WI,WESTON MUNICIPAL UTILITIES,WESTON MUNICIPAL UTILITIES,54474,54474|54476,PFOA,5.9,4.0,True,10000,L,WI7370163
WI,WESTON MUNICIPAL UTILITIES,WESTON MUNICIPAL UTILITIES,54474,54474|54476,PFOS,13.0,4.0,True,10000,L,WI7370163
WV,BERKELEY CO P S W D-BUNKER HILL,BERKELEY CO P S W D-BUNKER HILL,25404,25404|25405|25413|25420|25427|25428|25440,PFBS,4.9,2000.0,False,10000,L,WV3300202
WV,BLUEWELL PSD,BLUEWELL PSD,24701,24701|24715|24724|24737|24747,PFBS,4.3,2000.0,False,3300,S,WV3302804
WV,BRIDGEPORT CITY OF,BRIDGEPORT CITY OF,26301,26301|26330,PFOA,5.0,4.0,True,10000,L,WV3301703
WV,CLAYWOOD PARK PSD,CLAYWOOD PARK PSD,26104,26104|26142|26143|26180|26184,PFOA,11.1,4.0,True,3300,S,WV3305402
WV,CORPORATION OF SHEPHERDSTOWN,CORPORATION OF SHEPHERDSTOWN,25443,25443,PFBS,3.6,2000.0,False,3300,S,WV3301933
WV,FOLLANSBEE HOOVERSON HEIGHTS,FOLLANSBEE HOOVERSON HEIGHTS,26035,26035|26037|26070,PFBS,3.3,2000.0,False,3300,S,WV3300512
WV,GREATER HARRISON PSD LOST CREEK MT CLARE,GREATER HARRISON PSD LOST CREEK MT CLARE,26385,26385,PFOA,4.8,4.0,True,3300,S,WV3301713
WV,HURRICANE CITY OF,HURRICANE CITY OF,25526,25526,PFBS,4.0,2000.0,False,3300,S,WV3304005
WV,LAVALETTE PSD,LAVALETTE PSD,25535,25535|25562|25701|25704,PFOA,4.4,4.0,True,3300,S,WV3305006
WV,LUBECK PSD,LUBECK PSD,26101,26101|26133|26150|26164|26181,HFPO-DA (GenX),8.0,10.0,False,10000,L,WV3305404
WV,LUBECK PSD,LUBECK PSD,26101,26101|26133|26150|26164|26181,PFOA,179.5,4.0,True,10000,L,WV3305404
WV,MARSHALL COUNTY PSD 1,MARSHALL COUNTY PSD 1,26003,26003|26031|26038,PFBS,3.7,2000.0,False,3300,S,WV3302606
WV,MARSHALL COUNTY PSD 1,MARSHALL COUNTY PSD 1,26003,26003|26031|26038,PFHxS,4.0,10.0,False,3300,S,WV3302606
WV,MARSHALL COUNTY PSD 4,MARSHALL COUNTY PSD 4,26033,26033|26038|26039|26041,PFBS,10.3,2000.0,False,3300,S,WV3302609
WV,MINERAL WELLS PSD,MINERAL WELLS PSD,25275,25275|26143|26150,PFOA,13.2,4.0,True,3300,S,WV3305405
WV,MOUNTAINEER PARK INC,MOUNTAINEER PARK INC,26034,26034,PFBS,5.9,2000.0,False,3300,S,WV3301520
WV,MOUNTAINEER PARK INC,MOUNTAINEER PARK INC,26034,26034,PFOA,12.2,4.0,True,3300,S,WV3301520
WV,NEW MARTINSVILLE,NEW MARTINSVILLE,26155,26155,PFBS,12.0,2000.0,False,3300,S,WV3305203
WV,NEW MARTINSVILLE,NEW MARTINSVILLE,26155,26155,PFHxS,84.1,10.0,True,3300,S,WV3305203
WV,NEW MARTINSVILLE,NEW MARTINSVILLE,26155,26155,PFOA,8.8,4.0,True,3300,S,WV3305203
WV,NEW MARTINSVILLE,NEW MARTINSVILLE,26155,26155,PFOS,121.8,4.0,True,3300,S,WV3305203
WV,OHIO COUNTY PSD,OHIO COUNTY PSD,15376,15376|15377|26003|26032|26036|26059|26060|26074,PFBS,3.7,2000.0,False,3300,S,WV3303508
WV,OHIO COUNTY PSD,OHIO COUNTY PSD,15376,15376|15377|26003|26032|26036|26059|26060|26074,PFHxS,4.7,10.0,False,3300,S,WV3303508
WV,PARKERSBURG UTILITY BOARD,PARKERSBURG UTILITY BOARD,26101,26101|26102|26103|26104|26105|26106,PFBS,3.4,2000.0,False,10000,L,WV3305407
WV,PARKERSBURG UTILITY BOARD,PARKERSBURG UTILITY BOARD,26101,26101|26102|26103|26104|26105|26106,PFOA,46.5,4.0,True,10000,L,WV3305407
WV,PENNSBORO,PENNSBORO,26415,26415,PFOA,11.7,4.0,True,3300,S,WV3304306
WV,PLEASANTS CO PSD,PLEASANTS CO PSD,26170,26170,PFBS,4.8,2000.0,False,3300,S,WV3303707
WV,PLEASANTS CO PSD,PLEASANTS CO PSD,26170,26170,PFOA,11.0,4.0,True,3300,S,WV3303707
WV,POINT PLEASANT WATER WORKS,POINT PLEASANT WATER WORKS,,,PFHxS,4.0,10.0,False,3300,S,WV3302710
WV,RAVENSWOOD MUNICIPAL WATER WORKS,RAVENSWOOD MUNICIPAL WATER WORKS,26164,26164,PFBS,9.9,2000.0,False,3300,S,WV3301810
WV,RAVENSWOOD MUNICIPAL WATER WORKS,RAVENSWOOD MUNICIPAL WATER WORKS,26164,26164,PFHxS,7.7,10.0,False,3300,S,WV3301810
WV,RAVENSWOOD MUNICIPAL WATER WORKS,RAVENSWOOD MUNICIPAL WATER WORKS,26164,26164,PFOA,4.8,4.0,True,3300,S,WV3301810
WV,RIPLEY CITY OF,RIPLEY CITY OF,25271,25271,PFOA,5.1,4.0,True,3300,S,WV3301811
WV,SHORTLINE PSD,SHORTLINE PSD,26301,26301|26348|26386|26426|26437|26448,PFOA,4.5,4.0,True,3300,S,WV3301722
WV,SOUTHERN JACKSON COUNTY P S D,SOUTHERN JACKSON COUNTY P S D,25271,25271,PFOA,5.3,4.0,True,3300,S,WV3301817
WV,UNION WILLIAMS P S D,UNION WILLIAMS P S D,26104,26104|26105|26170|26184|26187,PFOA,5.8,4.0,True,3300,S,WV3305410
WV,WALNUT GROVE UTILITIES,WALNUT GROVE UTILITIES,25414,25414|25425|25430|25432|25438|25442,PFBS,10.3,2000.0,False,3300,S,WV3301942
WV,WALNUT GROVE UTILITIES,WALNUT GROVE UTILITIES,25414,25414|25425|25430|25432|25438|25442,PFHxS,8.7,10.0,False,3300,S,WV3301942
WV,WALNUT GROVE UTILITIES,WALNUT GROVE UTILITIES,25414,25414|25425|25430|25432|25438|25442,PFNA,8.7,10.0,False,3300,S,WV3301942
WV,WALNUT GROVE UTILITIES,WALNUT GROVE UTILITIES,25414,25414|25425|25430|25432|25438|25442,PFOA,4.2,4.0,True,3300,S,WV3301942
WV,WALNUT GROVE UTILITIES,WALNUT GROVE UTILITIES,25414,25414|25425|25430|25432|25438|25442,PFOS,17.3,4.0,True,3300,S,WV3301942
WV,WASHINGTON PIKE PSD,WASHINGTON PIKE PSD,26070,26070,PFBS,5.6,2000.0,False,3300,S,WV3300515
WV,WASHINGTON PIKE PSD,WASHINGTON PIKE PSD,26070,26070,PFHxS,5.1,10.0,False,3300,S,WV3300515
WV,WASHINGTON PIKE PSD,WASHINGTON PIKE PSD,26070,26070,PFOA,4.1,4.0,True,3300,S,WV3300515
WV,WEIRTON AREA WATER BOARD,WEIRTON AREA WATER BOARD,26062,26062,PFBS,3.4,2000.0,False,10000,L,WV3300516
WV,WEIRTON AREA WATER BOARD,WEIRTON AREA WATER BOARD,26062,26062,PFHxS,7.0,10.0,False,10000,L,WV3300516
WV,WEIRTON AREA WATER BOARD,WEIRTON AREA WATER BOARD,26062,26062,PFOA,4.1,4.0,True,10000,L,WV3300516
WV,WEIRTON AREA WATER BOARD,WEIRTON AREA WATER BOARD,26062,26062,PFOS,8.2,4.0,True,10000,L,WV3300516
WV,"WELLSBURG, CITY OF","WELLSBURG, CITY OF",26070,26070,PFBS,4.8,2000.0,False,3300,S,WV3300517
WV,"WELLSBURG, CITY OF","WELLSBURG, CITY OF",26070,26070,PFHxS,5.2,10.0,False,3300,S,WV3300517
WV,"WELLSBURG, CITY OF","WELLSBURG, CITY OF",26070,26070,PFOA,4.6,4.0,True,3300,S,WV3300517
WV,WHEELING WATER,WHEELING WATER,15376,15376|26003|26032|26059|26060|26074,PFBS,3.7,2000.0,False,10000,L,WV3303516
WV,WHEELING WATER,WHEELING WATER,15376,15376|26003|26032|26059|26060|26074,PFHxS,3.3,10.0,False,10000,L,WV3303516
WV,WILLIAMSTOWN WATER DEPT,WILLIAMSTOWN WATER DEPT,26187,26187,PFBS,9.4,2000.0,False,3300,S,WV3305412
WV,WILLIAMSTOWN WATER DEPT,WILLIAMSTOWN WATER DEPT,26187,26187,PFHxS,31.3,10.0,True,3300,S,WV3305412
WV,WILLIAMSTOWN WATER DEPT,WILLIAMSTOWN WATER DEPT,26187,26187,PFOA,32.0,4.0,True,3300,S,WV3305412
WY,"JACKSON, TOWN OF","JACKSON, TOWN OF",83001,83001|83002,PFHxS,3.3,10.0,False,3300,S,WY5600213
WY,"RIVERTON, CITY OF","RIVERTON, CITY OF",82501,82501,PFBS,13.0,2000.0,False,10000,L,WY5600047
WY,"RIVERTON, CITY OF","RIVERTON, CITY OF",82501,82501,PFHxS,37.0,10.0,True,10000,L,WY5600047
WY,"RIVERTON, CITY OF","RIVERTON, CITY OF",82501,82501,PFOS,7.0,4.0,True,10000,L,WY5600047
